# https://github.com/mikedh/trimesh
mtllib material.mtl

o model.obj
usemtl material_0
v -0.12955900 0.00808000 -0.01489600
v -0.13145200 0.00755800 -0.01532800
v -0.13146800 0.00880400 -0.01406300
v -0.13377900 0.00708800 -0.01340600
v -0.13299100 0.00535100 -0.01575200
v -0.13374000 0.00444500 -0.01537800
v -0.13453300 0.00784600 -0.01024000
v -0.13414800 0.00411200 -0.01462600
v -0.13274100 0.00910900 -0.01218400
v -0.13388500 0.00161900 -0.01606500
v -0.13480700 0.00289900 -0.00858300
v -0.13422500 -0.00155000 -0.01548800
v -0.13135000 0.00444400 -0.01738500
v -0.13096100 0.00206700 -0.01826800
v -0.13281300 0.00253000 -0.01715800
v -0.13003000 0.00512200 -0.01729500
v -0.12989200 0.00180000 -0.01838900
v -0.12480700 0.00262200 -0.01710400
v -0.12492600 0.00551200 -0.01585500
v -0.11868900 0.00407800 -0.01498100
v -0.12402300 0.00164700 -0.01710800
v -0.13164100 -0.00018700 -0.01813800
v -0.13355800 0.00015800 -0.01672700
v -0.13345800 -0.00200700 -0.01638300
v -0.13086700 -0.00019800 -0.01845000
v -0.12892800 -0.00103600 -0.01818200
v -0.13105100 -0.00242500 -0.01785800
v -0.13357700 -0.00425700 -0.01493200
v -0.13357700 -0.00425700 -0.01493200
v -0.13200100 -0.00361000 -0.01680400
v -0.13085900 -0.00478200 -0.01672700
v -0.12845100 -0.00272900 -0.01753700
v -0.13423600 -0.00509800 -0.01343800
v -0.13487300 -0.00522100 -0.01105800
v -0.13444300 -0.00674300 -0.01116700
v -0.13179700 -0.00625100 -0.01510300
v -0.13179700 -0.00625100 -0.01510300
v -0.13251100 -0.00776200 -0.01254200
v -0.12986800 -0.00569800 -0.01582100
v -0.12780900 -0.00763000 -0.01288500
v -0.12780900 -0.00763000 -0.01288500
v -0.13105800 -0.00770100 -0.01368500
v -0.13105800 -0.00770100 -0.01368500
v -0.12313700 -0.00476700 -0.01523300
v -0.13162300 -0.00869700 -0.01180000
v -0.13508500 -0.00740600 -0.00801900
v -0.13270400 -0.00889100 -0.01025800
v -0.13357300 -0.00931800 -0.00729000
v -0.13173700 -0.00979700 -0.00907100
v -0.12982000 -0.00929200 -0.01025500
v -0.11984400 -0.00019700 -0.01611800
v -0.13449000 0.00972100 -0.00720600
v -0.13400700 0.00922900 -0.00982300
v -0.13268100 0.01032200 -0.01007900
v -0.13150700 0.01000400 -0.01219200
v -0.13006200 0.00986200 -0.01258800
v -0.13062000 0.01085100 -0.01100800
v -0.13149500 0.01158400 -0.00849800
v -0.13298800 0.01124500 -0.00653100
v -0.13520200 0.00898300 -0.00474100
v -0.13466800 0.01011100 -0.00452000
v -0.13258200 0.01200300 -0.00312100
v -0.13496200 0.01002400 -0.00115200
v -0.13171000 0.01221400 -0.00495400
v -0.13054500 0.01196100 -0.00653300
v -0.12877100 0.01145800 -0.00824600
v -0.12672300 0.01158100 -0.00550200
v -0.13109500 0.01217800 -0.00337600
v -0.12749000 0.01180800 -0.00337400
v -0.13291300 0.01139100 0.00077600
v -0.13123300 0.01190100 -0.00039800
v -0.13295800 0.01074800 0.00279600
v -0.13079400 0.01092600 0.00275500
v -0.12910000 0.01182300 -0.00108400
v -0.12673600 0.01112600 0.00074400
v -0.12673600 0.01112600 0.00074400
v -0.12743400 0.01019700 0.00343100
v -0.12743400 0.01019700 0.00343100
v -0.12780400 0.00877500 0.00582000
v -0.12780400 0.00877500 0.00582000
v -0.12365600 0.01014900 0.00280800
v -0.12495300 0.00856000 0.00587400
v -0.12495300 0.00856000 0.00587400
v -0.13525300 0.00633800 -0.00461900
v -0.13563800 -0.00182700 -0.00421000
v -0.13581800 0.00182500 -0.00429900
v -0.13588300 0.00831200 0.00051300
v -0.13642000 0.00084700 0.00419300
v -0.13565000 0.00294800 -0.00348200
v -0.13573500 0.00058600 -0.00183400
v -0.13624500 -0.00583000 -0.00016900
v -0.13540300 -0.00772000 -0.00502700
v -0.13582100 -0.00723100 -0.00114100
v -0.13356100 -0.00974100 -0.00200700
v -0.13458400 -0.00881700 -0.00379200
v -0.13395500 -0.00931100 -0.00039000
v -0.13611900 -0.00550100 0.00338100
v -0.13527000 -0.00712700 0.00248500
v -0.13417600 -0.00754300 0.00426400
v -0.13503900 0.00900200 0.00291400
v -0.13597000 0.00694300 0.00401300
v -0.13571100 0.00598400 0.00598900
v -0.13357100 0.00967600 0.00442400
v -0.13637400 0.00435200 0.00403900
v -0.13628800 0.00428100 0.00595500
v -0.13189300 0.00987900 0.00484800
v -0.13336500 0.00820400 0.00666100
v -0.13390700 0.00843100 0.00586200
v -0.13430800 0.00644600 0.00747600
v -0.13283200 0.00581600 0.00871700
v -0.13238800 0.00807700 0.00700300
v -0.12799100 0.00691600 0.00771700
v -0.12799100 0.00691600 0.00771700
v -0.12799100 0.00691600 0.00771700
v -0.13398600 0.00501100 0.00881100
v -0.13566800 0.00329000 0.00773800
v -0.13607100 0.00099800 0.00787800
v -0.13420500 0.00157000 0.00983400
v -0.13420500 0.00157000 0.00983400
v -0.13261700 0.00364000 0.00972000
v -0.13261700 0.00364000 0.00972000
v -0.13299100 0.00148800 0.01014800
v -0.12951000 0.00877600 0.00587300
v -0.12844300 0.00583200 0.00858200
v -0.12844300 0.00583200 0.00858200
v -0.12856800 0.00195400 0.01001400
v -0.13643300 -0.00004700 0.00691200
v -0.13641700 -0.00292200 0.00546900
v -0.13614400 -0.00163100 0.00700200
v -0.13566200 -0.00465300 0.00566200
v -0.13559300 -0.00346200 0.00688200
v -0.13412000 -0.00576400 0.00673900
v -0.13304400 -0.00658700 0.00635900
v -0.13304400 -0.00658700 0.00635900
v -0.13326800 -0.00835500 0.00363800
v -0.13485400 -0.00131200 0.00880200
v -0.13410100 -0.00304300 0.00871300
v -0.13372500 -0.00035900 0.00982400
v -0.13372500 -0.00035900 0.00982400
v -0.13273400 -0.00294400 0.00919200
v -0.13273400 -0.00294400 0.00919200
v -0.13341800 -0.00510800 0.00768800
v -0.13341800 -0.00510800 0.00768800
v -0.12989400 -0.00582700 0.00717800
v -0.12935800 -0.00373000 0.00874800
v -0.12830200 -0.00106900 0.00988200
v -0.12620000 0.00469700 0.00916000
v -0.12503800 0.00933700 -0.01162000
v -0.12243800 0.00801100 -0.01273600
v -0.11435100 0.00657600 -0.01212500
v -0.12490600 0.01062100 -0.00839400
v -0.12238600 0.01046500 -0.00830000
v -0.12463800 0.01123000 -0.00624600
v -0.12261100 0.01094900 -0.00584800
v -0.12015900 0.00900400 -0.01061800
v -0.12056700 0.01018500 -0.00796600
v -0.11980100 0.01092400 -0.00626000
v -0.11502900 0.00966500 -0.00823800
v -0.11038200 0.00871800 -0.00884700
v -0.11419200 0.00226900 -0.01440100
v -0.11345400 0.00046200 -0.01440600
v -0.11191200 0.00493800 -0.01285100
v -0.11315900 -0.00172900 -0.01415800
v -0.10777700 0.00203700 -0.01304900
v -0.10595800 0.00737000 -0.00954200
v -0.10625100 0.00533400 -0.01151300
v -0.10817600 0.00364100 -0.01273100
v -0.12427500 0.01141100 -0.00309400
v -0.12217500 0.01136600 -0.00336200
v -0.12357600 0.01098600 0.00046400
v -0.12357600 0.01098600 0.00046400
v -0.12097300 0.01118600 -0.00032800
v -0.12097300 0.01118600 -0.00032800
v -0.12077800 0.01111800 -0.00316600
v -0.12031600 0.01087000 -0.00112500
v -0.12031600 0.01087000 -0.00112500
v -0.11996300 0.01101200 -0.00470000
v -0.11799300 0.01043600 -0.00589200
v -0.11799300 0.01043600 -0.00589200
v -0.11975000 0.01038400 -0.00390500
v -0.11886300 0.01028500 -0.00516100
v -0.11958900 0.00952100 -0.00411200
v -0.11958900 0.00952100 -0.00411200
v -0.11546300 0.01030300 -0.00662500
v -0.11844200 0.00877800 -0.00538400
v -0.11844200 0.00877800 -0.00538400
v -0.11627600 0.00999300 -0.00614200
v -0.11656300 0.00807300 -0.00597000
v -0.11656300 0.00807300 -0.00597000
v -0.12010600 0.01039000 -0.00266900
v -0.11989400 0.00850300 -0.00369900
v -0.11989400 0.00850300 -0.00369900
v -0.11920700 0.00735100 -0.00483500
v -0.11936300 0.00473100 -0.00394800
v -0.11766800 0.00688200 -0.00574500
v -0.11871200 0.00429500 -0.00470500
v -0.11988700 0.00944100 -0.00247900
v -0.11971200 0.00982600 -0.00125900
v -0.11983600 0.00779400 -0.00123800
v -0.11983600 0.00779400 -0.00123800
v -0.11984800 0.00628200 -0.00298800
v -0.11935800 0.01056300 0.00062100
v -0.11935800 0.01056300 0.00062100
v -0.11931300 0.01044500 0.00232400
v -0.11931300 0.01044500 0.00232400
v -0.12111900 0.00903100 0.00501500
v -0.12111900 0.00903100 0.00501500
v -0.11931500 0.00995500 -0.00025800
v -0.11931500 0.00995500 -0.00025800
v -0.11931500 0.00995500 -0.00025800
v -0.11931500 0.00995500 -0.00025800
v -0.11842600 0.00985700 0.00070500
v -0.11842600 0.00985700 0.00070500
v -0.11735000 0.01031600 0.00177200
v -0.11714500 0.00953900 0.00135100
v -0.11714500 0.00953900 0.00135100
v -0.11884300 0.00508200 0.00024000
v -0.11771700 0.00559200 0.00104000
v -0.11461800 0.00607400 0.00179000
v -0.11495500 0.01016000 0.00205900
v -0.11200600 0.00958500 0.00224000
v -0.11200600 0.00958500 0.00224000
v -0.11368000 0.00986000 -0.00594900
v -0.11167500 0.00813400 -0.00516600
v -0.11146000 0.01005700 -0.00606300
v -0.10898000 0.00994900 -0.00586800
v -0.10990200 0.00964600 -0.00542200
v -0.11659600 0.00545000 -0.00557700
v -0.11742500 0.00488600 -0.00542500
v -0.11828700 -0.00018600 -0.00515100
v -0.11774700 -0.00163200 -0.00564400
v -0.11645300 0.00302700 -0.00573300
v -0.11368300 0.00539300 -0.00567700
v -0.11368300 0.00539300 -0.00567700
v -0.11328500 0.00304400 -0.00539100
v -0.10840700 0.00948900 -0.00505500
v -0.10955200 0.00794900 -0.00500600
v -0.10955200 0.00794900 -0.00500600
v -0.10760400 0.00842300 -0.00432500
v -0.10760400 0.00842300 -0.00432500
v -0.10796800 0.00630600 -0.00458100
v -0.10796800 0.00630600 -0.00458100
v -0.10796800 0.00630600 -0.00458100
v -0.10519100 0.00943300 -0.00579400
v -0.11006600 0.00192800 -0.00501600
v -0.10883400 0.00081300 -0.00458200
v -0.10883400 0.00081300 -0.00458200
v -0.10699900 0.00205600 -0.00344500
v -0.11066300 0.00874900 0.00227700
v -0.10663300 0.00962900 -0.00404100
v -0.10663300 0.00962900 -0.00404100
v -0.10696200 0.00979500 -0.00522600
v -0.10439100 0.01020900 -0.00206700
v -0.10643400 0.00881300 -0.00311300
v -0.10643400 0.00881300 -0.00311300
v -0.10243800 0.00973300 -0.00304700
v -0.10658100 0.00477100 -0.00340400
v -0.10613000 0.00530500 -0.00240600
v -0.10585600 0.00979100 -0.00244100
v -0.10603000 0.00903000 -0.00117200
v -0.10603000 0.00903000 -0.00117200
v -0.10573600 0.00980300 -0.00094800
v -0.10613700 0.00988700 0.00062800
v -0.10620900 0.00605900 -0.00067000
v -0.10684600 0.00914700 0.00076700
v -0.10684600 0.00914700 0.00076700
v -0.10658500 0.00394200 -0.00275100
v -0.11088400 0.00127200 0.00227800
v -0.10672500 0.00450300 -0.00131400
v -0.10711900 0.00282200 0.00082200
v -0.10708200 0.00439000 0.00120700
v -0.10767200 0.00026500 0.00126300
v -0.10701100 -0.00045700 -0.01301700
v -0.10432100 0.00640100 -0.01036900
v -0.10428400 0.00506600 -0.01103400
v -0.10446600 0.00224300 -0.01207900
v -0.10499500 0.00372300 -0.01155600
v -0.10250600 0.00305700 -0.01215500
v -0.10292700 0.00180000 -0.01253000
v -0.10888200 -0.00307100 -0.01284200
v -0.10463700 -0.00354300 -0.01165300
v -0.10436800 -0.00015900 -0.01236800
v -0.10442100 -0.00166900 -0.01219600
v -0.10258200 -0.00033700 -0.01277100
v -0.09791300 0.00100500 -0.01248000
v -0.09794500 -0.00108000 -0.01249200
v -0.10382700 -0.00534400 -0.01065100
v -0.10224100 -0.00327500 -0.01198800
v -0.09889400 -0.00298800 -0.01185600
v -0.10180700 0.00895900 -0.00561400
v -0.09895400 0.00782900 -0.00767300
v -0.10370000 0.00852100 -0.00712100
v -0.09629300 0.00884900 -0.00523800
v -0.09861600 0.00979100 -0.00146800
v -0.09728100 0.00592100 -0.00972400
v -0.09605900 0.00563500 -0.00926600
v -0.09637600 0.00672600 -0.00789300
v -0.09445000 0.00684700 -0.00837100
v -0.09558600 0.00806600 -0.00661600
v -0.09159600 0.00824100 -0.00556200
v -0.10185500 0.00576400 -0.01028900
v -0.09842200 0.00428900 -0.01127200
v -0.10768400 -0.00320300 -0.00367100
v -0.09545200 0.00390000 -0.01075400
v -0.09643300 0.00217500 -0.01204800
v -0.10683900 -0.00189800 -0.00122900
v -0.10704900 -0.00189400 0.00016600
v -0.08756900 0.00376200 -0.01064200
v -0.09294600 0.00254000 -0.01171000
v -0.09368600 0.00472600 -0.01055000
v -0.08843100 0.00610700 -0.00873300
v -0.08837300 0.00722700 -0.00710300
v -0.08967800 0.00761900 -0.00665900
v -0.08560400 0.00265300 -0.01050700
v -0.08735800 0.00120900 -0.01155500
v -0.08628300 0.00498400 -0.00899700
v -0.08711800 0.00640000 -0.00745500
v -0.08802200 0.00772800 -0.00530100
v -0.08515500 0.00596900 -0.00843500
v -0.08406500 0.00433100 -0.00993900
v -0.08580300 0.00762900 -0.00631400
v -0.08385900 0.00703600 -0.00715300
v -0.09487500 0.00203900 -0.01155800
v -0.09475700 -0.00017100 -0.01188400
v -0.09303800 0.00089800 -0.01214900
v -0.09497400 -0.00219900 -0.01160200
v -0.09323400 -0.00071800 -0.01216500
v -0.09269200 -0.00268000 -0.01155000
v -0.09620100 -0.00490400 -0.01018100
v -0.09463300 -0.00547100 -0.00974200
v -0.09687400 -0.00598700 -0.00862200
v -0.08778000 -0.00022100 -0.01172800
v -0.08816700 -0.00259000 -0.01111700
v -0.08887600 -0.00486100 -0.00982500
v -0.09041400 -0.00581100 -0.00905500
v -0.09667600 -0.00798500 -0.00653000
v -0.11361600 0.00911800 0.00499500
v -0.11512700 0.00738600 0.00712000
v -0.12040900 0.00709000 0.00732800
v -0.11237800 0.01001100 0.00287100
v -0.10978700 0.00920400 0.00227200
v -0.10978700 0.00920400 0.00227200
v -0.11017700 0.00989000 0.00292300
v -0.10791600 0.00945300 0.00193600
v -0.10791600 0.00945300 0.00193600
v -0.10773600 0.00982500 0.00220900
v -0.10768500 0.00987400 0.00287200
v -0.10920200 0.00577300 0.00231200
v -0.10520900 0.01010700 0.00136300
v -0.10805000 0.00839000 0.00175800
v -0.10331700 0.00985000 0.00107500
v -0.10619100 0.00848900 0.00584800
v -0.10197600 0.00919900 0.00396700
v -0.10136400 0.00988700 0.00044300
v -0.10790000 0.00595800 0.00184700
v -0.10852600 0.00246500 0.00211000
v -0.10720300 0.00683400 0.00810000
v -0.11002700 0.00453000 0.00962900
v -0.10177200 0.00823400 0.00659600
v -0.10173000 0.00750300 0.00765000
v -0.10620400 0.00534400 0.00924100
v -0.10715400 0.00354400 0.00960400
v -0.10337600 0.00453600 0.01025000
v -0.10530000 0.00315200 0.01065100
v -0.09745200 0.00965500 0.00215900
v -0.09501800 0.00975000 0.00062800
v -0.09499600 0.00944500 -0.00285000
v -0.09264800 0.00957400 -0.00155200
v -0.08993900 0.00908600 -0.00370500
v -0.09274800 0.00961200 0.00318300
v -0.08828600 0.00982400 0.00112500
v -0.08721400 0.00937100 0.00504100
v -0.09538500 0.00885200 0.00576200
v -0.10024200 0.00957500 0.00239500
v -0.09789100 0.00829800 0.00669000
v -0.09849800 0.00649700 0.00825900
v -0.09638100 0.00684600 0.00878000
v -0.09981700 0.00518300 0.01013000
v -0.09993500 0.00327600 0.01147300
v -0.08756600 0.00884900 -0.00374900
v -0.08813800 0.00957800 -0.00149400
v -0.08519100 0.00932200 -0.00255000
v -0.07993900 0.00780300 -0.00532700
v -0.08464300 0.00968300 -0.00029600
v -0.08154200 0.00982100 0.00352800
v -0.08209200 0.00942300 -0.00177500
v -0.07971200 0.00953700 -0.00101100
v -0.07923700 0.00841100 -0.00285200
v -0.07767900 0.00981300 0.00156700
v -0.08161500 0.00983900 0.00164900
v -0.09811400 0.00452000 0.01026900
v -0.09614500 0.00474800 0.01115600
v -0.09772100 0.00240900 0.01159800
v -0.09586600 0.00285900 0.01231000
v -0.09138300 0.00683000 0.00961800
v -0.09095000 0.00808300 0.00732700
v -0.09082600 0.00593100 0.01086500
v -0.08911500 0.00889100 0.00601900
v -0.08985300 0.00765200 0.00743700
v -0.08916400 0.00641200 0.00974600
v -0.09048800 0.00322800 0.01306400
v -0.09217100 0.00106300 0.01349400
v -0.08798000 0.00908900 0.00587500
v -0.08510700 0.00744500 0.00959700
v -0.08310800 0.00834900 0.00787700
v -0.08163700 0.00931600 0.00590200
v -0.08083900 0.00842400 0.00726100
v -0.07724300 0.00973600 0.00535000
v -0.07885300 0.00887100 0.00727500
v -0.08183400 0.00751900 0.01003700
v -0.08014200 0.00705800 0.01007400
v -0.07827200 0.00705400 0.01126500
v -0.07691700 0.00780700 0.01017500
v -0.08766400 0.00678900 0.01010500
v -0.08875300 0.00453100 0.01183800
v -0.08698000 0.00587400 0.01150600
v -0.08648600 0.00418500 0.01306000
v -0.08374600 0.00579900 0.01196900
v -0.08128300 0.00503200 0.01318400
v -0.08275400 0.00279800 0.01446700
v -0.08838800 0.00264500 0.01307700
v -0.08968800 0.00142300 0.01370000
v -0.08978000 -0.00078700 0.01395100
v -0.08820000 0.00005000 0.01383700
v -0.08677400 0.00135700 0.01429600
v -0.08661000 -0.00029600 0.01454900
v -0.08067200 0.00086400 0.01533900
v -0.08049400 0.00324400 0.01451000
v -0.07935300 0.00568000 0.01213300
v -0.07764700 0.00500600 0.01374000
v -0.07909000 0.00397000 0.01369800
v -0.08062000 -0.00086600 0.01535600
v -0.08667400 -0.00249200 0.01402600
v -0.08058700 -0.00303600 0.01467700
v -0.13235700 -0.01016100 -0.00660100
v -0.13144900 -0.01044000 -0.00579600
v -0.13285300 -0.01017200 -0.00415200
v -0.12975600 -0.01037400 -0.00379700
v -0.12944000 -0.00994800 -0.00738800
v -0.12590200 -0.00908000 -0.00926500
v -0.12590200 -0.00908000 -0.00926500
v -0.12523900 -0.00996100 -0.00468800
v -0.12190400 -0.00921700 -0.00809100
v -0.12190400 -0.00921700 -0.00809100
v -0.13240200 -0.01004200 -0.00109000
v -0.13041200 -0.00981300 -0.00020000
v -0.13264700 -0.00941700 0.00146300
v -0.13211400 -0.00846300 0.00359200
v -0.12684100 -0.00996300 -0.00281400
v -0.12243500 -0.01008200 -0.00181300
v -0.12294100 -0.00926800 0.00128600
v -0.12625600 -0.00975600 -0.00080100
v -0.12626700 -0.00878600 0.00259700
v -0.12177200 -0.00761800 -0.01135100
v -0.11719200 -0.00807800 -0.00981800
v -0.11674100 -0.00650700 -0.01190100
v -0.11721200 -0.00499300 -0.01355800
v -0.11446500 -0.00389700 -0.01360300
v -0.11187700 -0.00541300 -0.01209600
v -0.11708400 -0.00936900 -0.00740300
v -0.11708400 -0.00936900 -0.00740300
v -0.11584800 -0.00332400 -0.00571100
v -0.12007900 -0.00284200 -0.00349600
v -0.12000300 -0.00484800 -0.00427700
v -0.11910700 -0.00285600 -0.00507700
v -0.12007500 -0.00350500 -0.00310200
v -0.12057000 -0.00724600 -0.00272900
v -0.12005100 -0.00761100 -0.00411200
v -0.11724100 -0.00712500 -0.00584000
v -0.11889700 -0.00732200 -0.00536100
v -0.11940800 -0.00520000 -0.00500600
v -0.11796200 -0.00954900 -0.00668100
v -0.11796200 -0.00954900 -0.00668100
v -0.11557100 -0.00938400 -0.00667500
v -0.11132300 -0.00801400 -0.00890500
v -0.11380300 -0.00473700 -0.00529700
v -0.11472600 -0.00660900 -0.00584000
v -0.11814800 -0.00905000 -0.00600600
v -0.11814800 -0.00905000 -0.00600600
v -0.11814800 -0.00905000 -0.00600600
v -0.11633000 -0.00878200 -0.00620900
v -0.11633000 -0.00878200 -0.00620900
v -0.11107800 -0.00434200 -0.00536400
v -0.11345600 -0.00934600 -0.00622100
v -0.11269400 -0.00900200 -0.00577500
v -0.11269400 -0.00900200 -0.00577500
v -0.12143900 -0.00998900 -0.00486800
v -0.11966300 -0.00935700 -0.00522700
v -0.12065000 -0.00895600 -0.00141900
v -0.12065000 -0.00895600 -0.00141900
v -0.12072000 -0.00916800 -0.00341400
v -0.12072000 -0.00916800 -0.00341400
v -0.12125500 -0.00976400 -0.00346800
v -0.12102200 -0.00954100 -0.00153100
v -0.11967700 -0.00864800 -0.00476400
v -0.11967700 -0.00864800 -0.00476400
v -0.11898400 0.00223200 -0.00048500
v -0.11954500 -0.00009600 -0.00304000
v -0.11928700 0.00289600 -0.00319200
v -0.11837100 0.00015400 0.00024200
v -0.11775500 0.00226100 0.00085800
v -0.12564200 -0.00707000 0.00565300
v -0.12564200 -0.00707000 0.00565300
v -0.12402800 -0.00501400 0.00790100
v -0.12269900 -0.00257600 0.00946500
v -0.11943200 -0.00791100 0.00465200
v -0.11943200 -0.00791100 0.00465200
v -0.11950600 -0.00597600 0.00731900
v -0.11943600 -0.00065200 -0.00369100
v -0.12046200 -0.00650400 -0.00153900
v -0.11910400 -0.00343900 -0.00016100
v -0.11954800 -0.00470900 -0.00003800
v -0.11852500 -0.00396400 0.00066700
v -0.11722600 -0.00026000 0.00078700
v -0.11725100 -0.00424800 0.00118900
v -0.11950000 -0.00722500 0.00027100
v -0.11794700 -0.00847200 0.00133800
v -0.11134900 -0.00190600 -0.00522200
v -0.10877400 -0.00287300 -0.00441300
v -0.10877400 -0.00287300 -0.00441300
v -0.11615300 0.00144700 0.00139600
v -0.11464600 0.00143700 0.00163900
v -0.11099000 -0.00062900 0.00201000
v -0.11248800 -0.00356600 0.00201700
v -0.11404000 -0.00586800 0.00193500
v -0.11025000 -0.00137500 0.00203500
v -0.10894200 -0.00076500 0.00171900
v -0.10780000 -0.00270500 0.00129500
v -0.10931300 -0.00314900 0.00219400
v -0.11077400 -0.00558700 0.00240900
v -0.11279200 -0.00836000 0.00213200
v -0.10836300 -0.00561400 0.00191300
v -0.10992000 -0.00818400 0.00239700
v -0.12012200 -0.00893500 -0.00029200
v -0.12012200 -0.00893500 -0.00029200
v -0.12012200 -0.00893500 -0.00029200
v -0.12013500 -0.00943400 0.00098000
v -0.12013500 -0.00943400 0.00098000
v -0.11997600 -0.00916300 0.00239600
v -0.11997600 -0.00916300 0.00239600
v -0.11951600 -0.00905300 0.00054700
v -0.11951600 -0.00905300 0.00054700
v -0.11815900 -0.00918600 0.00169300
v -0.11815900 -0.00918600 0.00169300
v -0.11505000 -0.00919200 0.00265800
v -0.11505000 -0.00919200 0.00265800
v -0.11567300 -0.00798900 0.00514400
v -0.11379500 -0.00617800 0.00752100
v -0.11377700 -0.00897200 0.00223300
v -0.11096500 -0.00880500 0.00256200
v -0.11073000 -0.00909500 0.00302500
v -0.11073000 -0.00909500 0.00302500
v -0.11110000 -0.00865300 0.00438000
v -0.10993300 -0.00777500 0.00602100
v -0.10767800 -0.00921700 0.00330500
v -0.10753500 -0.00553900 -0.01126300
v -0.10446600 -0.00646400 -0.00981300
v -0.10972900 -0.00850400 -0.00785900
v -0.11045300 -0.00892200 -0.00542700
v -0.11045300 -0.00892200 -0.00542700
v -0.11019900 -0.00927300 -0.00576900
v -0.10736900 -0.00935000 -0.00536000
v -0.10306400 -0.00782000 -0.00763800
v -0.09870800 -0.00493300 -0.01058000
v -0.10101900 -0.00702600 -0.00865600
v -0.10808300 -0.00459200 -0.00457700
v -0.10808300 -0.00459200 -0.00457700
v -0.10712500 -0.00488100 -0.00373100
v -0.10724300 -0.00458700 -0.00232100
v -0.10821900 -0.00715400 -0.00442100
v -0.10821900 -0.00715400 -0.00442100
v -0.10663900 -0.00573900 -0.00269900
v -0.10918200 -0.00770600 -0.00488100
v -0.10779900 -0.00863700 -0.00424400
v -0.10779900 -0.00863700 -0.00424400
v -0.10779900 -0.00863700 -0.00424400
v -0.10910300 -0.00915800 -0.00528100
v -0.10910300 -0.00915800 -0.00528100
v -0.10745200 -0.00935900 -0.00446100
v -0.10745200 -0.00935900 -0.00446100
v -0.10721900 -0.00760400 -0.00339300
v -0.10663600 -0.00805600 -0.00165100
v -0.10662500 -0.00877000 -0.00205600
v -0.10662500 -0.00877000 -0.00205600
v -0.10626500 -0.00947500 -0.00197300
v -0.10419500 -0.00923500 -0.00415800
v -0.10092900 -0.00883600 -0.00484300
v -0.10530200 -0.00982900 -0.00203100
v -0.10693300 -0.00556900 0.00010700
v -0.10745900 -0.00434900 0.00115500
v -0.10670600 -0.00664200 -0.00070600
v -0.10781200 -0.00866200 0.00140500
v -0.10682200 -0.00865000 0.00006000
v -0.10682200 -0.00865000 0.00006000
v -0.10636800 -0.00956900 -0.00038000
v -0.10690100 -0.00927900 0.00096400
v -0.10690100 -0.00927900 0.00096400
v -0.10690100 -0.00927900 0.00096400
v -0.10593900 -0.00966100 0.00152300
v -0.10593900 -0.00966100 0.00152300
v -0.10886700 -0.00832100 0.00205500
v -0.10909700 -0.00889000 0.00238000
v -0.10835800 -0.00921300 0.00246100
v -0.10835800 -0.00921300 0.00246100
v -0.10319400 -0.00944700 -0.00173500
v -0.10340200 -0.00950300 0.00013400
v -0.10012300 -0.00950300 -0.00054300
v -0.10454200 -0.00913800 0.00277300
v -0.10454200 -0.00913800 0.00277300
v -0.10208400 -0.00904900 0.00352900
v -0.10208400 -0.00904900 0.00352900
v -0.09976800 -0.00927200 0.00231100
v -0.09800500 -0.00560200 -0.00992100
v -0.09904900 -0.00658500 -0.00866000
v -0.09138500 -0.00875700 -0.00428900
v -0.09518900 -0.00923400 -0.00255000
v -0.09389200 -0.00944600 0.00055000
v -0.08910100 -0.00656000 -0.00788700
v -0.08812500 -0.00723400 -0.00582500
v -0.08942200 -0.00871900 -0.00383600
v -0.08634500 -0.00943100 -0.00108600
v -0.08713200 -0.00887400 -0.00349300
v -0.12361100 0.00377300 0.00955500
v -0.11778700 0.00514100 0.00890300
v -0.12229700 0.00062900 0.01020100
v -0.11645100 -0.00158100 0.00995000
v -0.11801800 -0.00365100 0.00913400
v -0.11528400 0.00294600 0.00995900
v -0.11279600 0.00071000 0.01030000
v -0.10961400 -0.00439000 0.00937600
v -0.11500900 -0.00446700 0.00877500
v -0.11213000 -0.00303000 0.00977700
v -0.10913000 -0.00222200 0.01017900
v -0.10740000 -0.00245800 0.00985300
v -0.10716400 -0.00575000 0.00859800
v -0.10861200 0.00164200 0.01050000
v -0.10712000 0.00201000 0.01015400
v -0.10709400 0.00011600 0.01049300
v -0.10864800 -0.00069600 0.01057100
v -0.10563600 -0.00238000 0.01077300
v -0.10550900 0.00048200 0.01124700
v -0.10256700 0.00134300 0.01169900
v -0.10627000 -0.00457500 0.00936700
v -0.10485400 -0.00799500 0.00594300
v -0.10433700 -0.00661200 0.00797000
v -0.10258800 -0.00775900 0.00673900
v -0.09779000 -0.00803800 0.00659200
v -0.10112300 -0.00655800 0.00832400
v -0.09669500 -0.00854900 0.00578300
v -0.09669500 -0.00854900 0.00578300
v -0.10228600 -0.00058500 0.01184100
v -0.10009100 -0.00446300 0.01061800
v -0.09961100 -0.00286200 0.01160500
v -0.09791000 -0.00265200 0.01131400
v -0.09803600 -0.00412600 0.01043800
v -0.09619700 -0.00340400 0.01187900
v -0.09877900 -0.00666000 0.00773500
v -0.09946100 -0.00604300 0.00891700
v -0.09828700 -0.00549800 0.00921200
v -0.09676400 -0.00665200 0.00883100
v -0.09600000 -0.00487700 0.01090900
v -0.09231800 -0.00932800 0.00352400
v -0.09199800 -0.00867700 0.00599000
v -0.09199800 -0.00867700 0.00599000
v -0.08555100 -0.00964400 0.00243800
v -0.08983900 -0.00885700 0.00579100
v -0.08983900 -0.00885700 0.00579100
v -0.09078400 -0.00663400 0.00992200
v -0.08458700 -0.00934200 0.00527600
v -0.08458700 -0.00934200 0.00527600
v -0.08915400 -0.00632200 0.00975500
v -0.09000000 -0.00779400 0.00706000
v -0.08748000 -0.00746700 0.00930600
v -0.08731100 -0.00820700 0.00747600
v -0.08498700 -0.00768400 0.00925300
v -0.09935700 0.00025400 0.01232700
v -0.09769000 -0.00010900 0.01216400
v -0.09606200 -0.00013000 0.01301600
v -0.09014700 -0.00501900 0.01170500
v -0.08867100 -0.00427500 0.01208400
v -0.09025000 -0.00352500 0.01288700
v -0.08846100 -0.00191200 0.01328700
v -0.08728600 -0.00534400 0.01199700
v -0.08162800 -0.00623800 0.01204900
v -0.08125500 -0.00465500 0.01363900
v -0.07896900 0.00136900 0.01493400
v -0.07886600 -0.00041100 0.01513800
v -0.08544700 0.00008100 -0.01106900
v -0.08356200 0.00047300 -0.01131300
v -0.08349500 0.00180700 -0.01106500
v -0.07812700 0.00108500 -0.01072800
v -0.07843200 -0.00060000 -0.01085100
v -0.07824700 0.00403700 -0.00952700
v -0.07811400 0.00295800 -0.01014000
v -0.07659700 0.00406700 -0.00877100
v -0.07598000 0.00167100 -0.00986100
v -0.07604600 -0.00046300 -0.01020900
v -0.07452100 0.00141300 -0.01029200
v -0.07470000 -0.00109100 -0.01035000
v -0.07641200 -0.00263700 -0.00969000
v -0.08580200 -0.00247200 -0.01066200
v -0.08696100 -0.00505700 -0.00906900
v -0.08414500 -0.00078200 -0.01128900
v -0.08401100 -0.00290000 -0.01067000
v -0.08206200 -0.00260700 -0.01068800
v -0.08433000 -0.00499000 -0.00941100
v -0.08539600 -0.00720500 -0.00674000
v -0.08176600 -0.00564200 -0.00860900
v -0.07997200 -0.00722100 -0.00618800
v -0.07713100 -0.00485100 -0.00850600
v -0.08198400 -0.00918000 -0.00214800
v -0.07849800 -0.00712300 -0.00542600
v -0.07273500 -0.00025300 -0.01041100
v -0.07357200 -0.00308500 -0.00966500
v -0.07465600 -0.00528000 -0.00814900
v -0.05964500 0.00549200 -0.00630700
v -0.06093100 0.00785900 -0.00346100
v -0.05902800 0.00692400 -0.00377800
v -0.06218200 0.00875800 -0.00113900
v -0.06003500 0.00818900 -0.00161800
v -0.06106200 0.00877900 -0.00000500
v -0.06292200 0.00968100 0.00134700
v -0.06041400 0.00975500 0.00170600
v -0.05774100 0.00818600 -0.00246200
v -0.06230200 0.00995900 0.00410700
v -0.05753500 0.00984500 0.00237800
v -0.05998800 0.00989600 0.00670800
v -0.07758700 0.00658900 -0.00642900
v -0.07856600 0.00633300 -0.00749200
v -0.07519500 0.00561100 -0.00786800
v -0.07481000 0.00371800 -0.00933800
v -0.07135800 0.00480200 -0.00830500
v -0.06915000 0.00244200 -0.00943100
v -0.07556900 0.00712700 -0.00617100
v -0.06930900 0.00623200 -0.00670100
v -0.07757200 0.00898400 -0.00215600
v -0.07696700 0.00835300 -0.00394700
v -0.07664200 0.00967900 -0.00026500
v -0.07208200 0.00917600 -0.00093800
v -0.07041000 0.00803000 -0.00401200
v -0.06950300 0.00812700 -0.00267000
v -0.07947200 -0.00820200 -0.00315500
v -0.08027700 -0.00921500 -0.00178500
v -0.07636900 -0.00724400 -0.00596100
v -0.07778500 -0.00882900 -0.00249600
v -0.06875500 0.00374300 -0.00866200
v -0.06760800 0.00520800 -0.00693400
v -0.06679100 0.00320500 -0.00828400
v -0.06817200 0.00013000 -0.00973700
v -0.06837600 -0.00195900 -0.00945100
v -0.06957700 -0.00464600 -0.00824700
v -0.06641500 0.00109700 -0.00903000
v -0.06525300 0.00436100 -0.00790800
v -0.06503400 0.00184600 -0.00904300
v -0.05914800 0.00341600 -0.00773800
v -0.06467200 0.00018200 -0.00942300
v -0.06714300 -0.00354100 -0.00829000
v -0.06657600 -0.00123500 -0.00907300
v -0.06445500 -0.00193400 -0.00907900
v -0.06504100 -0.00362300 -0.00843300
v -0.06836900 0.00675600 -0.00504400
v -0.06601000 0.00671300 -0.00577600
v -0.06758900 0.00857000 -0.00258200
v -0.05882300 0.00149600 -0.00847000
v -0.06977900 -0.00665400 -0.00618600
v -0.07163500 -0.00823300 -0.00378000
v -0.06780700 -0.00502300 -0.00731600
v -0.06883600 -0.00716800 -0.00465600
v -0.06510600 -0.00583600 -0.00688700
v -0.06721200 -0.00791000 -0.00416000
v -0.07224000 -0.00891300 -0.00183400
v -0.07062700 -0.00863800 -0.00151900
v -0.07610000 -0.00957500 -0.00057100
v -0.07004300 -0.00966600 0.00025600
v -0.07868000 -0.00985200 0.00162500
v -0.06888200 -0.01005100 0.00226600
v -0.06712500 -0.00966300 0.00027500
v -0.06332500 -0.00925100 -0.00055500
v -0.07562000 0.00993900 0.00404400
v -0.07404300 0.00992100 0.00288300
v -0.07254100 0.00980000 0.00139900
v -0.07234500 0.00958500 0.00657500
v -0.07004500 0.00995300 0.00528600
v -0.07101800 0.00967000 0.00038700
v -0.07023500 0.00866800 -0.00107500
v -0.06911300 0.00896500 -0.00096200
v -0.06790100 0.00960800 0.00061100
v -0.06798900 0.00995600 0.00270400
v -0.07608200 0.00920400 0.00680200
v -0.07622400 0.00566600 0.01325800
v -0.07295500 0.00887100 0.00802400
v -0.07142000 0.00844100 0.00810500
v -0.07249600 0.00750900 0.01141700
v -0.07082900 0.00740700 0.01085000
v -0.06711000 0.00992800 0.00515600
v -0.06971600 0.00938800 0.00734300
v -0.06733000 0.00945000 0.00738400
v -0.06929200 0.00813300 0.01050700
v -0.07917200 -0.00328900 0.01427200
v -0.06466900 0.00988700 0.00330600
v -0.06105900 0.00961900 0.00800900
v -0.06118800 -0.01023200 0.00304300
v -0.06808700 -0.01015000 0.00446200
v -0.06835200 -0.00994400 0.00641400
v -0.06835200 -0.00994400 0.00641400
v -0.06373400 -0.01009000 0.00656000
v -0.06373400 -0.01009000 0.00656000
v -0.07019900 -0.00559900 0.01398800
v -0.07180400 -0.00643200 0.01340100
v -0.07089100 -0.00760500 0.01109800
v -0.06861000 -0.00769300 0.01222600
v -0.06928100 -0.00881900 0.00966300
v -0.06421600 -0.00896800 0.01031600
v -0.06487700 -0.00949800 0.00844500
v -0.06188600 -0.00981500 0.00795300
v -0.06225900 -0.00908700 0.00900900
v -0.05800400 0.00493300 -0.00603000
v -0.05696200 0.00607900 -0.00535300
v -0.05193300 0.00800700 -0.00200800
v -0.05122300 0.00700800 -0.00353100
v -0.05016100 0.00529600 -0.00525800
v -0.05603200 0.00413900 -0.00687100
v -0.05517500 0.00287100 -0.00754000
v -0.04939300 0.00330900 -0.00643500
v -0.04975200 0.00088200 -0.00738000
v -0.04899400 0.00589600 -0.00381100
v -0.04788900 0.00708700 -0.00297000
v -0.04701000 0.00522000 -0.00484800
v -0.04816800 0.00374100 -0.00561500
v -0.05399400 0.00922000 0.00080500
v -0.05391300 0.00972400 0.00271400
v -0.05181300 0.00948900 0.00199400
v -0.05624100 0.01006400 0.00558100
v -0.05095200 0.00849800 0.00041500
v -0.04933600 0.00948400 0.00187400
v -0.04998300 0.00717600 -0.00213800
v -0.04882900 0.00827300 -0.00099200
v -0.04275600 0.00797500 -0.00087200
v -0.04777600 0.00093000 -0.00662300
v -0.04647700 0.00244600 -0.00646800
v -0.04103200 0.00404300 -0.00488200
v -0.04211900 0.00177800 -0.00604900
v -0.04616100 0.00059100 -0.00688700
v -0.03970100 0.00226000 -0.00533200
v -0.04041700 -0.00013100 -0.00614300
v -0.04286300 -0.00099000 -0.00642600
v -0.04025100 0.00687900 -0.00144600
v -0.04149100 0.00642300 -0.00293100
v -0.03865600 0.00721700 -0.00146500
v -0.03921700 0.00478800 -0.00346500
v -0.03767500 0.00551000 -0.00319000
v -0.03444000 0.00440100 -0.00349800
v -0.03701900 0.00380300 -0.00439100
v -0.03262600 0.00659200 -0.00124300
v -0.03888400 0.00298500 -0.00452000
v -0.03654700 0.00196700 -0.00509000
v -0.03843600 0.00095900 -0.00516400
v -0.03870500 -0.00121500 -0.00526800
v -0.06029100 -0.00193800 -0.00860100
v -0.06141600 -0.00444400 -0.00746600
v -0.05869700 -0.00070700 -0.00860300
v -0.05711700 0.00080500 -0.00795200
v -0.05733500 -0.00120700 -0.00794300
v -0.05575400 -0.00055100 -0.00821900
v -0.05737200 0.00260500 -0.00738700
v -0.05516300 0.00089300 -0.00810400
v -0.05780000 -0.00324600 -0.00735800
v -0.05958500 -0.00550900 -0.00650700
v -0.05998400 -0.00651900 -0.00524700
v -0.05846300 -0.00569800 -0.00579500
v -0.05520500 -0.00283600 -0.00764200
v -0.05041100 -0.00117300 -0.00749900
v -0.05548500 -0.00510400 -0.00626400
v -0.05703000 -0.00689300 -0.00462400
v -0.05050900 -0.00520000 -0.00562700
v -0.05142800 -0.00663800 -0.00431000
v -0.06097200 -0.00721400 -0.00461500
v -0.05990600 -0.00788400 -0.00260100
v -0.06252200 -0.00871800 -0.00204100
v -0.05836400 -0.00841900 -0.00219800
v -0.04945900 -0.00313200 -0.00651700
v -0.06150800 -0.00889500 -0.00024700
v -0.05987600 -0.00961600 0.00069200
v -0.05362300 -0.00985000 0.00151000
v -0.06208900 -0.00988700 0.00111100
v -0.05261800 -0.00803800 -0.00241700
v -0.05986200 -0.01011500 0.00783900
v -0.05986200 -0.01011500 0.00783900
v -0.05730500 -0.01033200 0.00595400
v -0.06159700 -0.00800600 0.01199400
v -0.05254000 -0.01033600 0.00373900
v -0.05243500 -0.01038400 0.00709800
v -0.05466300 -0.00998100 0.00909300
v -0.05466300 -0.00998100 0.00909300
v -0.04787500 -0.00101800 -0.00667800
v -0.04638600 -0.00218900 -0.00661800
v -0.04816700 -0.00322000 -0.00608000
v -0.04685400 -0.00504500 -0.00527100
v -0.04515600 -0.00443300 -0.00548500
v -0.04905100 -0.00542200 -0.00467300
v -0.05036200 -0.00761600 -0.00199000
v -0.04811300 -0.00727700 -0.00317800
v -0.04270900 -0.00303800 -0.00588500
v -0.04033100 -0.00185800 -0.00581700
v -0.04060000 -0.00382700 -0.00501900
v -0.04154500 -0.00578900 -0.00395600
v -0.03913700 -0.00412100 -0.00429900
v -0.04263200 -0.00772800 -0.00175000
v -0.04155200 -0.00662700 -0.00301000
v -0.04014500 -0.00640300 -0.00236700
v -0.04619500 -0.00965100 0.00145800
v -0.04316900 -0.00912800 0.00088500
v -0.04114200 -0.00783500 -0.00039100
v -0.03844900 -0.00713500 -0.00205700
v -0.04163000 -0.00964100 0.00181000
v -0.05132100 -0.00864900 0.00006700
v -0.05043700 -0.00963800 0.00122500
v -0.04864200 -0.01011900 0.00284200
v -0.04645200 -0.01060600 0.00705200
v -0.04348600 -0.01026400 0.00379500
v -0.08266400 -0.00882800 0.00674400
v -0.07965800 -0.00940300 0.00583600
v -0.07767000 -0.00969500 0.00533200
v -0.07767000 -0.00969500 0.00533200
v -0.07462400 -0.00993900 0.00389600
v -0.08259000 -0.00778200 0.00953200
v -0.08068100 -0.00831200 0.00730900
v -0.08014100 -0.00730100 0.00979400
v -0.07871300 -0.00811900 0.00950700
v -0.07333800 -0.00920700 0.00758900
v -0.07287700 -0.00857400 0.00951700
v -0.07961300 -0.00590100 0.01206000
v -0.07812600 -0.00653600 0.01217900
v -0.07750600 -0.00512200 0.01384600
v -0.07280600 -0.00747400 0.01191900
v -0.07732600 -0.00329900 0.01505800
v -0.07076600 -0.00980600 0.00631200
v -0.07076600 -0.00980600 0.00631200
v -0.07152300 -0.00876500 0.00784900
v -0.03161200 0.00423700 -0.00324000
v -0.02955400 0.00257100 -0.00315200
v -0.03166100 0.00083600 -0.00457200
v -0.03670000 -0.00091700 -0.00543900
v -0.03096000 -0.00086500 -0.00443100
v -0.03215400 -0.00324300 -0.00398400
v -0.02942100 0.00015700 -0.00374500
v -0.02981300 -0.00177300 -0.00357000
v -0.02994100 -0.00304100 -0.00313300
v -0.02741800 -0.00115400 -0.00381500
v -0.02834500 -0.00340500 -0.00310500
v -0.03726000 -0.00330400 -0.00471000
v -0.03718800 -0.00502900 -0.00379500
v -0.03210900 -0.00571000 -0.00235900
v -0.03556000 -0.00951300 0.00211700
v -0.03061600 -0.00516200 -0.00202600
v -0.03107200 -0.00669000 -0.00037700
v -0.05669000 0.00952000 0.00874300
v -0.05305000 0.00993800 0.00721900
v -0.05131100 0.00948500 0.00982700
v -0.05399000 0.00886300 0.01085300
v -0.07197400 0.00545200 0.01417100
v -0.06351700 0.00830500 0.01111800
v -0.06357200 0.00893600 0.00920500
v -0.07029500 0.00601000 0.01312200
v -0.06899000 0.00634500 0.01345100
v -0.06792000 0.00692100 0.01299300
v -0.06973300 0.00373300 0.01521300
v -0.06294800 0.00685500 0.01368900
v -0.06803900 0.00499400 0.01505000
v -0.06302300 0.00457700 0.01603400
v -0.06791800 0.00312200 0.01627100
v -0.07338900 0.00337600 0.01551000
v -0.07732800 0.00230900 0.01544100
v -0.07103000 0.00035700 0.01674600
v -0.07711500 0.00020600 0.01591900
v -0.07726700 -0.00130400 0.01579500
v -0.07138700 -0.00119700 0.01661700
v -0.07104000 0.00287500 0.01596800
v -0.06961800 0.00142900 0.01622000
v -0.07285700 -0.00320100 0.01578500
v -0.07162900 -0.00468400 0.01506800
v -0.06977800 -0.00311200 0.01573600
v -0.06948400 -0.00085800 0.01643200
v -0.06809700 -0.00277800 0.01657400
v -0.06799700 -0.00021600 0.01717500
v -0.06794500 0.00184300 0.01682800
v -0.06219800 0.00855900 0.00932800
v -0.06159900 0.00777900 0.01128300
v -0.05950400 0.00737100 0.01326400
v -0.06097600 0.00617000 0.01405700
v -0.06225100 0.00592500 0.01479100
v -0.05878200 0.00516300 0.01602600
v -0.06078100 0.00473600 0.01556400
v -0.06045000 0.00319900 0.01667000
v -0.06202400 0.00281200 0.01719200
v -0.05421000 0.00799500 0.01291400
v -0.05315600 0.00632500 0.01558000
v -0.05865000 0.00236800 0.01780500
v -0.06013700 0.00106200 0.01752000
v -0.06842200 -0.00586200 0.01456500
v -0.06320900 -0.00754300 0.01330800
v -0.06781600 -0.00403600 0.01607500
v -0.06216300 -0.00514800 0.01605300
v -0.06059800 -0.00494800 0.01581700
v -0.06100100 -0.00651700 0.01421400
v -0.05979300 -0.00822800 0.01268100
v -0.05848000 -0.00607900 0.01576700
v -0.06179200 0.00099000 0.01780400
v -0.06429000 -0.00052800 0.01771600
v -0.06195200 -0.00255800 0.01746100
v -0.06167600 -0.00052100 0.01797000
v -0.05862200 -0.00013200 0.01840100
v -0.06015500 -0.00085800 0.01756500
v -0.06033600 -0.00312800 0.01699000
v -0.05863000 -0.00233900 0.01797500
v -0.05873900 -0.00446800 0.01699400
v -0.05282600 0.00385200 0.01776700
v -0.05263500 0.00229100 0.01858400
v -0.05556400 0.00067000 0.01864900
v -0.05268200 -0.00266900 0.01861300
v -0.05251400 0.01001800 0.00482100
v -0.04959400 0.01007600 0.00507300
v -0.04306100 0.00907400 0.00147900
v -0.04369600 0.00969700 0.00328500
v -0.04729000 0.00993200 0.00486200
v -0.04551800 0.01003200 0.00684900
v -0.04866300 0.00962100 0.01003100
v -0.05013300 0.00777000 0.01382500
v -0.04346900 0.00979500 0.00979300
v -0.04158400 0.01015500 0.00625000
v -0.04484000 0.00884900 0.01245400
v -0.04184500 0.00946100 0.01145800
v -0.04127300 0.00798800 0.00064200
v -0.03957500 0.00923500 0.00195400
v -0.03996700 0.00990700 0.00433800
v -0.03554800 0.00752800 -0.00042100
v -0.03272600 0.00838700 0.00116800
v -0.03836700 0.01033900 0.00738100
v -0.03440600 0.01012800 0.00571500
v -0.04060000 0.01018900 0.00883500
v -0.03173300 0.00891100 0.00222200
v -0.02591200 0.00956300 0.00523200
v -0.04183400 0.00866300 0.01306800
v -0.04283800 0.00769700 0.01392800
v -0.04410200 0.00681800 0.01602900
v -0.04244700 0.00652200 0.01576000
v -0.04044500 0.00662800 0.01667800
v -0.03699300 0.00997500 0.01054900
v -0.03782000 0.00881800 0.01363200
v -0.02873500 0.00989700 0.01097600
v -0.03201800 0.00914900 0.01339800
v -0.03559700 0.00646500 0.01715800
v -0.03417300 0.00809600 0.01528700
v -0.02787300 0.00854900 0.01495800
v -0.03091100 0.00758900 0.01636000
v -0.03425000 0.00532000 0.01841000
v -0.03306300 0.00607800 0.01703600
v -0.03107700 0.00482100 0.01913000
v -0.03264400 0.00399200 0.01899100
v -0.05260800 0.00833200 0.01125000
v -0.05222300 0.00749000 0.01295200
v -0.05164100 0.00650800 0.01466700
v -0.05480100 -0.00875000 0.01237300
v -0.05369400 -0.00738600 0.01485000
v -0.05135900 -0.01002100 0.00979600
v -0.05135900 -0.01002100 0.00979600
v -0.04826400 -0.01012000 0.01027700
v -0.04826400 -0.01012000 0.01027700
v -0.05270900 -0.00896500 0.01102100
v -0.05196900 -0.00757200 0.01398300
v -0.05065500 -0.00846600 0.01353300
v -0.05292300 -0.00501500 0.01733500
v -0.05137800 -0.00595900 0.01602500
v -0.04973300 -0.00691000 0.01601700
v -0.05117000 -0.00425200 0.01748600
v -0.04979300 -0.00567500 0.01711500
v -0.04661000 -0.00832500 0.01436900
v -0.04538200 -0.01003900 0.01106700
v -0.04538200 -0.01003900 0.01106700
v -0.04266200 -0.01065300 0.00823200
v -0.03982800 -0.01093100 0.00667800
v -0.04020700 -0.01083000 0.00878000
v -0.04425600 -0.00907700 0.01283400
v -0.04295900 -0.00868900 0.01319900
v -0.04241600 -0.00990100 0.01198000
v -0.04241600 -0.00990100 0.01198000
v -0.04416200 -0.00774300 0.01556900
v -0.04256100 -0.00752000 0.01532900
v -0.03574700 -0.01063100 0.01077900
v -0.04099100 -0.00940600 0.01330900
v -0.04099100 -0.00940600 0.01330900
v -0.03537000 -0.00952800 0.01388800
v -0.03537000 -0.00952800 0.01388800
v -0.05128000 0.00467200 0.01663600
v -0.04977100 0.00601500 0.01631600
v -0.04974700 0.00430700 0.01777900
v -0.05091900 0.00292200 0.01788500
v -0.05264500 -0.00042900 0.01911200
v -0.04950500 0.00237000 0.01878100
v -0.04643300 0.00236900 0.01928600
v -0.05083000 0.00021100 0.01880800
v -0.04923500 0.00044900 0.01939500
v -0.04366300 0.00381200 0.01889100
v -0.04351600 0.00479800 0.01816300
v -0.04469400 -0.00036000 0.02001100
v -0.04951200 -0.00135600 0.01930300
v -0.04860200 -0.00255900 0.01911700
v -0.04211500 0.00509100 0.01738800
v -0.04052800 0.00480900 0.01840600
v -0.04172300 0.00338600 0.01863900
v -0.04309000 0.00085800 0.02000000
v -0.04308000 -0.00132800 0.01999500
v -0.05098300 -0.00197100 0.01851600
v -0.04967700 -0.00408200 0.01829200
v -0.04372600 -0.00543500 0.01812900
v -0.04362000 -0.00350100 0.01928100
v -0.03640000 0.00524800 0.01842900
v -0.03990700 0.00228400 0.01988600
v -0.03426000 0.00301100 0.02013200
v -0.03399600 0.00139200 0.02065400
v -0.04153000 0.00156300 0.01942300
v -0.04147600 0.00003400 0.01968000
v -0.04005100 0.00077100 0.02025300
v -0.04043000 -0.00070300 0.02024200
v -0.04176500 -0.00329800 0.01903300
v -0.04155500 -0.00108900 0.01965300
v -0.04004800 -0.00314600 0.01983200
v -0.03650600 -0.00029400 0.02071400
v -0.03473400 -0.00217200 0.02063700
v -0.03753700 -0.00479700 0.01922800
v -0.03509400 -0.00651800 0.01802300
v -0.03436800 -0.00517800 0.01914000
v -0.03355500 -0.00013100 0.02085000
v -0.03227400 -0.00083600 0.02048400
v -0.03385900 -0.00338500 0.02024700
v -0.03255200 -0.00349400 0.01974300
v -0.04211000 -0.00564400 0.01750500
v -0.04051400 -0.00602100 0.01795400
v -0.04064100 -0.00771700 0.01595300
v -0.03457200 -0.00827000 0.01572400
v -0.03083300 0.00267300 0.02049100
v -0.03241100 0.00170500 0.02018900
v -0.03066900 0.00139600 0.02093500
v -0.03107800 -0.00104000 0.02106300
v -0.01987900 0.00716000 0.00184900
v -0.02537900 0.00843100 0.00262800
v -0.03018600 0.00473200 -0.00191100
v -0.03119800 0.00680000 0.00010800
v -0.02888200 0.00804300 0.00099400
v -0.02880500 0.00568700 -0.00148700
v -0.02800600 0.00327700 -0.00300900
v -0.02566100 0.00511600 -0.00132700
v -0.02278500 0.00360900 -0.00192000
v -0.02231400 0.00473100 -0.00095100
v -0.02742100 0.00174000 -0.00358200
v -0.02290400 0.00049700 -0.00302700
v -0.02309100 0.00651300 0.00028200
v -0.02055900 0.00541800 -0.00036900
v -0.01559300 0.00476300 -0.00010200
v -0.01211100 0.00538600 0.00130200
v -0.01226100 0.00360000 -0.00015400
v -0.02038500 0.00155200 -0.00190100
v -0.02163800 -0.00089800 -0.00274800
v -0.02039400 -0.00067100 -0.00219800
v -0.01845200 0.00150900 -0.00194400
v -0.02525700 -0.00397200 -0.00229400
v -0.02273500 -0.00320500 -0.00234700
v -0.02095000 -0.00313900 -0.00149900
v -0.02231300 -0.00500600 -0.00100900
v -0.01805400 -0.00012700 -0.00222400
v -0.01616900 -0.00117800 -0.00189500
v -0.01840600 -0.00250600 -0.00188900
v -0.02051000 -0.00553500 -0.00064600
v -0.01763800 -0.00492600 -0.00070600
v -0.01725800 0.00325600 -0.00129100
v -0.01476000 0.00021100 -0.00179100
v -0.01027400 0.00193700 -0.00055800
v -0.01319400 -0.00295600 -0.00099200
v -0.01430100 -0.00742200 0.00266900
v -0.01419800 -0.00536000 0.00038500
v -0.01978300 0.00945100 0.00755600
v -0.01568700 0.00853700 0.00612000
v -0.02456100 0.00985500 0.00888100
v -0.01735300 0.00948200 0.00958500
v -0.02576600 0.00963700 0.01200300
v -0.01951000 0.00944600 0.01206800
v -0.01977400 0.00818800 0.01559500
v -0.01698000 0.00901600 0.01308700
v -0.01425300 0.00732800 0.00346700
v -0.01521000 0.00909800 0.00912900
v -0.01523100 0.00914300 0.01163400
v -0.01259100 0.00885900 0.01053100
v -0.00921400 0.00847500 0.00834200
v -0.00735000 0.00735000 0.00514500
v -0.00680600 0.00803600 0.00739600
v -0.03546800 -0.01052400 0.00486600
v -0.03281500 -0.00842600 0.00065000
v -0.02923500 -0.00610400 -0.00134600
v -0.03055500 -0.00845600 0.00088500
v -0.02758600 -0.00899600 0.00234000
v -0.02472500 -0.01003200 0.00573000
v -0.02797000 -0.01057400 0.00774000
v -0.02381500 -0.00688000 0.00010100
v -0.01851300 -0.01022400 0.00874100
v -0.01657300 -0.00864900 0.00442800
v -0.01737300 -0.00942800 0.00660100
v -0.02576900 -0.01032300 0.01193400
v -0.03281400 -0.00543200 0.01851400
v -0.03326100 -0.00722900 0.01656600
v -0.03128800 -0.00547300 0.01923900
v -0.03078100 -0.00299700 0.02063300
v -0.02563500 -0.00516900 0.01982600
v -0.02764700 -0.00799100 0.01713700
v -0.02764700 -0.00799100 0.01713700
v -0.02403200 -0.00628200 0.01922300
v -0.02655700 -0.00962400 0.01426500
v -0.03233300 -0.00856600 0.01570600
v -0.01890000 -0.01009500 0.01190800
v -0.01416500 -0.00967400 0.00933000
v -0.01603600 -0.00990800 0.00994900
v -0.01873600 -0.00880900 0.01585400
v -0.01669800 -0.00966000 0.01282400
v -0.01313500 -0.00954700 0.01060400
v -0.01562000 -0.00900200 0.01534400
v -0.01004300 -0.00854300 0.01640100
v -0.01066900 -0.00098600 -0.00111600
v -0.00382100 0.00080600 0.00035800
v -0.00746000 -0.00396200 0.00060400
v -0.00591600 -0.00579400 0.00219800
v -0.00707200 0.00440300 0.00129600
v -0.00587100 0.00620000 0.00329900
v -0.00131800 0.00439800 0.00224700
v -0.00077800 0.00270500 0.00152800
v -0.00042600 -0.00028000 0.00085800
v -0.00042400 0.00683700 0.00520700
v -0.00449800 0.00827100 0.01017000
v -0.00875900 0.00863800 0.01141300
v -0.00066300 0.00788800 0.00871200
v 0.00179100 0.00675900 0.00492400
v 0.00174400 0.00527000 0.00312100
v -0.00022000 0.00587600 0.00362700
v 0.00185100 0.00369500 0.00214900
v -0.00528400 -0.00030600 -0.00001600
v -0.00276900 -0.00272600 0.00091900
v -0.00361600 -0.00495500 0.00180000
v -0.00728900 -0.00751400 0.00408000
v -0.01002100 -0.00837600 0.00545700
v -0.00357100 -0.00727700 0.00427100
v -0.00419900 -0.00831000 0.00702400
v 0.00137000 -0.00015100 0.00088900
v 0.00405200 -0.00008200 0.00177400
v 0.00373400 -0.00239700 0.00201200
v 0.00454500 0.00435500 0.00314900
v 0.00456000 0.00552600 0.00412800
v 0.00383900 0.00658000 0.00591200
v 0.00882900 0.00649800 0.00614800
v 0.00431300 0.00262700 0.00239000
v 0.01432200 0.00297400 0.00368600
v 0.01313700 -0.00357200 0.00348400
v 0.01434400 -0.00063300 0.00344300
v 0.00095600 -0.00366600 0.00164800
v 0.00041800 -0.00558100 0.00258800
v 0.00403000 -0.00440000 0.00267900
v 0.00069500 -0.00687200 0.00398200
v 0.00436300 -0.00628400 0.00397200
v 0.00048200 -0.00834100 0.00784700
v -0.00021200 -0.00873700 0.00972900
v 0.00102000 -0.00753900 0.00503500
v 0.00291500 -0.00702500 0.00476200
v 0.01418700 -0.00470200 0.00406900
v 0.00344000 -0.00777700 0.00718900
v 0.01104700 -0.00780500 0.00779000
v -0.01299100 -0.00929000 0.00809300
v -0.01033700 -0.00933300 0.00908900
v -0.01033500 -0.00942200 0.01232800
v -0.00721900 -0.00914100 0.00967500
v -0.00434700 -0.00908900 0.01113200
v -0.00574500 -0.00898200 0.01398200
v -0.00067500 -0.00902100 0.01207900
v -0.02606700 0.00620600 0.01835400
v -0.01936700 0.00624900 0.01870800
v -0.02396900 0.00426900 0.01995100
v -0.02181500 0.00518600 0.01968500
v -0.02534700 0.00291100 0.02084200
v -0.01586400 0.00699900 0.01769500
v -0.02040700 0.00278100 0.02144900
v -0.02316400 0.00178000 0.02091400
v -0.02147800 0.00076500 0.02185300
v -0.01413000 0.00871700 0.01334900
v -0.00891100 0.00836100 0.01413900
v -0.00651600 0.00851300 0.01219700
v -0.00575000 0.00831400 0.01356700
v -0.00602500 0.00696800 0.01823600
v -0.00034500 0.00779900 0.01580000
v -0.01448200 0.00820600 0.01519100
v -0.00997000 0.00719100 0.01756700
v -0.01144500 0.00596900 0.01934100
v -0.01272600 0.00405600 0.02110800
v -0.01186900 0.00248600 0.02210100
v -0.01669900 0.00040300 0.02242000
v -0.01137800 0.00017800 0.02280200
v -0.00580400 0.00510700 0.02086300
v -0.00613200 0.00377000 0.02188700
v -0.00663300 0.00225700 0.02255600
v -0.00832700 -0.00045700 0.02290500
v -0.01648900 -0.00104600 0.02247900
v -0.02490700 -0.00006300 0.02172000
v -0.02460900 0.00121900 0.02153700
v -0.02469000 -0.00177900 0.02153600
v -0.02516900 -0.00317100 0.02108400
v -0.02295500 -0.00037100 0.02139500
v -0.02322400 -0.00247200 0.02093400
v -0.02167500 -0.00085600 0.02193000
v -0.02144400 -0.00342300 0.02124800
v -0.01932600 -0.00506700 0.02071400
v -0.01725100 -0.00291700 0.02196700
v -0.01498300 -0.00672100 0.01931200
v -0.01498300 -0.00672100 0.01931200
v -0.00953100 -0.00739300 0.01872500
v -0.00737300 -0.00342500 0.02231300
v -0.00736100 -0.00484800 0.02154700
v -0.00151800 0.00834100 0.01149500
v -0.00248400 0.00829200 0.01360800
v 0.00160600 0.00765700 0.00898700
v 0.00347100 0.00711500 0.00851500
v 0.00119200 0.00792300 0.01399000
v 0.00321000 0.00732100 0.01365200
v -0.00169800 0.00727700 0.01773000
v -0.00205800 0.00594000 0.02046500
v 0.00291600 0.00701400 0.01833900
v 0.01077100 0.00696300 0.00785600
v 0.01592500 0.00400200 0.00451900
v 0.01398300 0.00647900 0.00712100
v 0.01112600 0.00690200 0.01285200
v 0.00890400 0.00705000 0.01878700
v 0.00370100 -0.00826000 0.01177200
v 0.01751700 -0.00760200 0.01389900
v 0.00200700 -0.00784900 0.01837200
v 0.00243700 -0.00817100 0.01617500
v 0.00913200 -0.00782300 0.01933300
v 0.01012300 -0.00805900 0.01672800
v 0.00046700 0.00698700 0.01913900
v -0.00017500 0.00574300 0.02109800
v 0.00236100 0.00601200 0.02069900
v 0.00747500 0.00635600 0.02047800
v 0.00277900 0.00479800 0.02195000
v 0.01279200 0.00407400 0.02336400
v -0.00073600 0.00425600 0.02219100
v -0.00052500 0.00250300 0.02302300
v -0.00161500 -0.00056300 0.02354800
v 0.00236000 0.00251600 0.02300200
v 0.00165200 -0.00008300 0.02343000
v 0.00121000 -0.00331700 0.02287900
v 0.01170200 0.00336800 0.02385700
v 0.00804400 0.00193900 0.02385200
v 0.02321400 0.00632900 0.01041900
v 0.02610600 0.00594100 0.02070800
v 0.01458200 0.00645800 0.02044800
v 0.02434500 0.00294500 0.02461700
v 0.00819500 -0.00104800 0.02400100
v 0.00227700 -0.00474700 0.02234700
v 0.00227700 -0.00474700 0.02234700
v 0.00227700 -0.00665400 0.02085700
v 0.01459900 -0.00451500 0.02376900
v 0.01301200 -0.00391300 0.02404600
v 0.01301200 -0.00391300 0.02404600
v 0.01258700 -0.00747700 0.02029800
v 0.01821200 -0.00036900 0.02479300
v -0.00426100 -0.00786900 0.01830600
v -0.00292600 -0.00887700 0.01457900
v -0.00644600 -0.00655500 0.02023100
v -0.00644600 -0.00655500 0.02023100
v -0.00180600 -0.00570900 0.02161700
v -0.00180600 -0.00570900 0.02161700
v -0.00156000 -0.00673600 0.02073500
v -0.00100600 -0.00858300 0.01654800
v -0.00053200 -0.00770200 0.01933200
v -0.08031900 -0.00346600 -0.01007400
v 0.03235800 0.00546000 0.01015200
v 0.02462900 0.00330700 0.00586400
v 0.02118300 0.00600900 0.00833200
v 0.03577700 0.00273400 0.00756700
v 0.04254000 0.00154100 0.00791600
v 0.02600200 0.00219800 0.00549100
v 0.02931300 -0.00060300 0.00577900
v 0.03315700 0.00587300 0.01186200
v 0.04163400 0.00553100 0.01250000
v 0.04800900 0.00557000 0.01659500
v 0.04349200 0.00513600 0.01166300
v 0.04947800 -0.00095200 0.00865500
v 0.04910500 0.00271400 0.00963200
v 0.05426200 0.00481900 0.01268100
v 0.05819400 0.00152200 0.00988000
v 0.06106300 0.00269500 0.01088700
v 0.05701100 -0.00364600 0.01016900
v 0.04554100 -0.00349300 0.00874800
v 0.03938200 -0.00259600 0.00751400
v 0.05648100 -0.00618400 0.01301300
v 0.05990600 -0.00305300 0.01008000
v 0.10831400 0.01838900 -0.01573400
v 0.10625800 0.01530300 -0.01663800
v 0.10651200 0.01771300 -0.01130700
v 0.10502500 0.01520500 -0.01208400
v 0.10516700 0.01310000 -0.01702800
v 0.10439800 0.01333100 -0.01494200
v 0.10370600 0.01195900 -0.01422700
v 0.10380600 0.01119100 -0.01624800
v 0.10336900 0.00839000 -0.01750600
v 0.10264700 0.00949600 -0.01456000
v 0.10230900 0.00683000 -0.01613000
v 0.10196700 0.00834700 -0.01278700
v 0.10112300 0.00388500 -0.01360200
v 0.10320100 0.01255900 -0.01183900
v 0.10252000 0.01184100 -0.00932600
v 0.10343500 0.01339800 -0.01045800
v 0.10188300 0.00922300 -0.01112900
v 0.10261800 0.01100000 -0.01128400
v 0.10097600 0.00722500 -0.01083600
v 0.10171000 0.01085000 -0.00894200
v 0.10107200 0.01007600 -0.00722100
v 0.10046200 0.00833300 -0.00776500
v 0.09996400 0.00404900 -0.00948900
v 0.10091700 0.00064100 -0.01396600
v 0.09974800 -0.00031600 -0.00941600
v 0.09945000 0.00527000 -0.00623200
v 0.09837800 0.00127100 -0.00438200
v 0.09854600 -0.00242500 -0.00447000
v 0.10010000 -0.00377900 -0.00995000
v 0.09950600 -0.00549300 -0.00656000
v 0.10027600 -0.00729000 -0.00718100
v 0.09852100 -0.00566800 -0.00273700
v 0.10121200 -0.00941200 -0.00832800
v 0.09943500 -0.00805900 -0.00319000
v 0.10687300 0.01433400 -0.01810700
v 0.10817100 0.01512500 -0.01848500
v 0.10830400 0.01664300 -0.01770800
v 0.10762400 0.01291400 -0.01902600
v 0.11027900 0.01571700 -0.01863900
v 0.11176000 0.02096200 -0.01635100
v 0.11154300 0.01916800 -0.01784800
v 0.11002300 0.01849700 -0.01742600
v 0.11176400 0.01754800 -0.01840800
v 0.11480300 0.01912900 -0.01818100
v 0.10891300 0.01985100 -0.01231000
v 0.11153400 0.02157900 -0.01492500
v 0.11601900 0.02324000 -0.01661000
v 0.11552600 0.02082900 -0.01784900
v 0.11427100 0.02339800 -0.01486200
v 0.10988400 0.01721100 -0.01824000
v 0.11593300 0.01661100 -0.01845600
v 0.11398600 0.01624300 -0.01874200
v 0.11922600 0.01721000 -0.01856700
v 0.12055300 0.01972100 -0.01793600
v 0.11192900 0.01170100 -0.01954500
v 0.11607900 0.01377400 -0.01896200
v 0.12115600 0.01130300 -0.01901000
v 0.11993600 0.01217000 -0.01916900
v 0.11968400 0.01329300 -0.01891800
v 0.11883200 0.00973800 -0.01935600
v 0.12491400 0.01481800 -0.01828300
v 0.12026300 0.00648600 -0.01954200
v 0.12756400 0.00909300 -0.01869500
v 0.10304300 -0.00119000 -0.01886900
v 0.10202500 0.00147800 -0.01772400
v 0.10356200 0.00520200 -0.01885200
v 0.10422500 0.00031900 -0.01957200
v 0.10161400 -0.00097500 -0.01674400
v 0.10228900 -0.00410200 -0.01743000
v 0.10384400 -0.00396900 -0.01917400
v 0.10438000 -0.00352200 -0.01947700
v 0.10317200 -0.00764100 -0.01737200
v 0.10344100 -0.00608800 -0.01846900
v 0.10203600 -0.00663000 -0.01510300
v 0.10767500 -0.00299800 -0.01964100
v 0.10543800 -0.00220900 -0.01978000
v 0.10818900 -0.00014600 -0.01988900
v 0.10706100 -0.00421200 -0.01972600
v 0.11028600 -0.00269000 -0.01990100
v 0.10505500 -0.00684000 -0.01944600
v 0.10418300 -0.00940600 -0.01796200
v 0.10521600 -0.00956800 -0.01890500
v 0.10897800 -0.00747300 -0.01981200
v 0.11227800 -0.00665700 -0.01988600
v 0.10756800 -0.01017300 -0.01964800
v 0.10950000 -0.00918500 -0.01946800
v 0.11020900 -0.01087200 -0.01945700
v 0.11233800 -0.00942300 -0.01970300
v 0.11080900 -0.00915800 -0.01975400
v 0.11495500 -0.00983000 -0.01978000
v 0.11367900 -0.01253400 -0.01938000
v 0.11424300 -0.01081300 -0.01937600
v 0.11342400 -0.01412500 -0.01913000
v 0.10493800 0.01093100 -0.01827400
v 0.10206000 0.00379600 -0.01741800
v 0.10837200 0.00536800 -0.01963100
v 0.11133400 0.00530800 -0.01983000
v 0.11186500 0.00322100 -0.01985300
v 0.10655000 0.00245700 -0.01994300
v 0.11001100 -0.00023200 -0.02000900
v 0.10154300 -0.00389600 -0.01507200
v 0.10090400 -0.00251800 -0.01278500
v 0.10169900 -0.00620300 -0.01354100
v 0.10267500 -0.00816000 -0.01541200
v 0.10104700 -0.00478600 -0.01311900
v 0.10101600 -0.00632800 -0.01108100
v 0.11896800 0.00260500 -0.01986100
v 0.11418600 0.00914200 -0.01950700
v 0.11532500 0.00044900 -0.01996500
v 0.11904000 -0.00018700 -0.01975500
v 0.12088900 -0.00249000 -0.01973300
v 0.12423600 0.00102300 -0.01950100
v 0.12662300 0.00346500 -0.01924400
v 0.11676400 -0.00334000 -0.01995800
v 0.11724100 -0.00884700 -0.01961200
v 0.11881300 -0.00591700 -0.01969900
v 0.11763400 -0.01045600 -0.01924500
v 0.11646400 -0.01201800 -0.01941400
v 0.10428100 -0.01191700 -0.01558300
v 0.10550300 -0.01264500 -0.01764400
v 0.10642700 -0.01474700 -0.01704700
v 0.10712800 -0.01294600 -0.01888000
v 0.10881100 -0.01435900 -0.01905200
v 0.10590700 -0.01523200 -0.01431400
v 0.11139900 -0.01410700 -0.01928700
v 0.10836700 -0.01639300 -0.01746000
v 0.10828500 -0.01752700 -0.01566600
v 0.11109800 -0.01818700 -0.01810200
v 0.10954600 -0.01835300 -0.01662100
v 0.11057000 -0.01603800 -0.01879700
v 0.11322800 -0.01798000 -0.01874400
v 0.11232700 -0.02019900 -0.01707900
v 0.11385700 -0.02017300 -0.01786300
v 0.10329600 -0.01103400 -0.01324600
v 0.10284800 -0.01266400 -0.00893200
v 0.10421300 -0.01452300 -0.00993400
v 0.10551200 -0.01712100 -0.00824900
v 0.10087600 -0.01049600 -0.00593800
v 0.09960600 -0.01012900 -0.00135000
v 0.10177800 -0.01327300 -0.00404600
v 0.10336700 -0.01627200 -0.00314400
v 0.10749000 -0.01947500 -0.00751400
v 0.10931500 -0.01974400 -0.01219700
v 0.11746600 -0.01752100 -0.01869400
v 0.11151400 -0.02062500 -0.01549300
v 0.11215600 -0.02166100 -0.01310700
v 0.11375800 -0.02228400 -0.01504700
v 0.11032600 -0.02088500 -0.01141600
v 0.11329500 -0.02357900 -0.00853600
v 0.11349400 -0.02321100 -0.01080200
v 0.11064100 -0.02228900 -0.00676000
v 0.10942300 -0.02289500 -0.00131100
v 0.10942300 -0.02289500 -0.00131100
v 0.11239600 -0.02428600 -0.00326800
v 0.11239600 -0.02428600 -0.00326800
v 0.12414700 -0.00067700 -0.01959400
v 0.12455600 -0.00331200 -0.01946500
v 0.12729300 -0.00612700 -0.01906700
v 0.12305200 -0.00691200 -0.01936000
v 0.12681700 0.00109600 -0.01918200
v 0.13442700 0.00567000 -0.01781000
v 0.12544500 -0.00108800 -0.01922000
v 0.12998500 -0.00048200 -0.01885100
v 0.12808900 -0.00333100 -0.01907400
v 0.13365300 0.00072200 -0.01814200
v 0.13114000 -0.00520200 -0.01849500
v 0.12114000 -0.00915100 -0.01941000
v 0.12354000 -0.00775400 -0.01915800
v 0.12549600 -0.00904000 -0.01901500
v 0.11977400 -0.01233400 -0.01918200
v 0.12198900 -0.01268200 -0.01884800
v 0.12681800 -0.01076900 -0.01856000
v 0.12687600 -0.01262900 -0.01854800
v 0.12457900 -0.01559000 -0.01831300
v 0.12913500 -0.01448900 -0.01801700
v 0.13018900 -0.01034900 -0.01824400
v 0.13714100 -0.00201900 -0.01747300
v 0.13470000 -0.00724300 -0.01775200
v 0.13757100 -0.00807800 -0.01704400
v 0.13431900 -0.01179500 -0.01741400
v 0.13192200 -0.01639300 -0.01718400
v 0.13005200 -0.01904000 -0.01710800
v 0.13372000 -0.01536500 -0.01712100
v 0.13143100 -0.01829400 -0.01711600
v 0.13910700 -0.01225900 -0.01621600
v 0.13639600 -0.01427400 -0.01657300
v 0.13504700 -0.01997000 -0.01608100
v 0.13738400 -0.01681400 -0.01601600
v 0.11566000 -0.01808700 -0.01870000
v 0.11602400 -0.01970300 -0.01817900
v 0.11997900 -0.01759600 -0.01848000
v 0.12226000 -0.01651500 -0.01852000
v 0.11811500 -0.02058500 -0.01810700
v 0.11798200 -0.02382200 -0.01628300
v 0.11640100 -0.02401600 -0.01360900
v 0.11811900 -0.02306000 -0.01714800
v 0.11937500 -0.02235700 -0.01765500
v 0.12353000 -0.01867900 -0.01810400
v 0.12481700 -0.02154400 -0.01744200
v 0.12743300 -0.01959300 -0.01751200
v 0.12328200 -0.02446900 -0.01658200
v 0.12010300 -0.02431400 -0.01649200
v 0.11911600 -0.02495100 -0.01460800
v 0.11911600 -0.02495100 -0.01460800
v 0.12145700 -0.02553200 -0.01542200
v 0.12145700 -0.02553200 -0.01542200
v 0.12621400 -0.02577300 -0.01535400
v 0.12621400 -0.02577300 -0.01535400
v 0.11857400 -0.02528200 -0.01197000
v 0.11857400 -0.02528200 -0.01197000
v 0.12261800 -0.02634900 -0.01211900
v 0.12321300 -0.02591200 -0.01449600
v 0.11706500 -0.02521200 -0.00939600
v 0.11706500 -0.02521200 -0.00939600
v 0.11946800 -0.02639000 -0.00732900
v 0.11586700 -0.02527500 -0.00606900
v 0.11586700 -0.02527500 -0.00606900
v 0.12217000 -0.02678700 -0.00874900
v 0.12451100 -0.02630300 -0.01421700
v 0.12515700 -0.02724200 -0.00819400
v 0.13116000 -0.02377800 -0.01597000
v 0.12714000 -0.02376300 -0.01664800
v 0.12981300 -0.02506900 -0.01559600
v 0.12981300 -0.02506900 -0.01559600
v 0.12826700 -0.02664100 -0.01344700
v 0.13132700 -0.02579900 -0.01437200
v 0.12990200 -0.02652200 -0.01292200
v 0.12997000 -0.02697800 -0.01003700
v 0.13175600 -0.02089400 -0.01656100
v 0.13456500 -0.02339900 -0.01537500
v 0.13785000 -0.01960200 -0.01537000
v 0.13728200 -0.02126200 -0.01535000
v 0.13596300 -0.02422800 -0.01456200
v 0.13596300 -0.02422800 -0.01456200
v 0.14036000 -0.02197400 -0.01422500
v 0.14036000 -0.02197400 -0.01422500
v 0.13165200 -0.02665000 -0.01228600
v 0.13283700 -0.02676900 -0.00882200
v 0.13476400 -0.02557600 -0.01319000
v 0.13512600 -0.02588700 -0.01149300
v 0.12673100 -0.02688400 -0.01183300
v 0.12932100 -0.02726900 -0.00863500
v 0.13876500 -0.02387300 -0.01346500
v 0.10475000 0.00467000 -0.01964600
v 0.10655800 -0.00702200 -0.01949700
v 0.10607500 0.00828800 -0.01953200
v 0.10742300 0.00730000 -0.01975900
v 0.02528800 -0.00391400 0.00569600
v 0.01417700 -0.00715500 0.00704000
v 0.02578400 -0.00677900 0.00933300
v 0.02529300 -0.00707300 0.01007500
v 0.03530900 -0.00357100 0.00724400
v 0.02530700 0.00560200 0.02155200
v 0.02087500 -0.00722100 0.02022600
v 0.01979500 -0.00689200 0.02103800
v 0.02928300 -0.00473600 0.02398800
v 0.03883100 -0.00671200 0.01227600
v 0.03474700 -0.00667500 0.02152800
v 0.03691500 -0.00629400 0.02262600
v 0.04184500 -0.00618100 0.01137700
v 0.05233600 -0.00646000 0.01329100
v 0.05128800 -0.00659500 0.01792000
v 0.04652100 0.00540600 0.02276600
v 0.05469600 0.00535000 0.01374000
v 0.05082100 0.00519800 0.02413200
v 0.03704700 0.00538700 0.02251000
v 0.06552500 0.00542200 0.01476400
v 0.06694700 0.00492600 0.01388800
v 0.06144200 0.00562400 0.01795700
v 0.06649900 0.00569700 0.02437500
v 0.06136000 0.00536100 0.02559300
v 0.05127800 0.00261900 0.02731200
v 0.06231700 0.00286200 0.02868700
v 0.05380900 0.00167100 0.02819900
v 0.06899300 0.00545500 0.02685900
v 0.06355400 0.00194200 0.02952800
v 0.05875500 -0.00055500 0.02907500
v 0.10967700 0.02143100 -0.00983500
v 0.11113600 0.02210300 -0.01107900
v 0.10637700 0.01872100 -0.00853100
v 0.10633000 0.01945800 -0.00560700
v 0.10895000 0.02154200 -0.00691100
v 0.11245600 0.02416300 -0.00656100
v 0.10705500 0.02132200 -0.00156900
v 0.10459500 0.01786000 -0.00405600
v 0.10843600 0.02242200 -0.00182000
v 0.10733800 0.02301800 0.00477600
v 0.10462800 0.02032300 0.00327300
v 0.10994500 0.02453400 0.00249100
v 0.11545600 0.02634400 -0.00328500
v 0.11542700 0.02543200 -0.00801700
v 0.11386400 0.02602300 -0.00083800
v 0.11245500 0.02492400 -0.00271100
v 0.11200400 0.02527400 0.00048100
v 0.11617000 0.02731100 0.00112900
v 0.11583000 0.02660700 -0.00155700
v 0.11377800 0.02671800 0.00341600
v 0.11152500 0.02609600 0.00648400
v 0.10731100 0.02366800 0.00941200
v 0.10799600 0.02427700 0.00859400
v 0.10518900 0.02213300 0.00894300
v 0.10595400 0.02221800 0.00753900
v 0.11603100 0.02771100 0.00325000
v 0.11749000 0.02819300 0.00418500
v 0.10745600 0.02423500 0.01138200
v 0.10898000 0.02487100 0.01000400
v 0.10900700 0.02558800 0.01424800
v 0.11175600 0.02656200 0.00989900
v 0.11020300 0.02593200 0.01105400
v 0.10676600 0.02420400 0.01466900
v 0.11248000 0.02728700 0.01285400
v 0.11469700 0.02785200 0.00978000
v 0.11731900 0.02846600 0.00661600
v 0.11644300 0.02858400 0.01185100
v 0.11145900 0.02720000 0.01595000
v 0.10873100 0.02576700 0.01644400
v 0.11306900 0.02775400 0.01671900
v 0.10980400 0.02627100 0.01820000
v 0.11496500 0.02845600 0.01569200
v 0.12131800 0.02937600 0.00834400
v 0.11959900 0.02942600 0.01393000
v 0.11719400 0.02898500 0.01713000
v 0.10993500 0.02665000 0.02014500
v 0.10842700 0.02562300 0.01938800
v 0.11291800 0.02791800 0.02030400
v 0.11151200 0.02737600 0.02265500
v 0.10876200 0.02585000 0.02128300
v 0.11621700 0.02887100 0.01917000
v 0.11427600 0.02823700 0.02232600
v 0.11191500 0.02746600 0.02424000
v 0.11553900 0.02864000 0.02056000
v 0.12039700 0.02959300 0.02178100
v 0.11874900 0.02920600 0.01983700
v 0.11625700 0.02898400 0.02270300
v 0.12352500 0.02979800 0.01924700
v 0.11323400 0.02812000 0.02395200
v 0.11380900 0.02828100 0.02535700
v 0.11394000 0.02861300 0.02687400
v 0.11536800 0.02856600 0.02547500
v 0.11734000 0.02909200 0.02388500
v 0.11596700 0.02906700 0.02683600
v 0.12025000 0.02949500 0.02617400
v 0.11735100 0.02942200 0.02754700
v 0.12330900 0.02945100 0.02621400
v 0.07076500 0.00311600 0.01197100
v 0.07677600 0.00309000 0.01217200
v 0.07677600 0.00309000 0.01217200
v 0.07524600 0.00225700 0.01171100
v 0.07524600 0.00225700 0.01171100
v 0.07347800 0.00556100 0.01538100
v 0.07370400 -0.00101400 0.01130600
v 0.07370400 -0.00101400 0.01130600
v 0.06660700 -0.00407600 0.01122600
v 0.06883100 -0.00376300 0.01112600
v 0.07517600 -0.00359400 0.01167000
v 0.07517600 -0.00359400 0.01167000
v 0.06437200 -0.00668600 0.01433100
v 0.06437200 -0.00668600 0.01433100
v 0.07476600 -0.00740200 0.01914300
v 0.06315100 -0.00702900 0.02182400
v 0.06315100 -0.00702900 0.02182400
v 0.07258400 -0.00683500 0.01462700
v 0.07258400 -0.00683500 0.01462700
v 0.08532000 0.00372600 0.01313200
v 0.08532000 0.00372600 0.01313200
v 0.08572100 -0.00107700 0.01230100
v 0.08572100 -0.00107700 0.01230100
v 0.07594000 -0.00463000 0.01213100
v 0.07831000 -0.00717300 0.01516900
v 0.07831000 -0.00717300 0.01516900
v 0.08473400 -0.00392500 0.01254200
v 0.08473400 -0.00392500 0.01254200
v 0.08186100 -0.00496900 0.01261400
v 0.08186100 -0.00496900 0.01261400
v 0.07582200 0.00595000 0.02086800
v 0.08077500 0.00528600 0.01489200
v 0.07409500 0.00576000 0.02695900
v 0.08306000 0.00563900 0.01581700
v 0.08519500 0.00520100 0.01477600
v 0.08640200 0.00625700 0.01434600
v 0.08745100 0.00699900 0.01468400
v 0.08712900 0.00597700 0.01336100
v 0.08567400 0.00561400 0.01501100
v 0.08545200 0.00587300 0.01588500
v 0.08533400 0.00251600 0.01257600
v 0.08533400 0.00251600 0.01257600
v 0.08533400 0.00251600 0.01257600
v 0.08000300 0.00598800 0.02406300
v 0.08464400 0.00609400 0.02068600
v 0.08620500 0.00702800 0.01591400
v 0.08679600 0.00766700 0.01683400
v 0.08599800 0.00716300 0.01748000
v 0.09001200 0.00808900 0.01659700
v 0.08557400 0.00638100 0.01844900
v 0.08511200 0.00627600 0.02242200
v 0.08586500 0.00765400 0.02032600
v 0.08625200 0.00765000 0.01896500
v 0.08773000 0.00823100 0.01996700
v 0.08191400 -0.00736200 0.01584500
v 0.10191600 0.01283000 -0.00679200
v 0.10147800 0.01339300 -0.00369300
v 0.10284400 0.01517800 -0.00540800
v 0.10005700 0.00992700 -0.00411500
v 0.10426800 0.01587000 -0.00900300
v 0.10240400 0.01582800 -0.00100900
v 0.10369300 0.01818100 0.00023900
v 0.10066800 0.01452600 0.00169100
v 0.09944600 0.01006800 -0.00128600
v 0.09945700 0.01278300 0.00291800
v 0.09860200 0.00944200 0.00144600
v 0.09926300 0.00688800 -0.00451200
v 0.09839200 0.00425500 -0.00324800
v 0.09932000 0.00841900 -0.00276000
v 0.09873200 0.00766300 -0.00136600
v 0.09744400 0.00230000 -0.00028300
v 0.09777200 -0.00026900 -0.00179800
v 0.09855900 0.00787500 0.00017900
v 0.09756400 0.00596800 0.00152700
v 0.09785600 0.00943500 0.00395000
v 0.09697600 0.00783800 0.00577900
v 0.09815000 0.01206300 0.00718300
v 0.09647100 0.00357100 0.00427300
v 0.09601600 -0.00017800 0.00521000
v 0.09526100 0.00456300 0.01035500
v 0.10261100 0.01878200 0.00575700
v 0.10024600 0.01531700 0.00659600
v 0.10004800 0.01587700 0.00854800
v 0.10460500 0.02104400 0.00659400
v 0.10091000 0.01872500 0.01396100
v 0.09801900 0.01346900 0.01109800
v 0.09838100 0.01534700 0.01491500
v 0.09667700 0.00916800 0.00902500
v 0.09676600 0.01031400 0.01039300
v 0.09576900 0.00658500 0.00945600
v 0.09509900 0.00175100 0.01022100
v 0.09411100 0.00603400 0.01204400
v 0.09500000 0.00621400 0.01159700
v 0.09325100 0.00837000 0.01574700
v 0.09388500 0.00813700 0.01477700
v 0.09217900 0.00743500 0.01420100
v 0.09385500 0.00889600 0.01638800
v 0.09423700 0.01021000 0.01727900
v 0.09274100 0.00883800 0.01901200
v 0.09044800 0.00869800 0.02091600
v 0.09643600 0.01116000 0.01337400
v 0.09756100 0.01376300 0.01395200
v 0.09662800 0.01220600 0.01554700
v 0.09506600 0.00801100 0.01330000
v 0.09554800 0.00955000 0.01420100
v 0.09378100 0.00677200 0.01296100
v 0.09542800 0.01078700 0.01665500
v 0.10225300 0.01687100 0.00155600
v 0.10074900 0.01586700 0.00498900
v 0.10498400 0.02242800 0.01201100
v 0.08679900 -0.00008100 0.01094800
v 0.08679900 -0.00008100 0.01094800
v 0.08776700 -0.00347600 0.01079000
v 0.08686500 -0.00396600 0.01127800
v 0.08782300 -0.00475000 0.01110300
v 0.08494700 -0.00529600 0.01300300
v 0.08494700 -0.00529600 0.01300300
v 0.08686600 -0.00572500 0.01192300
v 0.09766400 -0.00326400 -0.00056900
v 0.09891400 -0.00864600 -0.00140100
v 0.09830200 -0.00775500 0.00052600
v 0.09621200 -0.00517400 0.00636600
v 0.09717300 -0.00711100 0.00427300
v 0.09837200 -0.00993900 0.00324500
v 0.10018800 -0.01216000 -0.00011200
v 0.09511500 -0.00198500 0.00984400
v 0.09556500 -0.00533100 0.00982000
v 0.09556500 -0.00533100 0.00982000
v 0.09705300 -0.00970100 0.00794100
v 0.09705300 -0.00970100 0.00794100
v 0.09611300 -0.00753500 0.00930000
v 0.09611300 -0.00753500 0.00930000
v 0.09798200 -0.01109100 0.00623000
v 0.09798200 -0.01109100 0.00623000
v 0.09632200 -0.00966600 0.01101200
v 0.10001900 -0.01395400 0.00399600
v 0.10001900 -0.01395400 0.00399600
v 0.09938300 -0.01404400 0.00729900
v 0.09794500 -0.01244400 0.00893600
v 0.10073200 -0.01716800 0.00914400
v 0.08625600 0.00370700 0.01273400
v 0.08616200 0.00170900 0.01232600
v 0.08616200 0.00170900 0.01232600
v 0.08703000 0.00341600 0.01140900
v 0.08795300 0.00010900 0.01068400
v 0.08795300 0.00010900 0.01068400
v 0.09170900 0.00437800 0.01140200
v 0.08901100 0.00504600 0.01212300
v 0.09360900 0.00311400 0.01074900
v 0.08638100 -0.00103500 0.01196200
v 0.08634500 -0.00288400 0.01230400
v 0.09328100 -0.00105400 0.01048900
v 0.09328100 -0.00105400 0.01048900
v 0.09463500 0.00137400 0.01069400
v 0.09453400 -0.00025000 0.01034000
v 0.09429600 0.00393000 0.01075700
v 0.09477700 -0.00293900 0.01032900
v 0.09477700 -0.00293900 0.01032900
v 0.09344000 -0.00477700 0.01081500
v 0.09131100 -0.00681000 0.01186000
v 0.08455900 -0.00728200 0.01546000
v 0.08455900 -0.00728200 0.01546000
v 0.08620500 -0.00404800 0.01240900
v 0.08628200 -0.00519400 0.01273300
v 0.08601100 -0.00679900 0.01442400
v 0.08666200 -0.00821800 0.01451800
v 0.08553200 -0.00745300 0.01572600
v 0.08607000 -0.00809600 0.01594300
v 0.08370400 -0.00749900 0.01957700
v 0.08370400 -0.00749900 0.01957700
v 0.08565600 -0.00780400 0.01874200
v 0.08672300 -0.00924800 0.01769100
v 0.08840100 -0.00683200 0.01210800
v 0.08745700 -0.00765300 0.01315000
v 0.08756800 -0.00904700 0.01526200
v 0.09059900 -0.00943100 0.01529000
v 0.09309200 -0.00839100 0.01304000
v 0.09339900 -0.00993800 0.01537800
v 0.08884400 -0.00996000 0.01857500
v 0.09213500 -0.01054500 0.01910700
v 0.08571700 -0.00812800 0.02112700
v 0.08308000 -0.00744400 0.02532200
v 0.08308000 -0.00744400 0.02532200
v 0.08539100 -0.00786800 0.02172200
v 0.08598800 -0.00917400 0.02188900
v 0.08671000 -0.00976200 0.02178000
v 0.08520500 -0.00782300 0.02451600
v 0.08492300 -0.00788600 0.02651900
v 0.08555400 -0.00884700 0.02533400
v 0.08945900 -0.01038900 0.02185900
v 0.08806200 -0.01003800 0.02656000
v 0.09276400 -0.01079600 0.02195200
v 0.09510900 -0.00501400 0.01037000
v 0.09359300 -0.00705700 0.01165800
v 0.09542000 -0.00716400 0.01078600
v 0.09457100 -0.00979800 0.01267100
v 0.09375600 -0.00902600 0.01326300
v 0.09553600 -0.00851700 0.01134600
v 0.09572300 -0.01025300 0.01266300
v 0.09610500 -0.01098500 0.01362000
v 0.09457900 -0.01061400 0.01355100
v 0.09461800 -0.01148500 0.01605100
v 0.09509200 -0.01219500 0.01657500
v 0.09713600 -0.01150400 0.01091000
v 0.09900800 -0.01460400 0.01011000
v 0.09734200 -0.01381900 0.01489300
v 0.09827500 -0.01435900 0.01153100
v 0.09990600 -0.01699500 0.01215700
v 0.09910900 -0.01621100 0.01357800
v 0.09671500 -0.01274300 0.01620700
v 0.09849300 -0.01593100 0.01451400
v 0.09910300 -0.01688500 0.01571600
v 0.10054700 -0.01892600 0.01721400
v 0.09364400 -0.01096700 0.01823000
v 0.09384000 -0.01179400 0.02096100
v 0.09454100 -0.01357200 0.02009500
v 0.09667700 -0.01344200 0.01750600
v 0.09623000 -0.01380600 0.01941700
v 0.09702800 -0.01459200 0.02016900
v 0.09312000 -0.01118600 0.02508100
v 0.09337500 -0.01177600 0.02589200
v 0.09401700 -0.01343600 0.02239400
v 0.09425800 -0.01410200 0.02389900
v 0.09630500 -0.01414100 0.02140400
v 0.09790000 -0.01563100 0.01769300
v 0.09828000 -0.01655700 0.01940000
v 0.09866000 -0.01777500 0.02092100
v 0.09706500 -0.01540200 0.02242700
v 0.09760000 0.01776000 0.03359000
v 0.09632900 0.01598600 0.03156800
v 0.09611500 0.01535400 0.03324700
v 0.09639100 0.01639500 0.03581200
v 0.09472900 0.01350200 0.03370900
v 0.09507100 0.01356800 0.03161800
v 0.09414000 0.01195100 0.03423100
v 0.09505800 0.01395900 0.03517400
v 0.09525400 0.01484700 0.03609400
v 0.09749100 0.01768200 0.03560400
v 0.09775000 0.01860100 0.03979900
v 0.09801500 0.01858800 0.03602800
v 0.09515100 0.01464800 0.03807200
v 0.07531100 0.00330500 0.03062000
v 0.07270000 0.00234500 0.03070800
v 0.07559700 -0.00064500 0.03156400
v 0.06000400 -0.00282800 0.02903700
v 0.07816200 0.00566600 0.02845200
v 0.07310700 -0.00434900 0.03042800
v 0.07310700 -0.00434900 0.03042800
v 0.08248700 -0.00395100 0.03217500
v 0.08248700 -0.00395100 0.03217500
v 0.07989100 0.00260400 0.03182900
v 0.08351700 0.00591300 0.02778300
v 0.08549700 0.00742600 0.02235300
v 0.08528900 0.00756600 0.02595600
v 0.08716300 0.00830200 0.02303500
v 0.08839400 0.00836500 0.02519700
v 0.09034400 0.00886100 0.02483600
v 0.08460500 0.00625900 0.02568000
v 0.08419000 0.00622900 0.02913400
v 0.08471600 0.00684200 0.03029700
v 0.08599400 0.00791700 0.02829700
v 0.08333600 0.00569600 0.02949000
v 0.08254100 0.00389600 0.03149400
v 0.08399400 0.00489300 0.03113400
v 0.08707800 0.00754300 0.03094300
v 0.08522600 0.00636200 0.03189200
v 0.08488800 0.00507000 0.03334800
v 0.08443700 0.00417100 0.03376200
v 0.08380800 0.00322900 0.03278000
v 0.08892500 0.00854200 0.02744500
v 0.09135300 0.00885700 0.02690300
v 0.09166700 0.00882300 0.02962500
v 0.09177500 0.00850100 0.03167300
v 0.08298100 -0.00515300 0.03183100
v 0.08298100 -0.00515300 0.03183100
v 0.08298100 -0.00515300 0.03183100
v 0.08359200 -0.00733500 0.02896200
v 0.08359200 -0.00733500 0.02896200
v 0.07071500 -0.00703200 0.02641000
v 0.08308400 -0.00701500 0.02970000
v 0.08308400 -0.00701500 0.02970000
v 0.07512800 -0.00679300 0.02813800
v 0.08429200 -0.00749900 0.02994200
v 0.08297500 -0.00071600 0.03271400
v 0.08331300 0.00316900 0.03231300
v 0.08346500 0.00148500 0.03264600
v 0.08377400 -0.00159100 0.03308200
v 0.08377400 -0.00159100 0.03308200
v 0.08420900 0.00211900 0.03433300
v 0.08414600 -0.00047100 0.03428400
v 0.08414600 -0.00047100 0.03428400
v 0.08395200 -0.00536800 0.03232800
v 0.08438400 -0.00657200 0.03137000
v 0.08486000 -0.00810100 0.03057700
v 0.08504200 -0.00738400 0.03257700
v 0.08448200 -0.00564500 0.03355700
v 0.08451400 -0.00321600 0.03449300
v 0.08544500 -0.00448300 0.03465000
v 0.08581400 -0.00639800 0.03387100
v 0.09068000 -0.00391600 0.03642500
v 0.08755800 0.00647200 0.03297200
v 0.09235000 0.00928900 0.02996700
v 0.09265900 0.01012800 0.03084200
v 0.09278200 0.01069700 0.02919000
v 0.09352400 0.01065600 0.03196100
v 0.09296900 0.00930100 0.03311500
v 0.09441000 0.01203500 0.03203100
v 0.09324600 0.00994700 0.03499700
v 0.09156600 0.00773000 0.03319400
v 0.09236600 0.00771700 0.03495900
v 0.09080700 0.00640800 0.03454400
v 0.08867500 0.00452300 0.03510400
v 0.08867500 0.00452300 0.03510400
v 0.09153700 0.00558300 0.03601700
v 0.09153700 0.00558300 0.03601700
v 0.09050600 0.00550100 0.03518200
v 0.09050600 0.00550100 0.03518200
v 0.09141000 0.00271800 0.03703400
v 0.08968500 0.00300600 0.03609100
v 0.09356000 0.01165100 0.03626100
v 0.09262200 0.00912200 0.03617800
v 0.09402100 0.01213500 0.03768900
v 0.09417100 0.01313600 0.03974300
v 0.09317500 0.01075300 0.03821100
v 0.09270100 0.00898800 0.03871300
v 0.09270100 0.00898800 0.03871300
v 0.09308000 0.01033800 0.04070300
v 0.09308000 0.01033800 0.04070300
v 0.09220500 0.00683400 0.03669800
v 0.09220500 0.00683400 0.03669800
v 0.09171200 0.00539000 0.03717900
v 0.09246300 0.00763100 0.03764600
v 0.09246300 0.00763100 0.03764600
v 0.09152300 0.00631100 0.03844300
v 0.09197200 0.00704900 0.03857500
v 0.09164200 0.00365500 0.03713500
v 0.09149700 0.00385000 0.03854800
v 0.09133800 0.00465700 0.03954400
v 0.09235700 0.00876300 0.04067000
v 0.09190100 0.00658500 0.03994000
v 0.09153100 0.00614300 0.04169300
v 0.08660400 0.00265400 0.03516500
v 0.08660400 0.00265400 0.03516500
v 0.08486900 0.00006000 0.03487900
v 0.08486900 0.00006000 0.03487900
v 0.09099600 0.00137000 0.03697200
v 0.09099200 -0.00055300 0.03697600
v 0.08813300 -0.00095200 0.03598700
v 0.09126000 0.00311000 0.03846800
v 0.09136100 0.00064800 0.03816800
v 0.09152200 0.00302900 0.03975000
v 0.09119400 0.00142300 0.03951300
v 0.09124400 0.00032900 0.04082300
v 0.09139500 0.00390300 0.04117100
v 0.09120400 0.00456200 0.04259600
v 0.09116600 0.00291300 0.04229200
v 0.09141400 0.00133300 0.04141500
v 0.09108600 -0.00045500 0.04271300
v 0.09102000 -0.00120600 0.04176600
v 0.09081600 0.00088200 0.04320400
v 0.10340400 0.02176500 0.01647700
v 0.09967500 0.01822500 0.01958000
v 0.09813300 0.01598900 0.01901600
v 0.09920300 0.01804000 0.02277400
v 0.10111400 0.02021600 0.02211500
v 0.09979100 0.01884500 0.02156300
v 0.09869500 0.01825800 0.02448200
v 0.10159200 0.02088900 0.02381600
v 0.10644400 0.02426700 0.01763600
v 0.10415600 0.02269500 0.01902900
v 0.10391800 0.02282300 0.02136400
v 0.10243900 0.02135800 0.02054300
v 0.10766200 0.02488300 0.01889600
v 0.10787200 0.02537300 0.01762200
v 0.10626100 0.02449800 0.02016600
v 0.10738600 0.02521200 0.02107000
v 0.10578700 0.02380500 0.01943000
v 0.10187800 0.02068500 0.01961300
v 0.10065100 0.01921800 0.02057000
v 0.10252000 0.02134800 0.02269000
v 0.10345900 0.02216000 0.02299000
v 0.09699200 0.01409000 0.01821800
v 0.09612600 0.01330200 0.02253900
v 0.09428500 0.01178100 0.02048900
v 0.09559800 0.01195100 0.01945600
v 0.09370600 0.00948200 0.01921700
v 0.09384300 0.01142300 0.02087200
v 0.09326300 0.00931600 0.02130500
v 0.09379500 0.01183000 0.02309400
v 0.09338000 0.00991500 0.02257000
v 0.09540900 0.01233000 0.02167200
v 0.09810800 0.01645200 0.02075800
v 0.09736500 0.01557500 0.02316700
v 0.09660000 0.01535800 0.02450400
v 0.09535600 0.01319600 0.02419400
v 0.09746700 0.01642400 0.02698500
v 0.09348100 0.01176300 0.02474500
v 0.09266500 0.00946100 0.02680300
v 0.09611200 0.01416400 0.02562500
v 0.09492600 0.01247900 0.02558800
v 0.09474600 0.01238100 0.02705000
v 0.09319200 0.01166900 0.02643400
v 0.09339400 0.01174400 0.02799800
v 0.10401700 0.02349500 0.02603000
v 0.10404100 0.02294700 0.02416300
v 0.10155300 0.02155100 0.02508500
v 0.10258100 0.02222500 0.02687800
v 0.10012500 0.01992500 0.02670400
v 0.10157300 0.02173400 0.02803300
v 0.09972000 0.01996400 0.02889800
v 0.10172600 0.02174000 0.02946700
v 0.10584500 0.02416800 0.02209000
v 0.10607700 0.02443500 0.02420200
v 0.10772500 0.02602400 0.02623300
v 0.10841700 0.02598500 0.02320700
v 0.10946900 0.02664400 0.02461800
v 0.10560200 0.02444100 0.02727800
v 0.10373800 0.02332100 0.02848200
v 0.10408500 0.02361700 0.02940900
v 0.10554000 0.02468400 0.02817500
v 0.10158800 0.02176600 0.03155500
v 0.10288000 0.02301500 0.03078100
v 0.10628100 0.02521100 0.02945000
v 0.10280200 0.02283000 0.03217500
v 0.10149600 0.02205000 0.03292300
v 0.10455600 0.02426900 0.03287800
v 0.10364600 0.02381400 0.03412000
v 0.10256200 0.02279700 0.03474300
v 0.10879800 0.02648400 0.02774300
v 0.11102600 0.02761000 0.02656300
v 0.10739900 0.02585000 0.03098100
v 0.10860600 0.02633000 0.02937900
v 0.10949100 0.02711400 0.02998200
v 0.11114900 0.02763600 0.02972200
v 0.11383900 0.02836400 0.02918900
v 0.10569200 0.02487700 0.03334400
v 0.09837100 0.01833100 0.02939500
v 0.09872000 0.01819200 0.02655100
v 0.09787800 0.01767600 0.02807300
v 0.09678100 0.01587700 0.02956000
v 0.09645100 0.01556700 0.02853700
v 0.09545600 0.01341200 0.02852900
v 0.09563800 0.01442100 0.02987400
v 0.09393200 0.01141800 0.02989800
v 0.09491600 0.01357700 0.03003400
v 0.09636600 0.01529200 0.03046100
v 0.09899200 0.01931300 0.03181800
v 0.09978200 0.02038500 0.03419400
v 0.09796100 0.01770100 0.03181900
v 0.09284800 0.00920100 0.02263300
v 0.08529900 -0.00906100 0.02776300
v 0.08673900 -0.00964600 0.02561900
v 0.08588100 -0.00937000 0.02836400
v 0.09112200 -0.01052000 0.02475800
v 0.09133500 -0.01044800 0.02784900
v 0.09279500 -0.01120600 0.02902800
v 0.08795000 -0.00922800 0.03098800
v 0.09179000 -0.00946500 0.03284400
v 0.09211600 -0.01034200 0.03075200
v 0.09330900 -0.01303300 0.02713900
v 0.09605400 -0.01507000 0.02405500
v 0.09145300 -0.00074200 0.03779200
v 0.09146000 -0.00363500 0.03726000
v 0.09145800 -0.00727400 0.03523500
v 0.09126900 -0.00534000 0.03630200
v 0.09239400 -0.00826700 0.03537000
v 0.09207400 -0.00663600 0.03664300
v 0.09166700 -0.00427400 0.03868900
v 0.09202200 -0.00699900 0.03903000
v 0.09248900 -0.00796300 0.03745200
v 0.09316000 -0.01010800 0.03454400
v 0.09152300 -0.00013000 0.03893400
v 0.09125500 -0.00049900 0.04010300
v 0.09112800 -0.00121100 0.03935100
v 0.09131800 -0.00248800 0.03940500
v 0.09132300 -0.00279100 0.04155200
v 0.09132200 -0.00416600 0.04140200
v 0.09197500 -0.00624600 0.04013000
v 0.09152200 -0.00568300 0.04252000
v 0.09089800 -0.00169700 0.04558100
v 0.11665600 0.02919000 0.02986700
v 0.11411400 0.02872500 0.03156000
v 0.11822600 0.02954300 0.02988300
v 0.11483600 0.02891400 0.03412800
v 0.12038000 0.02973500 0.03467600
v 0.11660000 0.02922800 0.03473500
v 0.11964700 0.02973400 0.03097400
v 0.12057700 0.02980600 0.02788600
v 0.11932700 0.02950600 0.02973400
v 0.12354400 0.02982300 0.02820600
v 0.12070300 0.02960900 0.03009700
v 0.12160700 0.02980400 0.03209100
v 0.12386400 0.02972100 0.02967300
v 0.11760500 0.02952800 0.03670600
v 0.12500400 0.02954800 0.03313300
v 0.12581200 0.02962400 0.03057400
v 0.12406100 0.02955500 0.03630800
v 0.12120900 0.02960400 0.04166100
v 0.12568200 0.02915800 0.03693100
v 0.12469600 0.02942300 0.04048700
v 0.12750700 0.02886700 0.03980700
v 0.12361000 0.02935800 0.04387600
v 0.12911200 0.02825600 0.04423700
v 0.10092700 0.02173600 0.03674300
v 0.09890200 0.01984400 0.04130900
v 0.09709700 0.01744600 0.03973800
v 0.09593600 0.01635200 0.04077700
v 0.09580600 0.01608700 0.04236200
v 0.09746300 0.01847100 0.04370600
v 0.10125100 0.02236600 0.03971000
v 0.10054600 0.02162400 0.04212600
v 0.09921000 0.02058400 0.04386400
v 0.10103300 0.02231600 0.04333900
v 0.09891100 0.02028300 0.04564100
v 0.10021700 0.02125100 0.04556000
v 0.10122100 0.02244300 0.04579200
v 0.10189000 0.02276200 0.04379800
v 0.09598000 0.01665700 0.04473900
v 0.09513000 0.01468900 0.04319200
v 0.09853600 0.01936300 0.04390400
v 0.09744800 0.01867400 0.04676800
v 0.09763200 0.01877500 0.04843000
v 0.09620400 0.01666400 0.04597800
v 0.09616700 0.01707600 0.04824200
v 0.10297300 0.02394600 0.04684400
v 0.10326800 0.02401500 0.04349700
v 0.10062400 0.02214800 0.04753000
v 0.09995000 0.02130600 0.04843100
v 0.10321000 0.02416400 0.04905300
v 0.10469400 0.02491500 0.04624900
v 0.10056900 0.02208400 0.05098700
v 0.09987500 0.02121400 0.05087200
v 0.10254000 0.02335700 0.05092700
v 0.10195500 0.02289300 0.05255200
v 0.09703800 0.01837500 0.05199100
v 0.09703800 0.01837500 0.05199100
v 0.09773600 0.01935400 0.05172900
v 0.09882200 0.02039800 0.05287000
v 0.09731600 0.01885500 0.05381500
v 0.09731600 0.01885500 0.05381500
v 0.10446600 0.02476900 0.05349100
v 0.10548700 0.02542600 0.05087200
v 0.10447300 0.02458000 0.05089800
v 0.10293300 0.02391300 0.05243400
v 0.10221700 0.02335900 0.05379300
v 0.10358600 0.02412900 0.05583800
v 0.10518700 0.02519700 0.05643800
v 0.10122600 0.02245000 0.05335000
v 0.10018800 0.02142400 0.05479200
v 0.09829300 0.01962500 0.05412800
v 0.09829300 0.01962500 0.05412800
v 0.09891300 0.02040400 0.05504500
v 0.09891300 0.02040400 0.05504500
v 0.09756600 0.01933800 0.05529300
v 0.09793900 0.01963800 0.05667500
v 0.10169800 0.02267600 0.05437300
v 0.10171200 0.02285700 0.05559500
v 0.10047300 0.02202000 0.05662300
v 0.10190200 0.02305900 0.05773500
v 0.09988200 0.02132800 0.05751300
v 0.09988200 0.02132800 0.05751300
v 0.09879200 0.02069400 0.05802400
v 0.09317500 0.01118000 0.04241400
v 0.09317500 0.01118000 0.04241400
v 0.09430000 0.01357300 0.04163700
v 0.09345400 0.01213500 0.04633900
v 0.09345400 0.01213500 0.04633900
v 0.09268500 0.00996600 0.04329700
v 0.09224700 0.00942900 0.04444800
v 0.09176400 0.00655200 0.04341100
v 0.09173400 0.00589700 0.04301100
v 0.09254300 0.00976100 0.04665800
v 0.09212100 0.00826800 0.04542100
v 0.09329000 0.01265000 0.05224700
v 0.09336600 0.01232000 0.05050900
v 0.09297700 0.01107200 0.04974200
v 0.09239900 0.01048800 0.05100600
v 0.09233900 0.00982900 0.05016500
v 0.09199500 0.00827400 0.04953300
v 0.09151400 0.00685000 0.05024100
v 0.09508400 0.01512900 0.04405200
v 0.09406500 0.01340700 0.04606500
v 0.09495800 0.01454800 0.04667300
v 0.09534700 0.01568900 0.04809700
v 0.09368700 0.01314300 0.04798300
v 0.09368700 0.01314300 0.04798300
v 0.09477100 0.01454100 0.04877800
v 0.09477100 0.01454100 0.04877800
v 0.09593500 0.01664900 0.05090800
v 0.09593500 0.01664900 0.05090800
v 0.09492700 0.01532000 0.05004600
v 0.09492700 0.01532000 0.05004600
v 0.09378000 0.01325400 0.05008800
v 0.09225100 0.00967900 0.04825300
v 0.09302400 0.01066900 0.04872400
v 0.09150400 0.00710700 0.04774300
v 0.09123800 0.00447500 0.04526100
v 0.09122900 0.00404800 0.04423100
v 0.09099600 0.00196300 0.04408300
v 0.09084300 0.00272000 0.04499800
v 0.09099200 0.00035200 0.04575500
v 0.09148700 0.00593100 0.04619300
v 0.09128800 0.00473000 0.04640500
v 0.09109200 0.00321700 0.04713400
v 0.09132500 0.00552700 0.04787400
v 0.09084100 0.00452900 0.04737700
v 0.09092700 0.00468200 0.04847700
v 0.09080800 0.00072300 0.04780900
v 0.09066400 0.00184900 0.04876500
v 0.09088400 -0.00174200 0.04848900
v 0.09092700 -0.00329800 0.04619500
v 0.09069100 0.00131000 0.05035600
v 0.09182000 0.00867500 0.05321700
v 0.09142900 0.00630600 0.05175800
v 0.09119300 0.00657400 0.05347800
v 0.09062800 0.00355400 0.05045900
v 0.09098700 0.00517300 0.05074500
v 0.09090600 0.00284800 0.04954800
v 0.09077200 0.00332500 0.05218900
v 0.09084600 0.00461500 0.05315500
v 0.09052300 -0.00062100 0.05069700
v 0.09067400 -0.00166900 0.05181200
v 0.09081500 -0.00277800 0.05032400
v 0.09044800 0.00061500 0.05336400
v 0.09077600 0.00318800 0.05445200
v 0.09029700 -0.00175700 0.05360700
v 0.09048900 -0.00154400 0.05573000
v 0.09516100 0.01571800 0.05322400
v 0.09370900 0.01320800 0.05241300
v 0.09467000 0.01434700 0.05259000
v 0.09658100 0.01750400 0.05490500
v 0.09502200 0.01592400 0.05449200
v 0.09436400 0.01428800 0.05425900
v 0.09345500 0.01245300 0.05408500
v 0.09259800 0.01097000 0.05353300
v 0.09144200 0.00828800 0.05549500
v 0.09273300 0.01067800 0.05504000
v 0.09333400 0.01229600 0.05670900
v 0.09294900 0.01175000 0.05576100
v 0.09216000 0.01016200 0.05677600
v 0.09583300 0.01663500 0.05704900
v 0.09607600 0.01678500 0.05889100
v 0.09440100 0.01552800 0.05808900
v 0.09556000 0.01652500 0.06090100
v 0.09486000 0.01537700 0.05942600
v 0.09242000 0.01089900 0.05958000
v 0.09304600 0.01178300 0.05951500
v 0.09242000 0.00978000 0.05806300
v 0.09267000 0.01129500 0.06061100
v 0.09358400 0.01359200 0.06133800
v 0.09449400 0.01458900 0.05991100
v 0.09356300 0.01301100 0.05874200
v 0.09439200 0.01479700 0.06150100
v 0.09335600 0.01293400 0.06249700
v 0.09069400 0.00608200 0.05487100
v 0.09068700 0.00458200 0.05578500
v 0.09140400 0.00857500 0.05656700
v 0.09024600 0.00155600 0.05655600
v 0.09064900 0.00459600 0.05751600
v 0.09046400 0.00357000 0.05944400
v 0.09074100 0.00580900 0.05909900
v 0.09076100 0.00452400 0.06062300
v 0.09013600 0.00221900 0.05831200
v 0.09035400 0.00111500 0.05920000
v 0.09033800 0.00220400 0.06121100
v 0.09006500 0.00107600 0.06137000
v 0.09032700 -0.00024400 0.06024200
v 0.09049500 -0.00020700 0.05648200
v 0.09212200 0.00972800 0.06018200
v 0.09170000 0.00832800 0.05839400
v 0.09099300 0.00720100 0.06075200
v 0.09227400 0.01080600 0.06253300
v 0.09277800 0.01152100 0.06264400
v 0.09119200 0.00812200 0.06233500
v 0.09178600 0.00907900 0.06342300
v 0.09228100 0.01041000 0.06411400
v 0.09119600 0.00680500 0.06280100
v 0.09185300 0.00954000 0.06525100
v 0.09105600 0.00724300 0.06468400
v 0.09020500 0.00307500 0.06148400
v 0.09055200 0.00525900 0.06216400
v 0.09034400 0.00311300 0.06276400
v 0.09037200 0.00124900 0.06236600
v 0.09082100 0.00628600 0.06404400
v 0.09061500 0.00635600 0.06493200
v 0.09035000 0.00385100 0.06435900
v 0.09018900 0.00118800 0.06398300
v 0.09026900 0.00319000 0.06571900
v 0.10651000 0.02581500 0.03701300
v 0.10290300 0.02335800 0.03634300
v 0.10758600 0.02622200 0.03512400
v 0.10744700 0.02617100 0.03747700
v 0.10279200 0.02344100 0.04002800
v 0.10585200 0.02556500 0.03995400
v 0.10985300 0.02729900 0.03310500
v 0.10904400 0.02690700 0.03569400
v 0.10695200 0.02605100 0.03326700
v 0.11206100 0.02794600 0.03285500
v 0.11101400 0.02776200 0.03624200
v 0.10514100 0.02508700 0.04124900
v 0.10926600 0.02730800 0.03903900
v 0.10887500 0.02718900 0.04322100
v 0.10541600 0.02542900 0.04466200
v 0.10581100 0.02533800 0.04247900
v 0.10658500 0.02603400 0.04441700
v 0.11271800 0.02847000 0.03770800
v 0.11514200 0.02899100 0.03915000
v 0.11737900 0.02939800 0.04086200
v 0.10669200 0.02613400 0.04641600
v 0.10770800 0.02640100 0.04755600
v 0.10619400 0.02589900 0.04835500
v 0.11033700 0.02767000 0.04657400
v 0.11120200 0.02801100 0.04438400
v 0.10824700 0.02680000 0.04874900
v 0.11472600 0.02908700 0.04389900
v 0.11834500 0.02947100 0.04516300
v 0.11620300 0.02914400 0.04616000
v 0.10721200 0.02620500 0.05045500
v 0.10894800 0.02707600 0.05165600
v 0.11107000 0.02768900 0.05066200
v 0.11418200 0.02886400 0.04801800
v 0.11096600 0.02751500 0.05269700
v 0.11193900 0.02806100 0.05260100
v 0.11605100 0.02906800 0.04792000
v 0.11506400 0.02911600 0.04844700
v 0.11467900 0.02881400 0.04981200
v 0.11697300 0.02920500 0.04840700
v 0.11609200 0.02882100 0.05031000
v 0.11902200 0.02929700 0.04949100
v 0.10518000 0.02514500 0.04879400
v 0.10680600 0.02616500 0.05203300
v 0.10688200 0.02600200 0.05467400
v 0.12146300 0.02933400 0.04773700
v 0.12541100 0.02883300 0.04740200
v 0.09151400 -0.00519600 0.04662600
v 0.09990700 0.02150000 0.06211800
v 0.10034400 0.02169100 0.06074800
v 0.09936200 0.02061200 0.06163700
v 0.10059200 0.02193200 0.06211400
v 0.09979700 0.02125800 0.06362100
v 0.10134800 0.02271200 0.06239900
v 0.10748700 0.02635500 0.05666000
v 0.10640500 0.02559800 0.05700400
v 0.10385200 0.02432600 0.05763800
v 0.10457800 0.02464000 0.05901200
v 0.10593100 0.02555700 0.05830000
v 0.10493800 0.02506200 0.05990800
v 0.10750900 0.02607900 0.05813300
v 0.10226700 0.02297600 0.05950100
v 0.10295600 0.02348300 0.06024300
v 0.10080000 0.02226100 0.05964900
v 0.10080000 0.02226100 0.05964900
v 0.10231500 0.02280200 0.06039000
v 0.10231500 0.02280200 0.06039000
v 0.10472100 0.02482500 0.06092900
v 0.10397300 0.02421300 0.06285200
v 0.10397300 0.02421300 0.06285200
v 0.10260300 0.02330900 0.06134400
v 0.10260300 0.02330900 0.06134400
v 0.10285500 0.02339500 0.06352400
v 0.10586700 0.02510300 0.06135500
v 0.10728800 0.02597100 0.06053700
v 0.10656500 0.02518800 0.06575300
v 0.10656500 0.02518800 0.06575300
v 0.10548000 0.02504200 0.06375400
v 0.10548000 0.02504200 0.06375400
v 0.10790100 0.02601400 0.06223700
v 0.10766700 0.02585500 0.06520000
v 0.10914600 0.02638100 0.06430100
v 0.10288100 0.02362200 0.06442400
v 0.10470200 0.02434100 0.06464000
v 0.10166200 0.02245300 0.06540700
v 0.10393700 0.02410700 0.06562500
v 0.10509200 0.02460800 0.06609700
v 0.10297900 0.02294300 0.06837400
v 0.10478800 0.02430200 0.06785400
v 0.10101500 0.02185900 0.06799900
v 0.10835100 0.02589500 0.06657900
v 0.10835100 0.02589500 0.06657900
v 0.10409900 0.02289100 0.06949800
v 0.10664100 0.02412200 0.06995100
v 0.10997700 0.02626600 0.06881300
v 0.10997700 0.02626600 0.06881300
v 0.10636800 0.02311100 0.07049200
v 0.10827900 0.02466500 0.07020500
v 0.11194400 0.02626900 0.06989400
v 0.11194400 0.02626900 0.06989400
v 0.10845000 0.02258300 0.07127100
v 0.09680400 0.01822800 0.05825100
v 0.09633300 0.01751800 0.06261900
v 0.09752100 0.01874900 0.06303700
v 0.09713500 0.01843800 0.06563300
v 0.09583400 0.01721100 0.06546500
v 0.09830200 0.01989300 0.06288800
v 0.09851400 0.01993600 0.06146200
v 0.09972100 0.02094600 0.06474600
v 0.09412800 0.01450100 0.06339300
v 0.09558500 0.01624400 0.06251600
v 0.09381800 0.01373900 0.06411100
v 0.09219800 0.01110700 0.06524400
v 0.09506000 0.01593400 0.06543300
v 0.09349700 0.01358000 0.06637700
v 0.09417500 0.01435100 0.06590400
v 0.09324000 0.01300500 0.06535200
v 0.09507300 0.01507800 0.06790400
v 0.09664200 0.01817400 0.06671400
v 0.09741300 0.01890500 0.06640400
v 0.09762900 0.01816800 0.06815800
v 0.09953100 0.02083900 0.06691600
v 0.09886700 0.01953300 0.06839400
v 0.10082700 0.02043100 0.06935900
v 0.09706100 0.01624000 0.06906700
v 0.09582600 0.01662200 0.06716300
v 0.09350200 0.01179800 0.06807400
v 0.09952200 0.01233800 0.07056800
v 0.10294700 0.02041200 0.07033300
v 0.09139800 0.00833500 0.06632600
v 0.09240700 0.01032500 0.06684000
v 0.09321000 0.01247700 0.06675600
v 0.09224400 0.00860200 0.06799800
v 0.09432500 0.01032000 0.06896900
v 0.09130700 0.00741300 0.06616400
v 0.09060700 0.00452700 0.06690100
v 0.09140000 0.00641400 0.06743500
v 0.09112400 0.00350800 0.06779800
v 0.09275800 0.00598800 0.06874500
v 0.09765300 0.00663000 0.07047100
v 0.09212000 0.00058600 0.06868500
v 0.09572700 -0.00178500 0.06997400
v 0.10345500 0.00647900 0.07224200
v 0.10065000 0.00194700 0.07157200
v 0.10867800 0.01467300 0.07277400
v 0.10508900 0.01298800 0.07210800
v 0.11118400 0.02765000 0.05538600
v 0.11411600 0.02844900 0.05355600
v 0.11659100 0.02901200 0.05244300
v 0.11967100 0.02910000 0.05174900
v 0.11901500 0.02872100 0.05488800
v 0.11745000 0.02889600 0.05351600
v 0.11487400 0.02870800 0.05193900
v 0.11635700 0.02862300 0.05455500
v 0.11419400 0.02854200 0.05492700
v 0.11585300 0.02845900 0.05776200
v 0.11202400 0.02768900 0.06089000
v 0.11070900 0.02709600 0.06108300
v 0.11501400 0.02808300 0.06147000
v 0.11838900 0.02849900 0.05843200
v 0.12047400 0.02874600 0.05545700
v 0.11996300 0.02897600 0.05386000
v 0.11635400 0.02791800 0.06204800
v 0.10867300 0.02670600 0.05819300
v 0.11133100 0.02707000 0.06405800
v 0.11464200 0.02784300 0.06425300
v 0.12232500 0.02909300 0.04935600
v 0.12167600 0.02917600 0.05039700
v 0.12346600 0.02867800 0.05219400
v 0.12175200 0.02875800 0.05524600
v 0.12832300 0.02775700 0.05111600
v 0.12471100 0.02810200 0.05581400
v 0.12164300 0.02783400 0.06185600
v 0.12477200 0.02758300 0.05991100
v 0.12860100 0.02706200 0.05563200
v 0.13097200 0.02658400 0.05291900
v 0.12751500 0.02663800 0.06087700
v 0.11715000 0.02802400 0.06321300
v 0.11869900 0.02799000 0.06283500
v 0.11902200 0.02764800 0.06416600
v 0.11993300 0.02786000 0.06151300
v 0.11602000 0.02776200 0.06647100
v 0.11910100 0.02726800 0.06847100
v 0.12031100 0.02726000 0.06613800
v 0.12158100 0.02730600 0.06619000
v 0.11146900 0.02686600 0.06567100
v 0.11213200 0.02720600 0.06519900
v 0.11396700 0.02720800 0.06843300
v 0.11236000 0.02514700 0.07120600
v 0.11566400 0.02590500 0.07142800
v 0.11566400 0.02590500 0.07142800
v 0.11503800 0.02710500 0.06937000
v 0.11849800 0.02685700 0.07051600
v 0.11475800 0.02476000 0.07189000
v 0.11322400 0.01873200 0.07300200
v 0.12232100 0.02685000 0.06891600
v 0.11960700 0.02464600 0.07258700
v 0.12139000 0.02554500 0.07205900
v 0.12139000 0.02554500 0.07205900
v 0.12155000 0.02634700 0.07099600
v 0.11874300 0.01986600 0.07357900
v 0.12450300 0.02681900 0.06557600
v 0.12935800 0.02617000 0.05936800
v 0.13004200 0.02630800 0.05733400
v 0.13232000 0.02504400 0.05803700
v 0.12988800 0.02551800 0.06112500
v 0.12947800 0.02525900 0.06390000
v 0.13417400 0.02370100 0.05939200
v 0.12484300 0.02610500 0.06951400
v 0.12736800 0.02558300 0.06724100
v 0.12907400 0.02467500 0.06801500
v 0.13094400 0.02429300 0.06532300
v 0.12996500 0.02450500 0.06762400
v 0.12443000 0.02563300 0.07130200
v 0.12752200 0.02492600 0.07051400
v 0.13107300 0.02283600 0.07142400
v 0.11776100 0.01217500 0.07471200
v 0.10886500 0.00754100 0.07355300
v 0.11431400 0.00495200 0.07482600
v 0.10849100 0.00128400 0.07371100
v 0.12338400 0.01690400 0.07449500
v 0.12066400 0.00743200 0.07548400
v 0.12010500 0.00141000 0.07569300
v 0.11356000 -0.00323600 0.07471800
v 0.12566700 0.00429800 0.07594300
v 0.12515100 -0.00457700 0.07590000
v 0.12061400 -0.00581200 0.07547300
v 0.11664800 0.02462900 -0.01475100
v 0.11478300 0.02424900 -0.01270900
v 0.11629300 0.02494100 -0.01209000
v 0.12017300 0.02415300 -0.01674700
v 0.12066800 0.02579100 -0.01523900
v 0.12182800 0.02355400 -0.01697700
v 0.12069400 0.02654100 -0.01321000
v 0.12230700 0.02556300 -0.01578300
v 0.12333800 0.02684400 -0.01428400
v 0.12386800 0.02663900 -0.01486600
v 0.11735000 0.02587300 -0.01031600
v 0.11891300 0.02711000 -0.00668900
v 0.12001800 0.02682200 -0.01009800
v 0.12117800 0.02681000 -0.01156700
v 0.12466000 0.02757900 -0.01199400
v 0.12336400 0.02785300 -0.00861000
v 0.12509600 0.02761400 -0.01067800
v 0.11339900 0.02360800 -0.01145600
v 0.12645900 0.02628000 -0.01525500
v 0.12462400 0.02520400 -0.01614600
v 0.12501600 0.02222700 -0.01707400
v 0.12849200 0.01963200 -0.01712100
v 0.12723000 0.02513000 -0.01590400
v 0.12977600 0.02445800 -0.01587400
v 0.12695500 0.02720200 -0.01377400
v 0.12944100 0.02747300 -0.01275800
v 0.12973900 0.02594700 -0.01503800
v 0.13083300 0.02650100 -0.01426900
v 0.12585300 0.02810000 -0.00867000
v 0.13313900 0.02468800 -0.01520700
v 0.13252600 0.02265200 -0.01584400
v 0.13401500 0.02677500 -0.01248300
v 0.13209400 0.02760700 -0.00978300
v 0.13535500 0.02537300 -0.01399900
v 0.13761200 0.02562100 -0.01228800
v 0.13761200 0.02562100 -0.01228800
v 0.13263200 0.01852700 -0.01655800
v 0.13015000 0.01449700 -0.01764900
v 0.12085300 0.02811000 -0.00308500
v 0.11764800 0.02718700 -0.00332200
v 0.12419700 0.02863900 -0.00302700
v 0.12764500 0.02838600 -0.00567900
v 0.11957100 0.02810700 -0.00017900
v 0.12207600 0.02870100 -0.00007300
v 0.11871200 0.02834600 0.00165100
v 0.12044600 0.02882900 0.00334700
v 0.12580500 0.02903800 0.00090900
v 0.12756400 0.02885100 -0.00141700
v 0.12360900 0.02927000 0.00326100
v 0.12893500 0.02893600 0.00101100
v 0.13155900 0.02791800 -0.00513900
v 0.13653100 0.02645800 -0.01018800
v 0.13543900 0.02691500 -0.00865700
v 0.13449500 0.02720900 -0.00663600
v 0.13110100 0.02820000 -0.00383400
v 0.12960400 0.02845700 -0.00150600
v 0.13335900 0.02786400 -0.00254700
v 0.13765900 0.02627000 -0.00579100
v 0.13681100 0.02654800 -0.00251800
v 0.13792700 0.02634000 -0.00127700
v 0.13696900 0.02397700 -0.01443000
v 0.13554100 0.02284900 -0.01524500
v 0.13854300 0.01994900 -0.01509400
v 0.14007900 0.02398100 -0.01295000
v 0.14007900 0.02398100 -0.01295000
v 0.14115400 0.02212000 -0.01388000
v 0.14115400 0.02212000 -0.01388000
v 0.13570400 0.01621200 -0.01636500
v 0.13756500 0.01639900 -0.01583300
v 0.13888200 0.01483000 -0.01586900
v 0.14469500 0.01832300 -0.01368000
v 0.14469500 0.01832300 -0.01368000
v 0.14422200 0.01528400 -0.01429800
v 0.14422200 0.01528400 -0.01429800
v 0.13286100 0.00995800 -0.01773200
v 0.13790700 0.01084800 -0.01664100
v 0.13803100 0.00568000 -0.01695300
v 0.14023800 0.00853500 -0.01613000
v 0.14048000 0.01236300 -0.01558200
v 0.14249800 0.01208500 -0.01518400
v 0.14758000 0.01477200 -0.01329500
v 0.14551800 0.01151600 -0.01434400
v 0.14551800 0.01151600 -0.01434400
v 0.13707400 0.00045800 -0.01744000
v 0.14210400 0.00697100 -0.01581600
v 0.14036600 0.00460600 -0.01649700
v 0.13945900 0.00295000 -0.01686900
v 0.14109000 0.00444600 -0.01611400
v 0.14332100 0.00379400 -0.01575300
v 0.14157300 0.00931100 -0.01587100
v 0.14786500 0.01033500 -0.01380400
v 0.14672300 0.00890500 -0.01412700
v 0.14595200 0.00673000 -0.01473600
v 0.14595200 0.00673000 -0.01473600
v 0.14815400 0.00826800 -0.01380200
v 0.14694600 0.00313300 -0.01453100
v 0.14694600 0.00313300 -0.01453100
v 0.15003500 0.00738000 -0.01337600
v 0.14233900 0.02354500 -0.01079100
v 0.14011000 0.02503900 -0.00880300
v 0.14346200 0.02203300 -0.01236000
v 0.14401000 0.02087500 -0.01295800
v 0.14541300 0.02137400 -0.01056200
v 0.14697300 0.01926900 -0.01182000
v 0.14032800 0.02495300 -0.00576400
v 0.14287500 0.02348500 -0.00771000
v 0.14160800 0.02428600 -0.00375300
v 0.14354100 0.02284100 -0.00529500
v 0.14574600 0.02125700 -0.00789900
v 0.14316600 0.02319400 -0.00255400
v 0.14551000 0.02146400 -0.00335200
v 0.14544200 0.02132500 -0.00648600
v 0.14754500 0.01953200 -0.00637800
v 0.14834100 0.01657000 -0.01254500
v 0.14874500 0.01781100 -0.01098100
v 0.15087800 0.01123800 -0.01262500
v 0.15111800 0.01392300 -0.01124200
v 0.15231800 0.01080400 -0.01150900
v 0.14835700 0.01866700 -0.00978100
v 0.14945200 0.01729200 -0.00713700
v 0.15113600 0.01486400 -0.00969200
v 0.14983000 0.01660200 -0.00402200
v 0.15144100 0.01439400 -0.00787200
v 0.15184100 0.01341400 -0.00650800
v 0.15353600 0.01017300 -0.00831200
v 0.15131400 0.00945600 -0.01252800
v 0.15332400 0.01001300 -0.01014100
v 0.15185600 0.01338300 -0.00249000
v 0.15282400 0.01154900 -0.00545400
v 0.15337200 0.00953400 -0.00417800
v 0.15419600 0.00766400 -0.00531300
v 0.12098500 0.02910000 0.00584700
v 0.11950200 0.02878500 0.00678600
v 0.12468300 0.02944900 0.00582100
v 0.12783700 0.02926600 0.00424000
v 0.12464400 0.02971300 0.01118200
v 0.12830900 0.02930400 0.00688900
v 0.13101800 0.02883200 0.00560600
v 0.12918700 0.02936700 0.01088300
v 0.13382600 0.02807000 0.00218900
v 0.13621800 0.02722600 0.00198200
v 0.13859200 0.02626100 0.00282800
v 0.13271700 0.02863300 0.01002600
v 0.13639400 0.02719800 0.00639600
v 0.13598900 0.02745100 0.00901900
v 0.13983100 0.02556400 0.00555800
v 0.13903900 0.02600000 0.00781800
v 0.12897500 0.02937200 0.01698400
v 0.13452300 0.02801700 0.01539400
v 0.12650300 0.02960500 0.02368800
v 0.13142000 0.02871200 0.02001100
v 0.13798300 0.02657600 0.01129700
v 0.13689700 0.02686500 0.01399600
v 0.13996000 0.02547300 0.01367200
v 0.14192300 0.02427900 0.01166800
v 0.14101800 0.02471700 0.01349200
v 0.13836400 0.02610500 0.01744200
v 0.14300300 0.02332500 0.01332900
v 0.14249600 0.02357300 0.01281000
v 0.13623400 0.02716400 0.01844000
v 0.13512400 0.02738800 0.01995200
v 0.13390500 0.02798600 0.02089800
v 0.13458700 0.02748200 0.02290900
v 0.13630400 0.02693500 0.02190900
v 0.14000500 0.02498400 0.01912700
v 0.14157300 0.02435600 0.01521800
v 0.14218600 0.02364900 0.01576100
v 0.14164900 0.02418400 0.01801700
v 0.14303300 0.02290000 0.01833100
v 0.14040600 0.02506800 0.00022000
v 0.14336800 0.02332500 0.00029500
v 0.14509200 0.02183700 -0.00021300
v 0.14202300 0.02428400 0.00449600
v 0.14706100 0.02011200 -0.00100900
v 0.14376100 0.02297100 0.00388900
v 0.14448500 0.02257400 0.00222300
v 0.14444500 0.02250400 0.00593100
v 0.14285900 0.02351700 0.00570700
v 0.14245700 0.02404100 0.00758200
v 0.14328800 0.02326800 0.00816900
v 0.14672500 0.02036700 0.00428800
v 0.14770700 0.01943700 0.00259300
v 0.14490000 0.02201000 0.00979300
v 0.14715000 0.02003900 0.00558300
v 0.15006100 0.01614400 0.00449700
v 0.14786200 0.01879600 0.00923200
v 0.14817400 0.01874800 0.00612900
v 0.14885900 0.01755300 0.00517800
v 0.14964600 0.01710700 -0.00167400
v 0.15077800 0.01525200 -0.00150800
v 0.14901400 0.01774000 0.00152200
v 0.15014100 0.01578600 0.00015800
v 0.15068500 0.01547200 0.00182400
v 0.15348700 0.00949900 -0.00177600
v 0.15218000 0.01273800 0.00035400
v 0.15168200 0.01317100 0.00568600
v 0.14957800 0.01687800 0.00613000
v 0.15152700 0.01316000 0.00906000
v 0.15385600 0.00782200 0.00193300
v 0.15309000 0.00961100 0.00687100
v 0.15450100 0.00467600 0.00330800
v 0.15397900 0.00628600 0.00663600
v 0.14187300 0.02430000 0.00979700
v 0.14330200 0.02306200 0.01070300
v 0.14558900 0.02126500 0.01048600
v 0.14398900 0.02247100 0.01468000
v 0.14589800 0.02096200 0.01227700
v 0.14763100 0.01861100 0.01394300
v 0.14860600 0.01786500 0.01067700
v 0.14997000 0.01581700 0.01102900
v 0.14913100 0.01652700 0.01405400
v 0.14561000 0.02074100 0.01574700
v 0.14447000 0.02151800 0.01905900
v 0.14616100 0.02019800 0.01681800
v 0.14554000 0.02038600 0.01813700
v 0.14610900 0.01984600 0.01942700
v 0.14787900 0.01834300 0.01536000
v 0.14800400 0.01774200 0.01712500
v 0.14688700 0.01882700 0.02089400
v 0.14916600 0.01593400 0.01845200
v 0.15078800 0.01372100 0.01505500
v 0.15210900 0.01094800 0.01371900
v 0.15326800 0.00843700 0.01037200
v 0.15195700 0.00972000 0.01973600
v 0.15274200 0.00814600 0.01632200
v 0.15074600 0.01269500 0.01946600
v 0.10146200 -0.01534700 0.00169900
v 0.10146200 -0.01534700 0.00169900
v 0.10271200 -0.01725100 0.00169300
v 0.10271200 -0.01725100 0.00169300
v 0.10058000 -0.01506600 0.00368500
v 0.10504700 -0.01951000 0.00054400
v 0.10504700 -0.01951000 0.00054400
v 0.10720500 -0.02137200 -0.00051400
v 0.10720500 -0.02137200 -0.00051400
v 0.10644100 -0.02147900 0.00302300
v 0.10954700 -0.02362700 0.00159600
v 0.10211500 -0.01814800 0.00669700
v 0.10452200 -0.02045400 0.00575400
v 0.10621000 -0.02183900 0.00503700
v 0.10441600 -0.02114200 0.00845700
v 0.10314900 -0.02029900 0.00993900
v 0.10755600 -0.02318300 0.00615300
v 0.10638500 -0.02304700 0.00908000
v 0.10800000 -0.02406600 0.00954100
v 0.11521000 -0.02562700 -0.00316700
v 0.11254600 -0.02506300 0.00025600
v 0.11373200 -0.02606800 0.00277600
v 0.11424600 -0.02563000 -0.00157000
v 0.11591800 -0.02637700 -0.00029800
v 0.11409900 -0.02592400 0.00118400
v 0.10932800 -0.02374200 0.00335800
v 0.10992400 -0.02473800 0.00626300
v 0.10896200 -0.02452500 0.00748400
v 0.11243900 -0.02592400 0.00495200
v 0.11374600 -0.02683400 0.00737100
v 0.11196700 -0.02631200 0.00908800
v 0.11573900 -0.02725200 0.00547700
v 0.11653700 -0.02725800 0.00478200
v 0.11746400 -0.02758100 0.00340100
v 0.11759500 -0.02789200 0.00561600
v 0.10152100 -0.01923800 0.01364700
v 0.10280400 -0.02041100 0.01246200
v 0.10337700 -0.02055900 0.01129400
v 0.10419400 -0.02165600 0.01139000
v 0.10567700 -0.02254200 0.01094300
v 0.13907100 -0.00031300 -0.01698300
v 0.13839100 -0.00242500 -0.01697400
v 0.14080800 -0.00260200 -0.01646600
v 0.14159400 0.00058400 -0.01622000
v 0.13794500 -0.00476600 -0.01722600
v 0.13990900 -0.00413600 -0.01684800
v 0.14394700 -0.00051600 -0.01564400
v 0.14775600 -0.00424600 -0.01425400
v 0.14775600 -0.00424600 -0.01425400
v 0.14129600 -0.00485100 -0.01620800
v 0.14218000 -0.00635100 -0.01600900
v 0.14063000 -0.00775000 -0.01619400
v 0.14265900 -0.00966500 -0.01559100
v 0.14491300 -0.00675600 -0.01501900
v 0.14691400 -0.00092600 -0.01454400
v 0.14691400 -0.00092600 -0.01454400
v 0.14233200 -0.01464700 -0.01512400
v 0.11749900 -0.02628900 -0.00410500
v 0.11615900 -0.02595800 -0.00423200
v 0.11701300 -0.02669900 -0.00133300
v 0.12063500 -0.02734600 -0.00267100
v 0.12123700 -0.02722400 -0.00492400
v 0.11895200 -0.02736000 -0.00061900
v 0.12039800 -0.02741800 -0.00108400
v 0.12127700 -0.02776400 -0.00089300
v 0.12274400 -0.02757300 -0.00419200
v 0.12478200 -0.02787100 -0.00353400
v 0.11859700 -0.02767100 0.00274800
v 0.12014000 -0.02774700 0.00117700
v 0.12130500 -0.02852100 0.00521600
v 0.12186500 -0.02813200 0.00089400
v 0.12439000 -0.02835800 0.00049100
v 0.12304200 -0.02822300 0.00208900
v 0.12430500 -0.02861600 0.00286200
v 0.12721900 -0.02843000 0.00129300
v 0.12627700 -0.02849500 0.00267800
v 0.13573700 -0.02598600 -0.00937200
v 0.13736300 -0.02522700 -0.00997900
v 0.13533200 -0.02625000 -0.00672000
v 0.13865900 -0.02502700 -0.00686400
v 0.13655900 -0.02610000 -0.00522900
v 0.13347200 -0.02695600 -0.00566700
v 0.13778300 -0.02555800 -0.00438700
v 0.13427800 -0.02697800 -0.00266700
v 0.13872500 -0.02540100 -0.00286000
v 0.12794600 -0.02766000 -0.00571100
v 0.13077000 -0.02708800 -0.00759500
v 0.12959800 -0.02794900 -0.00174200
v 0.12934200 -0.02754500 -0.00468000
v 0.13161100 -0.02743900 -0.00546000
v 0.13214600 -0.02778800 -0.00049700
v 0.13104900 -0.02788800 0.00114200
v 0.13490800 -0.02702700 0.00132800
v 0.13496700 -0.02693700 -0.00111900
v 0.12125900 -0.02885200 0.00701200
v 0.12391600 -0.02899800 0.00654200
v 0.12579500 -0.02863000 0.00497300
v 0.12702800 -0.02881100 0.00521000
v 0.12891900 -0.02862900 0.00411000
v 0.12741200 -0.02903900 0.00786600
v 0.12389800 -0.02919900 0.01105900
v 0.12764000 -0.02918900 0.01228300
v 0.13039200 -0.02872700 0.01018500
v 0.12983600 -0.02899500 0.01399100
v 0.13909500 -0.02521500 -0.00179100
v 0.14023900 -0.02465100 -0.00116600
v 0.13732300 -0.02607100 0.00095100
v 0.13910600 -0.02545700 0.00271000
v 0.14036000 -0.02452800 0.00175300
v 0.14125600 -0.02426500 0.00334100
v 0.14344000 -0.02261800 0.00266200
v 0.14046600 -0.02477700 0.00482500
v 0.14117600 -0.02406200 0.00480700
v 0.14075900 -0.02459900 0.00619500
v 0.13303800 -0.02733500 0.00088200
v 0.13120000 -0.02826100 0.00382900
v 0.13441500 -0.02751400 0.00593500
v 0.12933300 -0.02856300 0.00567900
v 0.13113800 -0.02841600 0.00584200
v 0.12999700 -0.02855500 0.00726700
v 0.13046000 -0.02867300 0.00628800
v 0.13732600 -0.02629800 0.00443500
v 0.13234200 -0.02811300 0.00866600
v 0.13279000 -0.02818400 0.01038400
v 0.13403800 -0.02783600 0.01328700
v 0.13673700 -0.02672300 0.00769300
v 0.13661000 -0.02687800 0.01148400
v 0.13960100 -0.02526000 0.00871700
v 0.13934300 -0.02563500 0.01014300
v 0.14201400 -0.02369100 0.00790900
v 0.15423500 0.00304300 0.00922400
v 0.15379400 0.00453700 0.01354600
v 0.15399800 0.00247500 0.01302500
v 0.15429300 -0.00004300 0.01035900
v 0.15390500 0.00183300 0.01535200
v 0.15381300 -0.00139600 0.01542400
v 0.15294300 0.00620900 0.01953100
v 0.15352000 0.00024100 0.01885600
v 0.15361700 -0.00375300 0.01704400
v 0.15342400 0.00360500 0.01955500
v 0.15322200 0.00324500 0.02121400
v 0.15329400 -0.00217800 0.02058100
v 0.15310400 -0.00520600 0.01889500
v 0.15243900 -0.00589600 0.02418600
v 0.15248100 -0.00782900 0.01921000
v 0.15115400 -0.01149700 0.01958100
v 0.15038000 -0.01264300 0.02179700
v 0.15089400 -0.01034700 0.02590300
v 0.14359400 -0.02263800 0.00530300
v 0.14427400 -0.02205200 0.00951300
v 0.14241400 -0.02348000 0.00934900
v 0.14436100 -0.02182300 0.01126700
v 0.14263100 -0.02347800 0.01144400
v 0.13175300 -0.02860900 0.01632400
v 0.13032700 -0.02885100 0.01645600
v 0.13473400 -0.02753300 0.01759100
v 0.13148500 -0.02845000 0.01831900
v 0.13292000 -0.02821700 0.01784500
v 0.13629000 -0.02703000 0.01576100
v 0.13896800 -0.02562300 0.01263100
v 0.14157600 -0.02398200 0.01115200
v 0.14103400 -0.02445900 0.01418100
v 0.14166700 -0.02370300 0.01310500
v 0.13891000 -0.02570700 0.01490100
v 0.13183100 -0.02867200 0.02028000
v 0.13319200 -0.02805900 0.02075300
v 0.13784400 -0.02613100 0.01897100
v 0.14061500 -0.02455000 0.01728500
v 0.13532200 -0.02730400 0.02055700
v 0.13177100 -0.02874000 0.02252000
v 0.13514700 -0.02729900 0.02482400
v 0.13865000 -0.02552200 0.02164000
v 0.14221900 -0.02331700 0.01625300
v 0.14380700 -0.02230100 0.01296500
v 0.14528600 -0.02073800 0.01432500
v 0.14141300 -0.02377500 0.02122100
v 0.14432600 -0.02159200 0.01815800
v 0.14885600 -0.01548200 0.02194100
v 0.14796300 -0.01761300 0.01599600
v 0.15045400 -0.01336400 0.01828200
v 0.14659600 -0.01876700 0.02162300
v 0.14449600 -0.02107700 0.02223000
v 0.14947200 -0.01363000 0.02593300
v 0.14790800 -0.01608300 0.02708900
v 0.14699200 -0.01707600 0.02922500
v 0.14561400 -0.01934100 0.02585000
v 0.13778100 -0.02591700 0.02542300
v 0.13582700 -0.02701000 0.02630000
v 0.13677800 -0.02617500 0.02830200
v 0.14092100 -0.02395100 0.02366100
v 0.14047400 -0.02397200 0.02669200
v 0.14247500 -0.02263100 0.02550300
v 0.14095200 -0.02363100 0.02464700
v 0.14287500 -0.02163700 0.02954600
v 0.14015900 -0.02403600 0.02934600
v 0.13822100 -0.02545900 0.03005400
v 0.13446800 -0.02744200 0.02985100
v 0.13785000 -0.02523100 0.03200800
v 0.13505000 -0.02679300 0.03121100
v 0.14183700 -0.02293400 0.03076200
v 0.13957700 -0.02400400 0.03224400
v 0.14488700 -0.01963400 0.02942000
v 0.15313600 0.00585800 -0.01217900
v 0.15378600 0.00688700 -0.01128100
v 0.15429000 0.00737600 -0.00944700
v 0.15234500 -0.00007700 -0.01277000
v 0.15426200 -0.00112100 -0.01149900
v 0.15471800 0.00266100 -0.01071700
v 0.15515800 0.00297500 -0.00939600
v 0.15506200 -0.00069900 -0.01028900
v 0.15527400 -0.00128600 -0.00807200
v 0.15491700 0.00493800 -0.00715200
v 0.15499700 0.00382600 -0.00549200
v 0.15515800 -0.00126200 -0.00504500
v 0.15474200 0.00478100 -0.00326600
v 0.15445700 0.00551600 -0.00123400
v 0.15490300 0.00437300 -0.00227600
v 0.15498500 0.00272900 -0.00157700
v 0.15481300 0.00176600 0.00036900
v 0.14735900 -0.00776800 -0.01417200
v 0.15248800 -0.00307000 -0.01260800
v 0.15083900 -0.00849300 -0.01300600
v 0.15083900 -0.00849300 -0.01300600
v 0.14680300 -0.00679200 -0.01455100
v 0.14690900 -0.01130000 -0.01418000
v 0.15277700 -0.00784600 -0.01193200
v 0.15054000 -0.01151100 -0.01266900
v 0.15054000 -0.01151100 -0.01266900
v 0.15077000 -0.01327700 -0.01181400
v 0.15077000 -0.01327700 -0.01181400
v 0.15251200 -0.01111500 -0.01045300
v 0.14566000 -0.01352700 -0.01416600
v 0.14885100 -0.01375900 -0.01303000
v 0.14186600 -0.01764100 -0.01470400
v 0.14049500 -0.02015200 -0.01479400
v 0.14261000 -0.02024600 -0.01395100
v 0.14546900 -0.01755100 -0.01375700
v 0.14537600 -0.01939600 -0.01290400
v 0.14537600 -0.01939600 -0.01290400
v 0.14595500 -0.01993400 -0.01131800
v 0.14409600 -0.02100900 -0.01244100
v 0.14800200 -0.01675400 -0.01252300
v 0.14800200 -0.01675400 -0.01252300
v 0.15026300 -0.01538400 -0.01002200
v 0.15179000 -0.01306400 -0.00971900
v 0.14768200 -0.01836400 -0.01098900
v 0.14389000 -0.02189500 -0.01043500
v 0.14505600 -0.02097500 -0.00908100
v 0.14827600 -0.01801900 -0.00908100
v 0.14622800 -0.01995500 -0.00746300
v 0.14832700 -0.01802000 -0.00642600
v 0.15416900 -0.00549800 -0.01075700
v 0.15469100 -0.00503400 -0.00876500
v 0.15352900 -0.00893400 -0.00998200
v 0.15298300 -0.01051500 -0.00930600
v 0.15375200 -0.00862800 -0.00669300
v 0.15198600 -0.01246600 -0.00701600
v 0.15276700 -0.01121800 -0.00504100
v 0.15360700 -0.00860900 -0.00465800
v 0.15508800 -0.00084400 -0.00166500
v 0.15464700 -0.00504200 -0.00234400
v 0.15412700 -0.00753600 -0.00197000
v 0.15112700 -0.01411400 -0.00518500
v 0.15273500 -0.01086000 -0.00243700
v 0.14594400 -0.02018300 -0.00510100
v 0.14848100 -0.01767100 -0.00428600
v 0.15017200 -0.01539500 -0.00214100
v 0.15049900 -0.01518200 -0.00346200
v 0.14766700 -0.01882000 -0.00294700
v 0.14920300 -0.01694100 0.00014900
v 0.15062900 -0.01456100 0.00471900
v 0.15081200 -0.01438600 0.00161100
v 0.15164400 -0.01302800 -0.00001200
v 0.15300500 -0.01026800 0.00052100
v 0.14190800 -0.02278200 -0.01210000
v 0.14086500 -0.02364000 -0.01124700
v 0.13848000 -0.02482000 -0.01154200
v 0.14094800 -0.02374300 -0.00868000
v 0.14260500 -0.02285100 -0.00780700
v 0.14142800 -0.02351300 -0.00660800
v 0.14381200 -0.02217700 -0.00636700
v 0.14206400 -0.02345100 -0.00371500
v 0.14468100 -0.02154700 -0.00428200
v 0.13996800 -0.02463400 -0.00509100
v 0.14521300 -0.02111500 -0.00087900
v 0.14277800 -0.02300300 -0.00091800
v 0.14751800 -0.01887000 -0.00130700
v 0.14671300 -0.01946500 -0.00007400
v 0.14683700 -0.01971200 0.00298900
v 0.14854000 -0.01766400 0.00187900
v 0.14613000 -0.02040000 0.00153400
v 0.14816900 -0.01825700 0.00419900
v 0.15484000 0.00211200 0.00218500
v 0.15489000 -0.00144200 0.00117400
v 0.15473300 0.00021900 0.00395500
v 0.15439500 -0.00379500 0.00475200
v 0.15428300 -0.00520700 0.00206200
v 0.15410300 -0.00616600 0.00403200
v 0.15354100 -0.00808600 0.00115300
v 0.15465800 0.00157300 0.00628400
v 0.15452700 -0.00146700 0.00672100
v 0.15412500 -0.00429300 0.00807800
v 0.15384900 -0.00639900 0.00711000
v 0.15408600 -0.00329800 0.01021400
v 0.15411200 -0.00297900 0.00840100
v 0.15176200 -0.01264700 0.00356400
v 0.15281000 -0.01005100 0.00232200
v 0.15281400 -0.01031400 0.00409600
v 0.15325100 -0.00843000 0.00574600
v 0.15233700 -0.01101900 0.00562800
v 0.14996500 -0.01571900 0.00663400
v 0.15160700 -0.01283000 0.00618100
v 0.15110500 -0.01342700 0.00887200
v 0.15344800 -0.00675600 0.00898500
v 0.15230400 -0.01081900 0.00905800
v 0.15326700 -0.00816100 0.00992600
v 0.15091000 -0.01309600 0.01358200
v 0.15110900 -0.01324800 0.01162600
v 0.15172400 -0.01144100 0.01224800
v 0.15192100 -0.01083100 0.01457000
v 0.15389600 -0.00336100 0.01312000
v 0.15400000 -0.00428500 0.01189000
v 0.15332000 -0.00679400 0.01257400
v 0.14720900 -0.01921800 0.00646700
v 0.14897600 -0.01685500 0.00795700
v 0.14888500 -0.01708100 0.00991900
v 0.14601600 -0.02055500 0.00733200
v 0.14489600 -0.02133800 0.00895800
v 0.14709100 -0.01913400 0.01124500
v 0.14856700 -0.01704600 0.01235200
v 0.14990500 -0.01482700 0.01476900
v 0.14931400 -0.01514800 0.01631800
v 0.12613200 0.02935400 0.02616800
v 0.12968800 0.02892400 0.02521800
v 0.12863800 0.02892800 0.02783400
v 0.12705600 0.02959700 0.02911800
v 0.13332100 0.02787700 0.02523900
v 0.13156200 0.02822300 0.02837900
v 0.13169000 0.02843700 0.02964700
v 0.12912900 0.02885200 0.03058100
v 0.12889300 0.02897600 0.03221500
v 0.13108700 0.02817900 0.03487500
v 0.13084900 0.02840800 0.03188800
v 0.13201800 0.02821000 0.03267800
v 0.13449700 0.02748800 0.02989600
v 0.13576400 0.02651300 0.02865500
v 0.13337800 0.02752300 0.03192200
v 0.13661900 0.02623000 0.03061700
v 0.13421000 0.02709600 0.03486400
v 0.13898500 0.02550900 0.02240700
v 0.13703900 0.02615000 0.02633000
v 0.13913500 0.02501900 0.02498600
v 0.14145500 0.02393700 0.02149000
v 0.14150400 0.02364500 0.02287600
v 0.14273500 0.02259800 0.02145800
v 0.14063900 0.02416200 0.02480700
v 0.14429000 0.02128900 0.02262700
v 0.14427000 0.02128500 0.02386000
v 0.14198600 0.02291000 0.02658600
v 0.13848000 0.02516500 0.02658700
v 0.13914800 0.02456900 0.02893700
v 0.13971500 0.02463000 0.03077700
v 0.14094000 0.02320200 0.02905100
v 0.14090200 0.02351800 0.02712100
v 0.14419400 0.02089400 0.02574900
v 0.14389100 0.02080300 0.02781300
v 0.14222900 0.02258300 0.03100200
v 0.14431500 0.02011800 0.02993600
v 0.13164800 0.02798000 0.03619400
v 0.13119100 0.02783800 0.03966200
v 0.13244700 0.02753000 0.03623200
v 0.13704700 0.02571600 0.03389000
v 0.13547000 0.02625900 0.03664600
v 0.13333500 0.02695900 0.03895500
v 0.13142300 0.02742600 0.04266500
v 0.13240300 0.02715200 0.04317200
v 0.13603000 0.02558300 0.04072400
v 0.13713300 0.02520900 0.03869400
v 0.13306400 0.02633800 0.04689900
v 0.13608000 0.02501500 0.04444800
v 0.13899900 0.02376300 0.03976100
v 0.13899100 0.02470500 0.03214600
v 0.13725200 0.02546600 0.03556200
v 0.13908700 0.02428600 0.03501700
v 0.14093100 0.02301300 0.03409300
v 0.13830600 0.02425700 0.03755300
v 0.14166600 0.02183400 0.03664100
v 0.14131800 0.02267600 0.03269800
v 0.14283100 0.02146500 0.03381000
v 0.14446300 0.02059000 0.03147700
v 0.14412600 0.02019600 0.03295200
v 0.14501400 0.01898400 0.03480900
v 0.14037600 0.02237500 0.04133400
v 0.14406900 0.02185000 0.02072300
v 0.14586000 0.01936000 0.02412300
v 0.14831700 0.01640000 0.02240700
v 0.14970300 0.01398900 0.02333100
v 0.14698400 0.01802000 0.02457200
v 0.14870700 0.01545300 0.02500700
v 0.14509300 0.01998100 0.02700400
v 0.14760000 0.01663100 0.02618200
v 0.14641800 0.01807700 0.02819200
v 0.14665200 0.01784600 0.03154000
v 0.14568900 0.01870300 0.02965700
v 0.14627600 0.01765200 0.02987100
v 0.14773700 0.01585300 0.03015700
v 0.14878900 0.01403700 0.03034900
v 0.13118700 0.02730700 0.04635500
v 0.14450700 0.01881500 0.03838300
v 0.13888500 0.02272900 0.04740900
v 0.14192200 0.02129200 0.03955400
v 0.14295200 0.01975100 0.04159400
v 0.14556200 0.01699900 0.04034300
v 0.14603300 0.01669900 0.03815700
v 0.14335100 0.01889300 0.04443100
v 0.15137400 0.00879000 0.02675400
v 0.15119000 0.01046200 0.02361400
v 0.15042000 0.01142100 0.02777000
v 0.15000100 0.01117800 0.03029100
v 0.15123900 0.00746200 0.03060700
v 0.15238900 0.00551800 0.02507400
v 0.15324100 0.00216700 0.02290700
v 0.15299400 0.00258300 0.02425900
v 0.15304300 0.00005500 0.02308700
v 0.15269200 0.00150800 0.02731300
v 0.15211700 0.00497600 0.02810700
v 0.15161600 0.00536200 0.03066400
v 0.15319700 -0.00141000 0.02279600
v 0.15262500 -0.00018800 0.02514900
v 0.15276000 -0.00241400 0.02532600
v 0.15251100 -0.00061200 0.02744700
v 0.15230800 -0.00472200 0.02674400
v 0.15115700 -0.00727800 0.03040700
v 0.15207900 -0.00385800 0.02883100
v 0.15232800 0.00030200 0.02945500
v 0.15204700 -0.00120600 0.02976100
v 0.15205000 0.00174300 0.03101500
v 0.15216700 0.00178900 0.03257300
v 0.15203800 -0.00190900 0.03128400
v 0.15198700 -0.00312300 0.03244300
v 0.15174500 -0.00164700 0.03421500
v 0.15160400 -0.00552000 0.03244200
v 0.15175500 -0.00405200 0.03153300
v 0.14873200 0.01426900 0.03212700
v 0.14718700 0.01634600 0.03370600
v 0.14649600 0.01707000 0.03390400
v 0.14751300 0.01537600 0.03414100
v 0.14790700 0.01405300 0.03692400
v 0.14922700 0.01215600 0.03435400
v 0.15030800 0.01094000 0.03222600
v 0.15147600 0.00711700 0.03225100
v 0.15086500 0.00788600 0.03386600
v 0.15155300 0.00322300 0.03432200
v 0.15007200 0.00842300 0.03753400
v 0.14688500 0.01388400 0.04286400
v 0.14838500 0.01232300 0.03910200
v 0.14876400 0.00926600 0.04284900
v 0.15064100 0.00348800 0.03990600
v 0.14880500 0.00675100 0.04682400
v 0.14981300 0.00190000 0.04530600
v 0.15030500 -0.00081600 0.04221000
v 0.14933300 -0.00085000 0.04857600
v 0.14989100 -0.00348100 0.04365900
v 0.15117400 -0.00458200 0.03499700
v 0.15083700 -0.00049900 0.03929000
v 0.15082900 -0.00439500 0.03770600
v 0.14989700 -0.01133000 0.03000600
v 0.14918500 -0.01287400 0.03088900
v 0.14743600 -0.01612900 0.03130100
v 0.14557800 -0.01879700 0.03134700
v 0.14676300 -0.01560800 0.03722700
v 0.14876000 -0.01160600 0.03744200
v 0.14686500 -0.01445500 0.04048900
v 0.15053300 -0.00954200 0.03219800
v 0.14891800 -0.01344300 0.03205600
v 0.15024700 -0.00897600 0.03415800
v 0.14733900 -0.01539200 0.03391400
v 0.14596300 -0.01778000 0.03266600
v 0.14313600 -0.02033000 0.03723000
v 0.14407900 -0.01987500 0.03307900
v 0.14192600 -0.02190700 0.03250000
v 0.14246700 -0.02136100 0.03512300
v 0.13772000 -0.02512200 0.03385000
v 0.14022500 -0.02334300 0.03503100
v 0.14104900 -0.02222600 0.03657400
v 0.13660400 -0.02552400 0.03712000
v 0.13876500 -0.02386800 0.03899600
v 0.14189800 -0.01980500 0.04673700
v 0.14055000 -0.02220800 0.04142100
v 0.13908200 -0.02296000 0.04391700
v 0.14234200 -0.01726800 0.05462100
v 0.14027300 -0.02023900 0.05277500
v 0.14913900 -0.00922000 0.04070000
v 0.14931200 -0.00722600 0.04337700
v 0.14846200 -0.00508200 0.05073800
v 0.14734700 -0.01235300 0.04398300
v 0.14774900 -0.00902700 0.04941900
v 0.14479600 -0.01720800 0.04205800
v 0.14387700 -0.01721700 0.04758400
v 0.14553500 -0.01398800 0.04924300
v 0.13672400 0.02418700 0.04820000
v 0.13370800 0.02525800 0.05244500
v 0.13741900 0.02327300 0.04928900
v 0.13558100 0.02355900 0.05556100
v 0.13586100 0.02400000 0.05217900
v 0.13864800 0.02172800 0.05332000
v 0.14116600 0.01967400 0.05099500
v 0.14403200 0.01716900 0.04711500
v 0.14534100 0.01596900 0.04500600
v 0.14580300 0.01424800 0.04773200
v 0.14242800 0.01719300 0.05446000
v 0.14284800 0.01797600 0.05032800
v 0.14442100 0.01531000 0.05135100
v 0.14643300 0.01233800 0.04928200
v 0.14574100 0.01179600 0.05388700
v 0.14765700 0.00853600 0.05009000
v 0.13575200 0.02150200 0.06388000
v 0.13776400 0.02129100 0.05787800
v 0.13965300 0.01969400 0.05707500
v 0.13902500 0.01832200 0.06402000
v 0.13362600 0.02279200 0.06486700
v 0.13276600 0.02275300 0.06797400
v 0.13606500 0.02039600 0.06742600
v 0.14374300 0.01394800 0.05763700
v 0.14119400 0.01551700 0.06370400
v 0.14369300 0.01178900 0.06217500
v 0.14658900 0.00902200 0.05463000
v 0.14686100 0.00609600 0.05717900
v 0.14512100 0.00794500 0.06235800
v 0.14150500 0.01107300 0.07195000
v 0.14314400 0.00882700 0.06909100
v 0.14416200 0.00506600 0.06907000
v 0.14587000 0.00374100 0.06317500
v 0.13278300 -0.00622600 0.07575700
v 0.12880000 -0.00187600 0.07605700
v 0.14382200 0.00063600 0.07222300
v 0.14566400 -0.00073100 0.06494300
v 0.14804900 0.00910600 0.04758500
v 0.14829200 0.00463000 0.05180500
v 0.14694700 0.00953600 0.05262600
v 0.14782800 0.00188800 0.05560200
v 0.14661300 -0.01064900 0.05211600
v 0.14700400 -0.00551000 0.05717900
v 0.14734000 -0.00131400 0.05819400
v 0.14644700 -0.00740800 0.05780900
v 0.14500000 -0.01252300 0.05587200
v 0.14369600 -0.01558400 0.05421800
v 0.14264600 -0.01401500 0.06209400
v 0.14018400 -0.01861300 0.05906200
v 0.14301800 -0.01491500 0.05840700
v 0.14441000 -0.01004600 0.06259700
v 0.14577300 -0.00280000 0.06393800
v 0.14476800 -0.00400300 0.06745000
v 0.14057700 -0.01521900 0.06668500
v 0.14233000 -0.01162600 0.06795500
v 0.14104500 -0.01286300 0.07020700
v 0.14387500 -0.00784600 0.06735500
v 0.14351100 -0.00368300 0.07269500
v 0.14252000 -0.00835800 0.07174000
v 0.14127600 -0.01046800 0.07309200
v 0.12431000 0.02456200 0.07268300
v 0.12431000 0.02456200 0.07268300
v 0.12358900 0.02263500 0.07336400
v 0.12662700 0.02416500 0.07246200
v 0.12853500 0.02393900 0.07181100
v 0.12725900 0.02239700 0.07358100
v 0.12725900 0.02239700 0.07358100
v 0.13056700 0.02224000 0.07287500
v 0.13195200 0.01938300 0.07420200
v 0.13195200 0.01938300 0.07420200
v 0.13425300 0.01900400 0.07371700
v 0.12898800 0.01659900 0.07474000
v 0.12624700 0.01084100 0.07542800
v 0.13254700 0.01181500 0.07533000
v 0.13400100 0.02054100 0.07224900
v 0.13545500 0.01954100 0.07161700
v 0.13595500 0.01809500 0.07320300
v 0.13787200 0.01664300 0.07250400
v 0.13778100 0.01515800 0.07402900
v 0.13617100 0.01485200 0.07480300
v 0.13617100 0.01485200 0.07480300
v 0.13945700 0.01445900 0.07247100
v 0.13989400 0.01173500 0.07427100
v 0.13989400 0.01173500 0.07427100
v 0.13908600 0.00913700 0.07520200
v 0.13012600 0.00768300 0.07577800
v 0.13449600 0.00622300 0.07572500
v 0.13270200 0.00176500 0.07601500
v 0.13857800 -0.00049700 0.07572900
v 0.14174800 0.00855300 0.07359300
v 0.14300500 0.00626800 0.07248300
v 0.14221100 0.00601900 0.07413800
v 0.14152200 0.00195600 0.07524600
v 0.14152200 0.00195600 0.07524600
v 0.14078400 0.00719300 0.07498900
v 0.14078400 0.00719300 0.07498900
v 0.14219700 0.00269700 0.07475900
v 0.14284000 0.00029800 0.07431900
v 0.14301400 -0.00314900 0.07394100
v 0.14311900 0.00270800 0.07353900
v 0.14133200 -0.00321400 0.07525400
v 0.14133200 -0.00321400 0.07525400
v 0.13850500 -0.00479000 0.07554800
v 0.13675800 -0.01185900 0.07508400
v 0.14251100 -0.00543900 0.07396200
v 0.14171700 -0.00753100 0.07416300
v 0.14057400 -0.00687600 0.07508500
v 0.14057400 -0.00687600 0.07508500
v 0.13939600 -0.01213400 0.07439300
v 0.13939600 -0.01213400 0.07439300
v 0.13994200 -0.01192800 0.07402600
v 0.09461200 0.01525600 0.05602200
v 0.09415600 0.01510300 0.05761800
v 0.09114100 0.00705700 0.05719700
v 0.08984900 0.00023900 0.05792800
v 0.09014200 -0.00100600 0.05755600
v 0.02317000 0.00183900 0.02499800
v 0.03871500 0.00174700 0.02651300
v 0.04002800 -0.00059900 0.02686300
v 0.03234200 -0.00291200 0.02586800
v 0.03234200 -0.00291200 0.02586800
v 0.02453800 -0.00335000 0.02500100
v 0.02453800 -0.00335000 0.02500100
v 0.04061600 0.00260700 0.02614200
v 0.03943600 -0.00334100 0.02625300
v 0.03943600 -0.00334100 0.02625300
v 0.04187600 -0.00262800 0.02691600
v 0.04988800 -0.00655200 0.02306100
v 0.04988800 -0.00655200 0.02306100
v 0.04883500 -0.00322400 0.02732000
v 0.04883500 -0.00322400 0.02732000
v 0.05053800 -0.00625600 0.02424700
v 0.04763200 -0.00238700 0.02757800
v 0.06053500 -0.00368900 0.02870300
v 0.06053500 -0.00368900 0.02870300
v 0.06053500 -0.00368900 0.02870300
v 0.06209700 -0.00630000 0.02610500
v 0.06209700 -0.00630000 0.02610500
v 0.10123100 -0.02060800 0.02062900
v 0.09905700 -0.01846100 0.02297800
v 0.08582300 -0.00865700 0.03098100
v 0.09330700 -0.01247800 0.03012000
v 0.09383400 -0.01356700 0.02763500
v 0.09464100 -0.01312600 0.02982100
v 0.09268400 -0.01075500 0.03263100
v 0.09388800 -0.01154800 0.03307000
v 0.09464400 -0.01275400 0.03109600
v 0.09545900 -0.01453600 0.03341900
v 0.09568800 -0.01431000 0.02639300
v 0.09651500 -0.01521500 0.02540000
v 0.09808700 -0.01780600 0.02443300
v 0.09558200 -0.01407600 0.02829600
v 0.09757500 -0.01714500 0.02756400
v 0.09827700 -0.01787000 0.02652600
v 0.09684500 -0.01572600 0.02833500
v 0.09945600 -0.01951200 0.02449100
v 0.10105700 -0.02079200 0.02386300
v 0.10148400 -0.02162500 0.02486800
v 0.09943400 -0.01940800 0.02704000
v 0.10090100 -0.02105700 0.02778000
v 0.09623900 -0.01540700 0.03012000
v 0.09714400 -0.01679100 0.02887000
v 0.09719900 -0.01698100 0.03136600
v 0.09848300 -0.01879100 0.03116400
v 0.09670100 -0.01674900 0.03420200
v 0.09745200 -0.01726700 0.03381900
v 0.09780600 -0.01797300 0.03302500
v 0.09953700 -0.01981100 0.02945800
v 0.10099200 -0.02137400 0.02857600
v 0.10013400 -0.02029900 0.02945200
v 0.10225000 -0.02226300 0.02902600
v 0.10071100 -0.02114300 0.03000900
v 0.10026200 -0.02095400 0.03332800
v 0.09888100 -0.01955000 0.03431700
v 0.10175800 -0.02205100 0.03140400
v 0.10288000 -0.02274700 0.03101500
v 0.10245600 -0.02295600 0.03307300
v 0.09259700 -0.00960200 0.03921200
v 0.09358200 -0.01130600 0.03649800
v 0.09486000 -0.01332100 0.03487700
v 0.09427900 -0.01321000 0.03677200
v 0.09584600 -0.01568400 0.03749200
v 0.09385000 -0.01211500 0.03823500
v 0.09298600 -0.01032200 0.04105800
v 0.09535700 -0.01501600 0.04024900
v 0.09218000 -0.00828300 0.04234400
v 0.09199700 -0.00757000 0.04369600
v 0.09253300 -0.00977600 0.04434200
v 0.09303800 -0.01106200 0.04263600
v 0.09374900 -0.01224200 0.04356600
v 0.09243600 -0.00854000 0.04500100
v 0.09275700 -0.01013000 0.04494000
v 0.09354900 -0.01228800 0.04252600
v 0.09464000 -0.01385900 0.04257500
v 0.09554400 -0.01598800 0.04258900
v 0.09494600 -0.01463700 0.04428000
v 0.09382200 -0.01283200 0.04512500
v 0.09448200 -0.01367900 0.04536700
v 0.09505200 -0.01512000 0.04564500
v 0.09625100 -0.01695800 0.04380500
v 0.09653800 -0.01744900 0.04642500
v 0.09807100 -0.01899500 0.04491600
v 0.09572600 -0.01543200 0.03545500
v 0.09663300 -0.01701500 0.03669300
v 0.09819900 -0.01886600 0.03622300
v 0.09887300 -0.01981300 0.03510700
v 0.09923000 -0.02028600 0.03658700
v 0.09755800 -0.01828700 0.03843600
v 0.09606900 -0.01666600 0.03926300
v 0.09985700 -0.02091000 0.03940800
v 0.09850200 -0.01961000 0.04115100
v 0.10010100 -0.02065700 0.03501800
v 0.10022500 -0.02108300 0.03613500
v 0.10190600 -0.02263800 0.03588200
v 0.10302500 -0.02335600 0.03469500
v 0.10056200 -0.02120900 0.03772100
v 0.10154200 -0.02240600 0.03802800
v 0.10133600 -0.02225000 0.04120300
v 0.10389800 -0.02422100 0.03633500
v 0.10426300 -0.02430100 0.03835400
v 0.10349600 -0.02399800 0.03944300
v 0.09665900 -0.01727200 0.04036400
v 0.09727300 -0.01831200 0.04152400
v 0.10032100 -0.02133500 0.04194400
v 0.09870100 -0.01998900 0.04389700
v 0.10163600 -0.02259200 0.04039100
v 0.10066900 -0.02176100 0.04507700
v 0.10123200 -0.02200600 0.04337400
v 0.10357200 -0.02381400 0.04197900
v 0.10496000 -0.02489600 0.04105400
v 0.10242700 -0.02307800 0.04533600
v 0.10217900 -0.02309200 0.04412300
v 0.10369000 -0.02413100 0.04374700
v 0.10589500 -0.02542300 0.04390900
v 0.10539700 -0.02530200 0.04289900
v 0.09121100 -0.00532000 0.04898000
v 0.09095700 -0.00456100 0.05000800
v 0.09162600 -0.00631400 0.04980900
v 0.09116800 -0.00457600 0.05148900
v 0.09124600 -0.00619300 0.05143400
v 0.09088600 -0.00442900 0.05269700
v 0.09116600 -0.00669400 0.05465400
v 0.09074500 -0.00354300 0.05402300
v 0.09051900 -0.00356800 0.05558500
v 0.09119500 -0.00522500 0.05419100
v 0.09112300 -0.00574900 0.05510900
v 0.09115500 -0.00543300 0.05615600
v 0.09159800 -0.00780100 0.05597400
v 0.09172700 -0.00810600 0.05249300
v 0.09012700 -0.00211900 0.05735800
v 0.09050000 -0.00387500 0.05697600
v 0.09043600 -0.00334400 0.05868000
v 0.09081300 -0.00438700 0.05801500
v 0.09107500 -0.00639600 0.05743700
v 0.09101600 -0.00546500 0.05881800
v 0.09049500 -0.00150200 0.06127200
v 0.09029500 -0.00386900 0.05970600
v 0.09066500 -0.00476000 0.06105100
v 0.09176000 -0.00809000 0.05715500
v 0.09191900 -0.00927800 0.05789300
v 0.09141600 -0.00818200 0.05849900
v 0.09153500 -0.00882000 0.05617300
v 0.09100800 -0.00636900 0.05978200
v 0.09137500 -0.00789100 0.05963500
v 0.09126600 -0.00742800 0.06226400
v 0.09191700 -0.00907300 0.06138300
v 0.09213200 -0.01001700 0.05994400
v 0.09204800 -0.00994900 0.06141800
v 0.09144500 -0.00903500 0.06287100
v 0.09006000 -0.00025500 0.06261900
v 0.09019200 -0.00187700 0.06285600
v 0.09041700 -0.00098000 0.06390100
v 0.09026700 -0.00241100 0.06576800
v 0.09050300 -0.00404700 0.06376100
v 0.09003200 0.00052100 0.06567900
v 0.09023900 -0.00024000 0.06470800
v 0.09025300 0.00158000 0.06627500
v 0.09051600 -0.00075500 0.06719000
v 0.09059300 -0.00535800 0.06521200
v 0.09032700 -0.00331500 0.06195700
v 0.09087400 -0.00580200 0.06310400
v 0.09082700 -0.00625600 0.06285200
v 0.09124400 -0.00742000 0.06405200
v 0.09099600 -0.00773600 0.06531000
v 0.09144200 -0.00840400 0.06540200
v 0.09169800 -0.00828600 0.06421800
v 0.09234700 -0.01058600 0.06282300
v 0.09201500 -0.00939500 0.06432400
v 0.09239300 -0.01056900 0.06493600
v 0.09081100 -0.00513400 0.06699400
v 0.09150400 -0.00753200 0.06702600
v 0.09153900 -0.00620900 0.06780500
v 0.09222000 -0.01039900 0.06602300
v 0.09197500 -0.00942200 0.06692300
v 0.09276300 -0.00923700 0.06814400
v 0.09241600 -0.01143800 0.06407000
v 0.09289700 -0.01133200 0.06676900
v 0.09146100 -0.00671100 0.04670800
v 0.09219700 -0.00897800 0.04635300
v 0.09159100 -0.00725500 0.04904400
v 0.09218200 -0.00873700 0.04758400
v 0.09331200 -0.01105100 0.04621900
v 0.09268100 -0.01063200 0.04899500
v 0.09305600 -0.01176300 0.04927100
v 0.09366300 -0.01254900 0.04859800
v 0.09340300 -0.01226900 0.05035700
v 0.09453800 -0.01428600 0.05003000
v 0.09354900 -0.01293400 0.05067800
v 0.09373000 -0.01290200 0.04603900
v 0.09449900 -0.01379500 0.04693000
v 0.09473900 -0.01494800 0.04904700
v 0.09473900 -0.01494800 0.04904700
v 0.09526300 -0.01529600 0.04824500
v 0.09526300 -0.01529600 0.04824500
v 0.09598200 -0.01615000 0.04683800
v 0.09598200 -0.01615000 0.04683800
v 0.09520700 -0.01593100 0.05107000
v 0.09701200 -0.01821600 0.05154000
v 0.09685800 -0.01800200 0.04833600
v 0.09309500 -0.01177700 0.05257900
v 0.09254200 -0.01090700 0.05402700
v 0.09409600 -0.01340800 0.05183100
v 0.09345200 -0.01254600 0.05369700
v 0.09466700 -0.01503900 0.05249400
v 0.09370700 -0.01334800 0.05535700
v 0.09192500 -0.00895900 0.05456100
v 0.09245800 -0.01099000 0.05672100
v 0.09277500 -0.01129100 0.05511400
v 0.09208900 -0.01049800 0.05799700
v 0.09261100 -0.01157200 0.05632700
v 0.09475300 -0.01496500 0.05459300
v 0.09334600 -0.01321600 0.05684600
v 0.09774400 -0.01892500 0.05126300
v 0.09476200 -0.01572400 0.05831900
v 0.09408900 -0.01423600 0.05685500
v 0.09788100 -0.01918500 0.05503400
v 0.09930100 -0.02053600 0.05489900
v 0.09529900 -0.01570600 0.05573000
v 0.09601000 -0.01690800 0.05510100
v 0.09599000 -0.01732200 0.05684800
v 0.09749100 -0.01848800 0.05606800
v 0.09834500 -0.02004800 0.05696700
v 0.09870600 -0.01994400 0.04847300
v 0.10014200 -0.02140900 0.04740500
v 0.09838200 -0.01985600 0.05121300
v 0.10043300 -0.02147400 0.04905600
v 0.10121200 -0.02252800 0.04931100
v 0.10073300 -0.02196100 0.05009000
v 0.09991300 -0.02137500 0.05098500
v 0.10211900 -0.02308700 0.05088500
v 0.10190600 -0.02298400 0.04614300
v 0.10171900 -0.02241100 0.04770800
v 0.10362100 -0.02417500 0.04686800
v 0.10435700 -0.02456800 0.04687600
v 0.10536200 -0.02515900 0.04635300
v 0.10266400 -0.02339800 0.04807800
v 0.10344200 -0.02397600 0.04919400
v 0.10604500 -0.02580800 0.04811700
v 0.10553900 -0.02539900 0.04927000
v 0.10032100 -0.02187400 0.05388500
v 0.10058800 -0.02185400 0.05243600
v 0.10079100 -0.02220900 0.05155100
v 0.10004300 -0.02135500 0.05482200
v 0.09932200 -0.02110400 0.05685800
v 0.10058100 -0.02186100 0.05726100
v 0.10236800 -0.02343600 0.05409600
v 0.10132000 -0.02264800 0.05559100
v 0.10253700 -0.02336100 0.05626800
v 0.10401600 -0.02442700 0.05183100
v 0.10414200 -0.02435300 0.05428300
v 0.10613900 -0.02565800 0.05066000
v 0.10595100 -0.02552300 0.05336400
v 0.10364900 -0.02406100 0.05604600
v 0.10501100 -0.02507500 0.05518000
v 0.10607000 -0.02536000 0.05554000
v 0.10695000 -0.02602400 0.05536700
v 0.09323100 -0.01216600 0.05754700
v 0.09290300 -0.01146900 0.05992300
v 0.09263200 -0.01119300 0.05849500
v 0.09341600 -0.01307200 0.05950400
v 0.09364100 -0.01346800 0.05776000
v 0.09425400 -0.01407200 0.05889700
v 0.09363100 -0.01364900 0.06122000
v 0.09449100 -0.01485400 0.05966400
v 0.09309700 -0.01251600 0.06173400
v 0.09482000 -0.01531000 0.06138000
v 0.09426900 -0.01420200 0.06236100
v 0.09600900 -0.01723300 0.05979900
v 0.09559100 -0.01609400 0.06142800
v 0.09507600 -0.01560800 0.06254900
v 0.09607600 -0.01719000 0.06177400
v 0.09684100 -0.01781600 0.06154800
v 0.09752500 -0.01890500 0.06175200
v 0.09732000 -0.01887300 0.06054600
v 0.09905600 -0.02057800 0.06160100
v 0.09786800 -0.01921000 0.05845000
v 0.09914100 -0.02031800 0.06334500
v 0.09325000 -0.01227400 0.06282900
v 0.09319200 -0.01236500 0.06467700
v 0.09376300 -0.01368900 0.06330500
v 0.09351200 -0.01314300 0.06589900
v 0.09456300 -0.01521700 0.06413400
v 0.09483900 -0.01517400 0.06697300
v 0.09627700 -0.01734300 0.06625100
v 0.09579700 -0.01653700 0.06353000
v 0.09334800 -0.01189400 0.06749300
v 0.09450100 -0.01241000 0.06850900
v 0.09538500 -0.01561400 0.06775800
v 0.09669100 -0.01650900 0.06833600
v 0.09845500 -0.01874600 0.06851800
v 0.09715900 -0.01864600 0.06436300
v 0.09901500 -0.02028600 0.06684000
v 0.10027000 -0.02144100 0.06571100
v 0.10160900 -0.02237200 0.06411100
v 0.10140600 -0.02169700 0.06816200
v 0.10187800 -0.02277000 0.05793900
v 0.10221300 -0.02336200 0.05734500
v 0.10294300 -0.02363400 0.05855200
v 0.10069900 -0.02178900 0.05993100
v 0.10367500 -0.02374300 0.05960200
v 0.10477100 -0.02464500 0.05793200
v 0.10153100 -0.02271400 0.06144100
v 0.10250200 -0.02311200 0.06060000
v 0.10284700 -0.02310400 0.06179200
v 0.10368300 -0.02399600 0.06090100
v 0.10692400 -0.02577300 0.05753500
v 0.10494200 -0.02470600 0.06026100
v 0.10626300 -0.02525200 0.05970900
v 0.10460600 -0.02429100 0.06084700
v 0.10706800 -0.02555300 0.05885700
v 0.10796300 -0.02626600 0.05919800
v 0.10691000 -0.02578200 0.06057200
v 0.10614300 -0.02491800 0.06104200
v 0.10268500 -0.02315400 0.06313000
v 0.10369300 -0.02383000 0.06187400
v 0.10384100 -0.02399100 0.06413800
v 0.10331200 -0.02347700 0.06729400
v 0.10443200 -0.02407000 0.06562900
v 0.10459700 -0.02409700 0.06739500
v 0.10524500 -0.02460200 0.06721900
v 0.10553400 -0.02477400 0.06269700
v 0.10654300 -0.02544500 0.06264600
v 0.10638900 -0.02512100 0.06370200
v 0.10774000 -0.02606200 0.06122100
v 0.10822500 -0.02597300 0.06298700
v 0.10585500 -0.02499200 0.06531300
v 0.10813100 -0.02571800 0.06406600
v 0.10914900 -0.02639500 0.06364400
v 0.10772300 -0.02574500 0.06664500
v 0.11035200 -0.02637900 0.06533800
v 0.09084100 -0.00191800 0.06755900
v 0.09181800 -0.00412100 0.06839900
v 0.09499800 -0.00911600 0.06928000
v 0.10216400 -0.00583200 0.07188600
v 0.10787800 -0.00831200 0.07316300
v 0.10372900 -0.01448400 0.07132400
v 0.09742900 -0.01361800 0.06957900
v 0.09714300 -0.01588400 0.06902800
v 0.09876800 -0.01646100 0.06949000
v 0.10015700 -0.01867500 0.06955100
v 0.10209500 -0.02114500 0.06939300
v 0.10986300 -0.01522700 0.07264000
v 0.10301800 -0.02235500 0.06914100
v 0.10576400 -0.02409300 0.06901100
v 0.10403200 -0.02129500 0.07018400
v 0.10723400 -0.02378200 0.07020200
v 0.10786600 -0.02023200 0.07134400
v 0.10835300 -0.02507800 0.06932900
v 0.11086700 -0.02622500 0.06915900
v 0.11059300 -0.02510000 0.07047700
v 0.11689100 -0.01930900 0.07314400
v 0.11156000 -0.02384600 0.07130600
v 0.11545100 -0.02564300 0.07130700
v 0.11559100 -0.00922800 0.07456500
v 0.10141800 -0.01973400 0.01590300
v 0.10371800 -0.02185300 0.01535600
v 0.10405400 -0.02206100 0.01415700
v 0.10711400 -0.02406700 0.01256900
v 0.10836900 -0.02469200 0.01087000
v 0.10543000 -0.02297300 0.01387200
v 0.10814000 -0.02515600 0.01614700
v 0.10319300 -0.02204400 0.01901600
v 0.10375500 -0.02245400 0.01801700
v 0.10308300 -0.02226100 0.01996200
v 0.10541200 -0.02398400 0.01969800
v 0.10465900 -0.02366000 0.02217900
v 0.10580400 -0.02350500 0.01480500
v 0.10570800 -0.02372400 0.01762800
v 0.11022800 -0.02618800 0.01450200
v 0.10777700 -0.02506200 0.01733400
v 0.10614800 -0.02447700 0.01866400
v 0.10747500 -0.02511300 0.01960800
v 0.10813200 -0.02562800 0.01870300
v 0.11002600 -0.02649600 0.01854000
v 0.10897700 -0.02603500 0.01990300
v 0.11054100 -0.02594900 0.01180800
v 0.11310000 -0.02725000 0.01197400
v 0.11571700 -0.02795100 0.00986300
v 0.11808100 -0.02838000 0.00861100
v 0.11645400 -0.02829900 0.01172300
v 0.11069600 -0.02637400 0.01606800
v 0.11465400 -0.02815100 0.01593100
v 0.11223100 -0.02743900 0.01766600
v 0.11681200 -0.02859100 0.01443300
v 0.11721200 -0.02843900 0.01348700
v 0.11980600 -0.02926400 0.01540700
v 0.11556900 -0.02865800 0.01925800
v 0.12036100 -0.02884000 0.01032600
v 0.12072200 -0.02926700 0.01218000
v 0.12122700 -0.02966600 0.01962600
v 0.12301400 -0.02962800 0.01613700
v 0.12446700 -0.02952700 0.01491900
v 0.12584500 -0.02930400 0.01256200
v 0.12710800 -0.02939600 0.01467600
v 0.10258800 -0.02216200 0.02324200
v 0.10573500 -0.02469700 0.02396300
v 0.10635500 -0.02511200 0.02195800
v 0.10370400 -0.02351700 0.02535600
v 0.10211900 -0.02192900 0.02664600
v 0.10338300 -0.02334100 0.02852100
v 0.10552300 -0.02512200 0.02546400
v 0.10483100 -0.02419500 0.02703800
v 0.10741100 -0.02572700 0.02434400
v 0.10820700 -0.02589600 0.02148700
v 0.11025300 -0.02697600 0.02084900
v 0.10763200 -0.02628400 0.02577400
v 0.10828000 -0.02627200 0.02345200
v 0.11013600 -0.02723900 0.02442300
v 0.10904700 -0.02714500 0.02591300
v 0.10604500 -0.02510500 0.02844800
v 0.10697200 -0.02574400 0.02770600
v 0.10416700 -0.02388100 0.03018400
v 0.10552700 -0.02492300 0.03057100
v 0.10477200 -0.02448900 0.03324300
v 0.10708000 -0.02542400 0.02897300
v 0.10541300 -0.02495000 0.03198500
v 0.10643500 -0.02540800 0.03258700
v 0.10689200 -0.02590600 0.03120900
v 0.11070500 -0.02772900 0.02729500
v 0.10805900 -0.02647100 0.02904000
v 0.10723000 -0.02590800 0.02997900
v 0.10838100 -0.02659100 0.03224900
v 0.11137800 -0.02778300 0.02921500
v 0.11161400 -0.02745900 0.02120500
v 0.11294700 -0.02818600 0.02205300
v 0.11460900 -0.02851900 0.02183000
v 0.11436900 -0.02904000 0.02659100
v 0.11408400 -0.02862100 0.02516100
v 0.11530000 -0.02885700 0.02402100
v 0.11844900 -0.02936000 0.01869900
v 0.11641000 -0.02927300 0.02338900
v 0.11879100 -0.02950400 0.02296700
v 0.11419400 -0.02873100 0.02917300
v 0.11166600 -0.02808200 0.03096300
v 0.11637700 -0.02921000 0.02919300
v 0.11839500 -0.02979300 0.02479200
v 0.11848800 -0.02977300 0.02577500
v 0.11718100 -0.02973200 0.02755200
v 0.12147400 -0.03000200 0.02474600
v 0.12024000 -0.02966900 0.02940300
v 0.11791500 -0.02959500 0.02907000
v 0.12200200 -0.03000900 0.02654200
v 0.12051700 -0.03017600 0.02795000
v 0.10450800 -0.02452700 0.03422900
v 0.10514700 -0.02476700 0.03657000
v 0.10669900 -0.02589500 0.03497400
v 0.11052300 -0.02753700 0.03455200
v 0.11364800 -0.02856700 0.03451100
v 0.11138000 -0.02775900 0.03358900
v 0.10541000 -0.02524000 0.03827700
v 0.10856200 -0.02684200 0.03703900
v 0.11147100 -0.02811900 0.03490600
v 0.11070700 -0.02771500 0.03727100
v 0.11103400 -0.02766700 0.03627800
v 0.11199400 -0.02816700 0.03626800
v 0.10591600 -0.02561800 0.04014900
v 0.10718500 -0.02613500 0.04061700
v 0.10718300 -0.02596100 0.04305000
v 0.10930500 -0.02722300 0.04132900
v 0.10834200 -0.02666800 0.04361000
v 0.11136500 -0.02782300 0.03902200
v 0.11161900 -0.02826500 0.03787000
v 0.11277000 -0.02826100 0.03928200
v 0.11128200 -0.02778700 0.04157000
v 0.11188500 -0.02799800 0.04485300
v 0.11384100 -0.02868000 0.04045100
v 0.11539300 -0.02909000 0.03157100
v 0.11651700 -0.02913400 0.03049600
v 0.11766700 -0.02940800 0.03153900
v 0.11685000 -0.02933300 0.03421200
v 0.12194400 -0.02967200 0.03141400
v 0.12240400 -0.02957600 0.03014100
v 0.11864400 -0.02971100 0.03225500
v 0.11954800 -0.02966000 0.03331800
v 0.12310000 -0.02979900 0.03372700
v 0.12142700 -0.02962500 0.03411800
v 0.11986900 -0.02975700 0.03663100
v 0.12224900 -0.02957900 0.03659800
v 0.12472300 -0.02942200 0.03788100
v 0.12199300 -0.02963300 0.03926900
v 0.12357600 -0.02937400 0.04071100
v 0.11438400 -0.02884100 0.03757500
v 0.11625700 -0.02910600 0.03948700
v 0.11717600 -0.02939200 0.03769600
v 0.11765400 -0.02927600 0.03621400
v 0.11447600 -0.02876600 0.04308700
v 0.11854700 -0.02937100 0.03981300
v 0.12820800 -0.02936300 0.01799500
v 0.12413900 -0.02976600 0.02143800
v 0.12295300 -0.02989100 0.02339200
v 0.12555700 -0.02977000 0.01943900
v 0.12649500 -0.02958400 0.02065800
v 0.13005000 -0.02903300 0.02033700
v 0.12512300 -0.02996400 0.02248600
v 0.12666600 -0.02976100 0.02294500
v 0.12553000 -0.02982100 0.02617000
v 0.12962800 -0.02915400 0.02396100
v 0.12771000 -0.02964000 0.02514500
v 0.12942900 -0.02911300 0.02689900
v 0.12344000 -0.03020900 0.02855800
v 0.12381700 -0.02987500 0.03022600
v 0.12450100 -0.02969300 0.02983200
v 0.12666500 -0.02990800 0.02878400
v 0.12486600 -0.02967700 0.03119300
v 0.12752900 -0.02939700 0.03044200
v 0.13085000 -0.02888500 0.02700700
v 0.13227100 -0.02836300 0.02576300
v 0.13031800 -0.02905500 0.02912900
v 0.12996400 -0.02866200 0.03124000
v 0.13281400 -0.02811900 0.02828200
v 0.12552400 -0.02950100 0.03301400
v 0.12649800 -0.02928200 0.03515600
v 0.12747300 -0.02936300 0.03214000
v 0.12783200 -0.02933000 0.03292000
v 0.12902600 -0.02877700 0.03310600
v 0.12681700 -0.02894000 0.03641300
v 0.13013700 -0.02852000 0.03522700
v 0.12808800 -0.02889200 0.03725900
v 0.13099800 -0.02836300 0.03217500
v 0.13377900 -0.02731800 0.03329300
v 0.13159100 -0.02788800 0.03472300
v 0.13596300 -0.02628400 0.03253800
v 0.10731100 -0.02646700 0.04513900
v 0.10813000 -0.02655100 0.04795500
v 0.10949500 -0.02718400 0.04594000
v 0.11061400 -0.02756500 0.04814200
v 0.11200400 -0.02801100 0.04793500
v 0.11362500 -0.02841200 0.04809900
v 0.10827700 -0.02673800 0.04949600
v 0.10879000 -0.02676100 0.05122100
v 0.10757200 -0.02648500 0.05270600
v 0.11183300 -0.02787800 0.05306300
v 0.10925000 -0.02684100 0.05531800
v 0.11244000 -0.02805700 0.05003900
v 0.11437400 -0.02855500 0.04997700
v 0.11585500 -0.02887100 0.04649600
v 0.11681000 -0.02887600 0.04950100
v 0.11447000 -0.02829700 0.05249500
v 0.12730700 -0.02866500 0.04406100
v 0.12709400 -0.02874700 0.04131700
v 0.12831200 -0.02821300 0.04625400
v 0.12470700 -0.02872900 0.04908100
v 0.11916300 -0.02929100 0.04338000
v 0.11943500 -0.02956400 0.04104300
v 0.11885100 -0.02902700 0.04590600
v 0.12230800 -0.02921800 0.04537800
v 0.12075100 -0.02947700 0.04166300
v 0.11906500 -0.02904600 0.04897600
v 0.12019800 -0.02925400 0.04668300
v 0.11644400 -0.02869200 0.05392200
v 0.11958200 -0.02881400 0.05380000
v 0.12070200 -0.02902300 0.05052000
v 0.11213200 -0.02764500 0.05597600
v 0.10961800 -0.02681100 0.05949100
v 0.11245400 -0.02768300 0.05796700
v 0.11571100 -0.02835500 0.05772400
v 0.11053300 -0.02705400 0.06172700
v 0.11381200 -0.02767200 0.06086400
v 0.11156400 -0.02704300 0.06360500
v 0.11372600 -0.02719000 0.06415100
v 0.11561400 -0.02795000 0.05966300
v 0.11880800 -0.02803100 0.06061900
v 0.12084000 -0.02829700 0.05789600
v 0.11615300 -0.02791200 0.06169100
v 0.11694400 -0.02767900 0.06330500
v 0.12288000 -0.02867600 0.05220200
v 0.12248500 -0.02839900 0.05522100
v 0.12504600 -0.02820700 0.05421600
v 0.12923000 -0.02756300 0.04944000
v 0.12697400 -0.02791700 0.05271300
v 0.13136400 -0.02645500 0.05280200
v 0.12427700 -0.02801600 0.05530000
v 0.12487200 -0.02780300 0.05760700
v 0.12300500 -0.02760300 0.06113600
v 0.12720000 -0.02710000 0.05831900
v 0.12955100 -0.02594700 0.06019100
v 0.12763900 -0.02878300 0.03920300
v 0.13123000 -0.02781300 0.03822400
v 0.12975100 -0.02839400 0.03902500
v 0.13086300 -0.02777000 0.04193300
v 0.13282400 -0.02706700 0.04108100
v 0.13271700 -0.02748200 0.03647500
v 0.13432200 -0.02658400 0.03729600
v 0.13616200 -0.02547400 0.03887600
v 0.13024000 -0.02758900 0.04453700
v 0.13130800 -0.02711900 0.04431900
v 0.13192500 -0.02693600 0.04596400
v 0.13609100 -0.02525100 0.04253300
v 0.13680700 -0.02476400 0.04022900
v 0.13460200 -0.02564900 0.04615500
v 0.13721700 -0.02581000 0.03273500
v 0.13219600 -0.02660600 0.04831800
v 0.13369400 -0.02543700 0.05101600
v 0.13638900 -0.02404300 0.04925200
v 0.13704200 -0.02405400 0.04641200
v 0.13636900 -0.02424200 0.04678700
v 0.13921600 -0.02195300 0.04893100
v 0.13502500 -0.02406300 0.05480900
v 0.13766600 -0.02222800 0.05425000
v 0.11184000 -0.02690500 0.06586900
v 0.11394900 -0.02719600 0.06584800
v 0.11621700 -0.02756900 0.06521500
v 0.11298800 -0.02692600 0.06791400
v 0.11348700 -0.02652000 0.06984100
v 0.11753700 -0.02718500 0.06839200
v 0.11956800 -0.02772800 0.06335500
v 0.12191800 -0.02696600 0.06728900
v 0.11717200 -0.02674300 0.07016300
v 0.11809600 -0.02320700 0.07250200
v 0.12128600 -0.02444000 0.07246000
v 0.12163900 -0.02627100 0.07055500
v 0.12031800 -0.02556700 0.07170700
v 0.12290900 -0.02537300 0.07175400
v 0.12517600 -0.02499600 0.07177800
v 0.13489700 -0.02184000 0.06517100
v 0.13263400 -0.02204500 0.07112600
v 0.13239000 -0.02431200 0.06142900
v 0.12607000 -0.02650800 0.06384300
v 0.12334700 -0.02683200 0.06565200
v 0.12888400 -0.02504600 0.06585100
v 0.12508200 -0.02578800 0.06968900
v 0.12840500 -0.02469600 0.06936300
v 0.12323200 -0.01317800 0.07488400
v 0.12506000 -0.02113400 0.07352200
v 0.12954100 -0.01269900 0.07514900
v 0.12587800 -0.02354800 0.07294200
v 0.13651300 -0.01847200 0.07173100
v 0.13594200 -0.01556500 0.07453200
v 0.13100400 -0.01998700 0.07398900
v 0.13823300 -0.01667300 0.07127800
v 0.13891000 -0.01677100 0.06857600
v 0.13712900 -0.01651300 0.07348000
v 0.13925400 -0.01440900 0.07274800
v 0.13474900 -0.01873500 0.07353500
v 0.13263900 -0.02152300 0.07236200
v 0.13042000 -0.02134500 0.07350900
v 0.12858300 -0.02360300 0.07226900
v 0.13505600 -0.02308300 0.05927700
v 0.13775000 -0.02045100 0.06116600
vt 0.21320400 0.08999200
vt 0.21183100 0.08614300
vt 0.21505300 0.08651500
vt 0.21361400 0.08098800
vt 0.20818600 0.08191100
vt 0.20728400 0.07955900
vt 0.21914300 0.07833400
vt 0.20775300 0.07794200
vt 0.21790500 0.08376600
vt 0.20159600 0.07654400
vt 0.21565800 0.06862100
vt 0.19656100 0.07097600
vt 0.20501700 0.08482700
vt 0.20041700 0.08437400
vt 0.20217000 0.08037600
vt 0.20611600 0.08776300
vt 0.19969700 0.08644900
vt 0.20188200 0.09770900
vt 0.20842100 0.09848700
vt 0.20616000 0.11135600
vt 0.19995400 0.09910300
vt 0.19657500 0.08151800
vt 0.19839800 0.07634500
vt 0.19430500 0.07455700
vt 0.19633300 0.08339600
vt 0.19430200 0.08741400
vt 0.19218300 0.08194300
vt 0.18742700 0.07413100
vt 0.19466300 0.06306700
vt 0.18988300 0.07905600
vt 0.18697000 0.08215600
vt 0.19077500 0.08816000
vt 0.19747300 0.06008800
vt 0.20230400 0.05757300
vt 0.20084400 0.05442200
vt 0.19089600 0.05677800
vt 0.18239000 0.07993600
vt 0.19585000 0.05194100
vt 0.18397200 0.08457500
vt 0.18849200 0.04317100
vt 0.17691900 0.09055300
vt 0.17768400 0.08236200
vt 0.19190900 0.05104000
vt 0.18598200 0.10043600
vt 0.19600800 0.04842700
vt 0.20685700 0.05054000
vt 0.19996400 0.04801500
vt 0.20611200 0.04533400
vt 0.20092700 0.04413200
vt 0.19646600 0.04255300
vt 0.19645500 0.10794600
vt 0.22594700 0.07883000
vt 0.22137700 0.08050500
vt 0.22232900 0.08384100
vt 0.21905100 0.08656900
vt 0.21856600 0.08934800
vt 0.22190500 0.08825900
vt 0.22627700 0.08614800
vt 0.22874500 0.08231400
vt 0.22916600 0.07518500
vt 0.23064800 0.07731000
vt 0.23515800 0.08174900
vt 0.23635700 0.07473600
vt 0.23254200 0.08441400
vt 0.23023800 0.08735500
vt 0.22766100 0.09151300
vt 0.23369700 0.09471800
vt 0.23576200 0.08477500
vt 0.23758600 0.09188000
vt 0.24156100 0.07804500
vt 0.24083400 0.08223500
vt 0.24489100 0.07582300
vt 0.24708500 0.07987000
vt 0.24116400 0.08690600
vt 0.24652800 0.08977000
vt 0.47560900 0.02007800
vt 0.48079300 0.01549700
vt 0.25171100 0.08519000
vt 0.25670500 0.08070700
vt 0.48578600 0.01101500
vt 0.48204200 0.02429200
vt 0.48865900 0.01768800
vt 0.25335000 0.10444900
vt 0.22664800 0.07049800
vt 0.21961600 0.05631200
vt 0.22307200 0.06254100
vt 0.23792000 0.07007900
vt 0.23900600 0.05343500
vt 0.22572300 0.06371300
vt 0.22669800 0.05822300
vt 0.22414500 0.04547100
vt 0.21263700 0.04704200
vt 0.22078300 0.04401700
vt 0.21579200 0.03924600
vt 0.21373600 0.04341500
vt 0.21942000 0.03860500
vt 0.23125100 0.04242100
vt 0.22763600 0.04000900
vt 0.23018200 0.03619300
vt 0.24302400 0.07051700
vt 0.24345200 0.06539900
vt 0.24685300 0.06268500
vt 0.24698200 0.07236000
vt 0.24159300 0.06026300
vt 0.24544800 0.05904300
vt 0.24951400 0.07499100
vt 0.25086900 0.06876200
vt 0.24896900 0.06896000
vt 0.25107600 0.06390900
vt 0.25520300 0.06360800
vt 0.25276200 0.06971800
vt 0.49047700 0.00593500
vt 0.26139600 0.07562800
vt 0.25889000 0.09803300
vt 0.25358900 0.06048400
vt 0.24876000 0.05620700
vt 0.24684600 0.05118600
vt 0.27204300 0.08481700
vt 0.25336800 0.05107900
vt 0.26740500 0.08820000
vt 0.25755900 0.05834900
vt 0.27218400 0.08754800
vt 0.25500700 0.07710900
vt 0.26187600 0.09714400
vt 0.26261000 0.07184300
vt 0.27089100 0.09715200
vt 0.24372600 0.04972100
vt 0.23795200 0.04513700
vt 0.24237900 0.04633300
vt 0.23653200 0.04113900
vt 0.24030700 0.04233000
vt 0.23728200 0.03614000
vt 0.23490100 0.03288800
vt 0.29207800 0.08784900
vt 0.22758600 0.03461500
vt 0.24707600 0.04492000
vt 0.24523000 0.04051400
vt 0.27627900 0.08602600
vt 0.25121800 0.04549900
vt 0.24771600 0.03860500
vt 0.28199800 0.08832000
vt 0.28775900 0.08693600
vt 0.24072300 0.03594100
vt 0.28949900 0.09464500
vt 0.28378400 0.09572400
vt 0.27744900 0.09791300
vt 0.26451700 0.10212900
vt 0.22045100 0.09951900
vt 0.21694000 0.10457400
vt 0.21389400 0.12128500
vt 0.22777900 0.09955100
vt 0.22830000 0.10488800
vt 0.23258600 0.09942600
vt 0.23389000 0.10366100
vt 0.22209700 0.10957600
vt 0.22903200 0.10886400
vt 0.23351700 0.11043200
vt 0.22592900 0.12115600
vt 0.22121100 0.13091900
vt 0.20244000 0.12080500
vt 0.19833600 0.12227800
vt 0.20919800 0.12620000
vt 0.19337100 0.12292600
vt 0.20208700 0.13497900
vt 0.21625000 0.14027400
vt 0.21001500 0.13888800
vt 0.20584400 0.13423600
vt 0.23952400 0.09828900
vt 0.23956700 0.10302700
vt 0.24750700 0.09650100
vt 0.47658800 0.02680900
vt 0.24661300 0.10257100
vt 0.47569500 0.03287900
vt 0.24040600 0.10594100
vt 0.47412500 0.03503800
vt 0.24504400 0.10473000
vt 0.23711800 0.10917500
vt 0.32161700 0.04957900
vt 0.23389300 0.11490700
vt 0.23938700 0.10965400
vt 0.23637800 0.11275900
vt 0.32782500 0.04635200
vt 0.24010200 0.11168000
vt 0.23052600 0.12070600
vt 0.23856500 0.11584200
vt 0.32628800 0.05051400
vt 0.23268300 0.11926400
vt 0.32517000 0.05526900
vt 0.23744600 0.12059700
vt 0.24199200 0.10760000
vt 0.24272300 0.11255500
vt 0.33044700 0.04722600
vt 0.33058800 0.05087900
vt 0.33702700 0.05282000
vt 0.32917700 0.05455400
vt 0.33654200 0.05511800
vt 0.24333300 0.10931100
vt 0.24504500 0.10727300
vt 0.24781400 0.11007500
vt 0.33553800 0.04474700
vt 0.33561000 0.04923900
vt 0.24062800 0.11567700
vt 0.47853700 0.03554500
vt 0.24425900 0.11609400
vt 0.48271600 0.03427600
vt 0.25104800 0.11264200
vt 0.48868200 0.02792100
vt 0.24647600 0.10620400
vt 0.47555700 0.03651100
vt 0.23831100 0.11592700
vt 0.33419900 0.04087600
vt 0.24010400 0.11814800
vt 0.33503800 0.03847700
vt 0.24287500 0.12029500
vt 0.24096200 0.12104300
vt 0.33673600 0.03613300
vt 0.34236700 0.04468500
vt 0.34300900 0.04158800
vt 0.34547400 0.03501000
vt 0.24337000 0.12548600
vt 0.34134900 0.02638700
vt 0.24325100 0.13189900
vt 0.23080900 0.12518000
vt 0.23323600 0.13082500
vt 0.22846700 0.12986800
vt 0.22714200 0.13534500
vt 0.22883000 0.13365000
vt 0.33122000 0.05807600
vt 0.33347800 0.05709600
vt 0.34460700 0.06149100
vt 0.34648200 0.06462000
vt 0.33598000 0.06122500
vt 0.24058000 0.12909800
vt 0.32830300 0.06377000
vt 0.33246100 0.06713300
vt 0.22870300 0.13693300
vt 0.23221700 0.13514300
vt 0.31994000 0.06981500
vt 0.23078900 0.13911400
vt 0.35562900 0.00593500
vt 0.23401800 0.13982700
vt 0.32174200 0.07449900
vt 0.36007600 0.00760100
vt 0.22504300 0.14359100
vt 0.33130200 0.07448400
vt 0.33180100 0.07811500
vt 0.37074900 0.01318000
vt 0.36592300 0.01557400
vt 0.34427400 0.02469800
vt 0.22939400 0.14116900
vt 0.35218000 0.00595500
vt 0.22715900 0.14007400
vt 0.23276500 0.14673000
vt 0.35291000 0.00858800
vt 0.23183000 0.14052000
vt 0.22994100 0.15056100
vt 0.36067900 0.01272900
vt 0.35846400 0.01400600
vt 0.23246500 0.14332400
vt 0.35021800 0.01208600
vt 0.23528400 0.14227800
vt 0.23559800 0.14404300
vt 0.23906600 0.14377000
vt 0.35524000 0.01631700
vt 0.23920400 0.14153800
vt 0.34776100 0.01605500
vt 0.36153500 0.01490200
vt 0.35831000 0.03288100
vt 0.35895700 0.01708400
vt 0.35973500 0.02305100
vt 0.35639700 0.02192100
vt 0.36386300 0.02713900
vt 0.19643000 0.13661800
vt 0.21295300 0.14354600
vt 0.20956900 0.14342300
vt 0.20264900 0.14256800
vt 0.20634800 0.14167800
vt 0.20418600 0.14703400
vt 0.20132800 0.14600000
vt 0.19044000 0.13256000
vt 0.18895700 0.14214700
vt 0.19701500 0.14262700
vt 0.19346800 0.14250900
vt 0.19656700 0.14664200
vt 0.19921300 0.15693800
vt 0.19468300 0.15678900
vt 0.18438400 0.14413400
vt 0.18987200 0.14739500
vt 0.19031500 0.15475800
vt 0.22390200 0.15094400
vt 0.21793600 0.15634200
vt 0.22111500 0.14622400
vt 0.22302400 0.16299800
vt 0.23223500 0.15928000
vt 0.21147300 0.15920600
vt 0.21150200 0.16212800
vt 0.21543100 0.16190200
vt 0.21444800 0.16603300
vt 0.21936500 0.16406200
vt 0.22055600 0.17308100
vt 0.21140300 0.14898700
vt 0.20688000 0.15623200
vt 0.37625400 0.02062000
vt 0.20624800 0.16294800
vt 0.20174000 0.16031100
vt 0.37086700 0.02419900
vt 0.36934500 0.02695800
vt 0.20474400 0.18010900
vt 0.20223800 0.16819200
vt 0.20769600 0.16697800
vt 0.21144700 0.17888600
vt 0.21566000 0.17949900
vt 0.21730400 0.17684800
vt 0.20232500 0.18442300
vt 0.19886800 0.18021400
vt 0.20876500 0.18350300
vt 0.21370500 0.18226500
vt 0.21951500 0.18096400
vt 0.21092200 0.18625200
vt 0.20590900 0.18811800
vt 0.21697400 0.18559900
vt 0.21423500 0.18948100
vt 0.20154500 0.16384800
vt 0.19642600 0.16392400
vt 0.19860300 0.16780500
vt 0.19177600 0.16343200
vt 0.19515200 0.16727900
vt 0.19071300 0.16844500
vt 0.18492800 0.16092200
vt 0.18341700 0.16443200
vt 0.18064100 0.15969700
vt 0.19580300 0.17919200
vt 0.19052200 0.17834900
vt 0.18482400 0.17695100
vt 0.18209500 0.17368100
vt 0.17429500 0.16047500
vt 0.25009100 0.12880600
vt 0.25624100 0.12595300
vt 0.25753100 0.11452100
vt 0.24491600 0.13110200
vt 0.34427400 0.02255900
vt 0.24262400 0.13639300
vt 0.24476300 0.13581100
vt 0.34553300 0.01869600
vt 0.24203300 0.14020300
vt 0.24288100 0.14087300
vt 0.24428200 0.14114600
vt 0.35138500 0.02502300
vt 0.24035600 0.14602200
vt 0.34761400 0.01986100
vt 0.23926700 0.15002100
vt 0.25101800 0.14511700
vt 0.24537100 0.15373800
vt 0.23727500 0.15399200
vt 0.35237300 0.02223300
vt 0.35841200 0.02710900
vt 0.25734500 0.14347900
vt 0.26381800 0.13766600
vt 0.25144000 0.15489200
vt 0.25423300 0.15529200
vt 0.26125400 0.14601100
vt 0.26549500 0.14410500
vt 0.26323100 0.15257500
vt 0.26670600 0.14860900
vt 0.23984600 0.16295300
vt 0.23571200 0.16772000
vt 0.22804900 0.16662400
vt 0.23019000 0.17215700
vt 0.22455600 0.17732400
vt 0.24059600 0.17347100
vt 0.23470200 0.18251500
vt 0.24292100 0.18613600
vt 0.24729400 0.16854300
vt 0.24126800 0.15700900
vt 0.25042600 0.16338900
vt 0.25586100 0.16264600
vt 0.25549300 0.16745500
vt 0.26112000 0.16024900
vt 0.26616000 0.16050400
vt 0.22358600 0.18250000
vt 0.22893100 0.18198900
vt 0.22572800 0.18806300
vt 0.21737200 0.19847000
vt 0.23048700 0.18998900
vt 0.23778100 0.19799700
vt 0.22643900 0.19504200
vt 0.22735700 0.20047900
vt 0.22256500 0.20089700
vt 0.23232100 0.20574100
vt 0.23374200 0.19722100
vt 0.26204400 0.16418400
vt 0.26231000 0.16885600
vt 0.26770800 0.16551200
vt 0.26701300 0.16989700
vt 0.25551700 0.17854900
vt 0.24975200 0.17871900
vt 0.25869400 0.18016700
vt 0.24586700 0.18231500
vt 0.25015700 0.18126600
vt 0.25571500 0.18352000
vt 0.26611900 0.18172500
vt 0.27101900 0.17832800
vt 0.24507000 0.18475100
vt 0.25299500 0.19228300
vt 0.24822400 0.19602600
vt 0.24305400 0.19858300
vt 0.24636600 0.20080100
vt 0.24033900 0.20794500
vt 0.24536000 0.20511700
vt 0.25285400 0.19946700
vt 0.25298700 0.20327500
vt 0.25463300 0.20780600
vt 0.25139700 0.21032900
vt 0.25543200 0.18695800
vt 0.26192900 0.18512300
vt 0.25882900 0.18894500
vt 0.26364600 0.19054900
vt 0.25887200 0.19602500
vt 0.26130700 0.20173200
vt 0.26708200 0.19907400
vt 0.26697500 0.18638800
vt 0.27016400 0.18373200
vt 0.27497800 0.18366700
vt 0.27320300 0.18713200
vt 0.27033300 0.19044500
vt 0.27389600 0.19094600
vt 0.27137800 0.20389600
vt 0.26596300 0.20392100
vt 0.25829100 0.20567000
vt 0.26135400 0.21002500
vt 0.26343500 0.20677800
vt 0.27508000 0.20406600
vt 0.27874300 0.19076000
vt 0.27998800 0.20406000
vt 0.20601400 0.04197100
vt 0.20650500 0.03938700
vt 0.21095400 0.04002000
vt 0.20864200 0.03415500
vt 0.20131100 0.03786800
vt 0.19380300 0.03350100
vt 0.16932400 0.09679200
vt 0.20249100 0.02678700
vt 0.19232000 0.02421800
vt 0.16858100 0.10609700
vt 0.21644800 0.03624500
vt 0.21658700 0.03182400
vt 0.22202100 0.03480400
vt 0.22662900 0.03233400
vt 0.20786500 0.02773500
vt 0.20556800 0.01839300
vt 0.21266700 0.01623800
vt 0.21147500 0.02463900
vt 0.21884400 0.02140600
vt 0.17635800 0.10487500
vt 0.17505400 0.11550800
vt 0.18082100 0.11569000
vt 0.18542700 0.11404100
vt 0.18827900 0.12010100
vt 0.18446000 0.12620100
vt 0.18866600 0.01424400
vt 0.16925700 0.11678300
vt 0.34724900 0.07016700
vt 0.35265300 0.06052900
vt 0.35552300 0.06420900
vt 0.35048400 0.06372300
vt 0.35438700 0.06053000
vt 0.36180200 0.06441900
vt 0.36067200 0.06740600
vt 0.35569600 0.07273200
vt 0.35811600 0.07001700
vt 0.35504100 0.06625000
vt 0.16736400 0.11515400
vt 0.19103400 0.01510800
vt 0.16840000 0.12029700
vt 0.17579800 0.12839200
vt 0.34731900 0.07573200
vt 0.35185800 0.07655400
vt 0.19266100 0.01421900
vt 0.16551900 0.11516400
vt 0.36022600 0.07373500
vt 0.35765800 0.07645500
vt 0.16639700 0.11908300
vt 0.34343200 0.08018500
vt 0.16845900 0.12492500
vt 0.16757500 0.12673500
vt 0.35373500 0.08311400
vt 0.19835600 0.01968400
vt 0.19579100 0.01634600
vt 0.20422700 0.01370100
vt 0.36642900 0.06412600
vt 0.36460700 0.06785300
vt 0.20045400 0.01607800
vt 0.20098700 0.01774300
vt 0.20474000 0.01516200
vt 0.19683700 0.01480600
vt 0.36165000 0.06995500
vt 0.34657600 0.04915200
vt 0.34781300 0.05665400
vt 0.34162500 0.05363500
vt 0.35173000 0.04942100
vt 0.34889200 0.04543200
vt 0.29357700 0.10394200
vt 0.22540900 0.01699800
vt 0.28690200 0.10739800
vt 0.28055200 0.11023900
vt 0.29638700 0.11726200
vt 0.21657200 0.00593500
vt 0.28921200 0.11724500
vt 0.34799100 0.05855700
vt 0.36178300 0.06145300
vt 0.35782700 0.05467500
vt 0.36029300 0.05631500
vt 0.36002500 0.05328700
vt 0.35411000 0.04726600
vt 0.36201500 0.05095500
vt 0.36535300 0.05852900
vt 0.36968100 0.05633500
vt 0.33948900 0.07664400
vt 0.33778300 0.08271300
vt 0.37711100 0.01773600
vt 0.35224100 0.04304800
vt 0.35395200 0.04007300
vt 0.36190000 0.03500400
vt 0.36591400 0.04091900
vt 0.36864700 0.04628000
vt 0.36412700 0.03428000
vt 0.36436500 0.03093600
vt 0.36944000 0.03048800
vt 0.36854100 0.03440300
vt 0.37164500 0.03975500
vt 0.37476100 0.04647300
vt 0.37426900 0.03510000
vt 0.37752500 0.04087300
vt 0.36770700 0.06189100
vt 0.20618800 0.01177600
vt 0.30804400 0.11544500
vt 0.30506900 0.11531400
vt 0.20915800 0.01110300
vt 0.30194800 0.11582500
vt 0.21192200 0.00939100
vt 0.36898500 0.06018300
vt 0.30620000 0.11676800
vt 0.37114100 0.05738600
vt 0.30365400 0.11969500
vt 0.30184800 0.12650500
vt 0.37513100 0.05182200
vt 0.29577300 0.12542100
vt 0.28935100 0.12969000
vt 0.37505300 0.04894600
vt 0.37765000 0.04352400
vt 0.37890100 0.04360800
vt 0.30148000 0.13575000
vt 0.29832900 0.13515600
vt 0.29439100 0.13789200
vt 0.30142200 0.14228000
vt 0.18420700 0.13587900
vt 0.18115700 0.14292500
vt 0.17393800 0.13213100
vt 0.35086600 0.08705800
vt 0.16784800 0.13146300
vt 0.16899600 0.13182100
vt 0.16890200 0.13772700
vt 0.17573800 0.14642300
vt 0.18525700 0.15532100
vt 0.17883800 0.15062700
vt 0.38004700 0.02001200
vt 0.34005000 0.08602700
vt 0.37943600 0.02269100
vt 0.37718900 0.02488600
vt 0.38508300 0.02256300
vt 0.34463800 0.08914200
vt 0.38001800 0.02558200
vt 0.34697500 0.08794500
vt 0.16580700 0.13621200
vt 0.34660300 0.09184500
vt 0.38752900 0.02493800
vt 0.16823100 0.13415400
vt 0.34972700 0.08977000
vt 0.16694600 0.13765900
vt 0.16694600 0.13765900
vt 0.38446500 0.02579700
vt 0.38331900 0.02980400
vt 0.38511400 0.02983400
vt 0.16167600 0.13878000
vt 0.16183300 0.14048100
vt 0.16721200 0.14472100
vt 0.16951500 0.15159200
vt 0.16218700 0.14267800
vt 0.37657500 0.03059200
vt 0.37300500 0.03154800
vt 0.37954900 0.03014500
vt 0.38089800 0.03681400
vt 0.38257300 0.03363500
vt 0.15732200 0.13847400
vt 0.15835700 0.14068300
vt 0.15530500 0.13968400
vt 0.30672300 0.14339800
vt 0.38324600 0.03579800
vt 0.15438500 0.14201800
vt 0.30568600 0.14573300
vt 0.37897400 0.03888500
vt 0.37978900 0.04018200
vt 0.38128000 0.03946000
vt 0.30312900 0.14065900
vt 0.16209300 0.14732000
vt 0.15796900 0.14722000
vt 0.16011700 0.15413400
vt 0.30296200 0.14892500
vt 0.15190900 0.14532100
vt 0.30184100 0.15426800
vt 0.15082900 0.15067100
vt 0.15393400 0.15540700
vt 0.18328800 0.15696200
vt 0.17965300 0.15492800
vt 0.16978900 0.17237600
vt 0.16535500 0.16441600
vt 0.15875500 0.16774300
vt 0.17924200 0.17670500
vt 0.17470400 0.17926000
vt 0.16913500 0.17673100
vt 0.16330100 0.18387000
vt 0.16858300 0.18179300
vt 0.26649600 0.10787100
vt 0.26277800 0.12048800
vt 0.27338200 0.11096900
vt 0.27787200 0.12393200
vt 0.28277300 0.12053200
vt 0.26784800 0.12623500
vt 0.27261300 0.13187600
vt 0.28397400 0.13899200
vt 0.28470300 0.12711400
vt 0.28090400 0.13347100
vt 0.27888400 0.14007200
vt 0.27963500 0.14392000
vt 0.28752400 0.14428800
vt 0.27029100 0.14107900
vt 0.26915900 0.14435600
vt 0.27357200 0.14460000
vt 0.27542000 0.14114200
vt 0.27896700 0.14817800
vt 0.27267400 0.14846600
vt 0.27066800 0.15496300
vt 0.28454000 0.14641100
vt 0.29555200 0.14882200
vt 0.29025000 0.15030300
vt 0.29425000 0.15386200
vt 0.29594000 0.16418500
vt 0.29026500 0.15738300
vt 0.29830200 0.16630000
vt 0.14668800 0.16251000
vt 0.27480500 0.15569900
vt 0.28377900 0.16017200
vt 0.27980900 0.16146900
vt 0.27979600 0.16519600
vt 0.28372100 0.16473000
vt 0.28107200 0.16929500
vt 0.29180900 0.16240500
vt 0.28884800 0.16114400
vt 0.28778900 0.16387400
vt 0.29056700 0.16716100
vt 0.28489500 0.16944200
vt 0.15248700 0.17159900
vt 0.14696200 0.17261600
vt 0.29954700 0.17653700
vt 0.15570400 0.18610500
vt 0.30082900 0.18123500
vt 0.14770800 0.17723100
vt 0.29035800 0.18038100
vt 0.30399100 0.19263600
vt 0.14959100 0.18853800
vt 0.29072000 0.18400700
vt 0.29720100 0.18132900
vt 0.29347500 0.18766000
vt 0.29777500 0.18737000
vt 0.29454900 0.19303100
vt 0.27289300 0.16216900
vt 0.27367700 0.16585500
vt 0.27363600 0.16986100
vt 0.28535500 0.18230400
vt 0.28387600 0.18573700
vt 0.28125400 0.18240300
vt 0.27788800 0.18648400
vt 0.28614300 0.18887900
vt 0.28874100 0.20115200
vt 0.28401600 0.20237300
vt 0.27000700 0.20757900
vt 0.27416200 0.20795500
vt 0.19630100 0.18446600
vt 0.19695500 0.18862900
vt 0.19987400 0.18892500
vt 0.19782900 0.20048300
vt 0.19423100 0.19971800
vt 0.20472400 0.20068800
vt 0.20204300 0.20075200
vt 0.20532900 0.20457700
vt 0.19923100 0.20541700
vt 0.19429300 0.20506600
vt 0.19825700 0.20858000
vt 0.19286000 0.20798900
vt 0.18920500 0.20427300
vt 0.19040500 0.18364200
vt 0.18352100 0.18130300
vt 0.19431100 0.18731000
vt 0.18954000 0.18759500
vt 0.19011300 0.19182000
vt 0.18426600 0.18702300
vt 0.17666600 0.18512100
vt 0.18219800 0.19268900
vt 0.17613100 0.19693200
vt 0.18360100 0.20283000
vt 0.16615200 0.19322800
vt 0.17495800 0.20033600
vt 0.19450700 0.21226500
vt 0.18828400 0.21044000
vt 0.18250000 0.20828300
vt 0.20715500 0.24183400
vt 0.21542700 0.24013700
vt 0.21318600 0.24416600
vt 0.22114300 0.23831800
vt 0.21901800 0.24280600
vt 0.22305000 0.24116400
vt 0.22709000 0.23764400
vt 0.22705400 0.24320100
vt 0.21668700 0.24751500
vt 0.23283200 0.23994100
vt 0.22757100 0.24962200
vt 0.23765700 0.24583700
vt 0.21327700 0.20326400
vt 0.21139100 0.20069600
vt 0.20888600 0.20803800
vt 0.20365100 0.20835300
vt 0.20608300 0.21606600
vt 0.20007700 0.22034200
vt 0.21387700 0.20780500
vt 0.21014700 0.22097500
vt 0.22399000 0.20478100
vt 0.21973400 0.20554900
vt 0.22805300 0.20739700
vt 0.22494400 0.21703100
vt 0.21737000 0.21953200
vt 0.21979900 0.22204300
vt 0.16932800 0.19858600
vt 0.16555500 0.19701800
vt 0.17600100 0.20494800
vt 0.16757500 0.20238200
vt 0.20322900 0.22147600
vt 0.20777400 0.22460600
vt 0.20215500 0.22581100
vt 0.19492900 0.22218900
vt 0.19037700 0.22171800
vt 0.18398400 0.21927400
vt 0.19705000 0.22626400
vt 0.20443900 0.22937400
vt 0.19847900 0.22936200
vt 0.20165200 0.24233900
vt 0.19478500 0.22995700
vt 0.18621900 0.22460400
vt 0.19172700 0.22577600
vt 0.19019700 0.23036800
vt 0.18629400 0.22918500
vt 0.21344500 0.22365800
vt 0.21143000 0.22855500
vt 0.21981800 0.22628500
vt 0.19719800 0.24271200
vt 0.17776100 0.21913700
vt 0.17133900 0.21552900
vt 0.18218300 0.22333800
vt 0.17446000 0.22155400
vt 0.18050700 0.22927700
vt 0.17285100 0.22526700
vt 0.16678400 0.21457300
vt 0.16661600 0.21821200
vt 0.16327200 0.20634900
vt 0.16219600 0.21978500
vt 0.15817000 0.20100300
vt 0.15787000 0.22265100
vt 0.16252200 0.22619500
vt 0.16508500 0.23437100
vt 0.23699500 0.21103900
vt 0.23400000 0.21408300
vt 0.23031000 0.21684200
vt 0.24143300 0.21899200
vt 0.23786000 0.22357200
vt 0.22765300 0.21982200
vt 0.22365300 0.22100400
vt 0.22382400 0.22351100
vt 0.22710700 0.22666000
vt 0.23168400 0.22716900
vt 0.24329500 0.21097200
vt 0.25928400 0.21290300
vt 0.24510600 0.21814400
vt 0.24522900 0.22158100
vt 0.25281000 0.22025700
vt 0.25138600 0.22378900
vt 0.23665900 0.22989700
vt 0.24232400 0.22501900
vt 0.24161700 0.23018700
vt 0.24951800 0.22705000
vt 0.28102500 0.20715600
vt 0.23189000 0.23454500
vt 0.24085600 0.24398600
vt 0.15726200 0.23981700
vt 0.15318800 0.22475000
vt 0.30686200 0.22919500
vt 0.14888900 0.22442300
vt 0.14922400 0.23477800
vt 0.30781200 0.23953200
vt 0.28711800 0.22697500
vt 0.28897500 0.22319900
vt 0.29478500 0.22475000
vt 0.29333200 0.23018500
vt 0.29919400 0.22805500
vt 0.29918600 0.23939900
vt 0.30324400 0.23750000
vt 0.30517000 0.24406600
vt 0.30232300 0.24349100
vt 0.20622700 0.24549500
vt 0.20879500 0.24811700
vt 0.21554500 0.25993800
vt 0.21144700 0.26088300
vt 0.20597000 0.26247100
vt 0.20329600 0.24948600
vt 0.20006400 0.25102300
vt 0.20086600 0.26363400
vt 0.19532500 0.26244700
vt 0.20878800 0.26559000
vt 0.21152900 0.26843000
vt 0.20562600 0.26952500
vt 0.20229000 0.26662300
vt 0.22280600 0.25666700
vt 0.22701100 0.25753500
vt 0.22465700 0.26179800
vt 0.23399600 0.25353300
vt 0.22036700 0.26303900
vt 0.22359200 0.26711200
vt 0.21377300 0.26415500
vt 0.21675100 0.26718000
vt 0.21468500 0.28003900
vt 0.19547400 0.26695600
vt 0.19863800 0.26998000
vt 0.20216100 0.28207200
vt 0.19694900 0.27928900
vt 0.19453500 0.27040900
vt 0.19803000 0.28468900
vt 0.19275700 0.28277000
vt 0.19103000 0.27746900
vt 0.21150800 0.28522700
vt 0.20881700 0.28190300
vt 0.21143100 0.28870900
vt 0.20477600 0.28656400
vt 0.20598400 0.29008500
vt 0.20291800 0.29674800
vt 0.20140600 0.29096100
vt 0.20910900 0.30145500
vt 0.20005900 0.28680200
vt 0.19715600 0.29163100
vt 0.19517200 0.28745500
vt 0.19022600 0.28681200
vt 0.18987300 0.23938800
vt 0.18389400 0.23714500
vt 0.19244100 0.24284400
vt 0.19572800 0.24653900
vt 0.19110300 0.24599000
vt 0.19260200 0.24939100
vt 0.20003200 0.24629200
vt 0.19565800 0.25076900
vt 0.18634600 0.24503800
vt 0.18100700 0.24128400
vt 0.17747800 0.24065600
vt 0.17978500 0.24391400
vt 0.18751800 0.25061500
vt 0.19095300 0.26092000
vt 0.18178300 0.25024900
vt 0.17633000 0.24729500
vt 0.18137900 0.26105500
vt 0.17704500 0.25940100
vt 0.17533900 0.23863100
vt 0.17096800 0.24144800
vt 0.16866300 0.23579700
vt 0.16987200 0.24495400
vt 0.18631600 0.26319500
vt 0.16509300 0.23847900
vt 0.16280800 0.24224800
vt 0.16216400 0.25616800
vt 0.16139400 0.23744800
vt 0.17176100 0.25731600
vt 0.30606000 0.24860700
vt 0.14707900 0.24370500
vt 0.15167200 0.24902300
vt 0.29551800 0.24564400
vt 0.15742700 0.25907700
vt 0.15016500 0.26011100
vt 0.30436100 0.26058300
vt 0.14530900 0.25559100
vt 0.19106000 0.26664900
vt 0.18853000 0.26986900
vt 0.18587600 0.26609600
vt 0.18167200 0.26918000
vt 0.18324900 0.27275500
vt 0.17987100 0.26454300
vt 0.17187700 0.26241200
vt 0.17486300 0.26707100
vt 0.18653000 0.27789600
vt 0.18903700 0.28299400
vt 0.18443400 0.28265400
vt 0.17954700 0.28086200
vt 0.18334400 0.28606000
vt 0.17302300 0.27916300
vt 0.17686400 0.28111500
vt 0.17647400 0.28447100
vt 0.16404300 0.27244800
vt 0.16646000 0.27885100
vt 0.17085800 0.28286700
vt 0.17529500 0.28831900
vt 0.16456100 0.28249400
vt 0.16665200 0.26084000
vt 0.16355800 0.26312800
vt 0.16029900 0.26746100
vt 0.15162600 0.27338900
vt 0.15951600 0.27902400
vt 0.30121500 0.19734200
vt 0.30440100 0.20375500
vt 0.15019500 0.20366500
vt 0.30624200 0.20799500
vt 0.15367200 0.21022200
vt 0.29480300 0.19832400
vt 0.30016400 0.20191700
vt 0.29447200 0.20385500
vt 0.29630900 0.20705900
vt 0.30256900 0.21830600
vt 0.29829000 0.21983100
vt 0.28869300 0.20566000
vt 0.28976100 0.20907800
vt 0.28520500 0.21087600
vt 0.29264300 0.22064500
vt 0.28053700 0.21154700
vt 0.30633500 0.22372600
vt 0.14881300 0.21903800
vt 0.30213000 0.22246400
vt 0.20230200 0.30279800
vt 0.19877300 0.30729800
vt 0.19456400 0.30213300
vt 0.19098200 0.29107400
vt 0.19094200 0.30361000
vt 0.18571300 0.30117400
vt 0.19315700 0.30728700
vt 0.18870900 0.30647900
vt 0.18569100 0.30630400
vt 0.19027900 0.31159600
vt 0.18513800 0.30978500
vt 0.18556300 0.29005600
vt 0.18141900 0.29044500
vt 0.17944400 0.30172600
vt 0.16586500 0.29576200
vt 0.18026700 0.30519100
vt 0.17525500 0.30469600
vt 0.24102200 0.25366200
vt 0.23642500 0.26098800
vt 0.24151200 0.26569200
vt 0.24490800 0.26022400
vt 0.26000700 0.22234400
vt 0.24885700 0.23963400
vt 0.24454200 0.23890800
vt 0.25712500 0.22571700
vt 0.25686500 0.22871300
vt 0.25504900 0.23085100
vt 0.26392300 0.22767900
vt 0.25500600 0.24174600
vt 0.26111300 0.23134700
vt 0.26199700 0.24245300
vt 0.26587300 0.23207300
vt 0.26554600 0.21980200
vt 0.26813900 0.21138300
vt 0.27224800 0.22538600
vt 0.27273900 0.21209100
vt 0.27597100 0.21180800
vt 0.27559800 0.22469800
vt 0.26659000 0.22501600
vt 0.26961500 0.22837300
vt 0.28015600 0.22139900
vt 0.28383100 0.22396100
vt 0.28027800 0.22816100
vt 0.27490000 0.22886300
vt 0.27901100 0.23214600
vt 0.27335600 0.23240400
vt 0.26886700 0.23228600
vt 0.24479100 0.24200300
vt 0.24913500 0.24397700
vt 0.25266000 0.24922900
vt 0.25601600 0.24626600
vt 0.25790500 0.24365200
vt 0.26006600 0.25174000
vt 0.26061100 0.24724900
vt 0.26478400 0.24839400
vt 0.26632600 0.24504600
vt 0.24977000 0.26043300
vt 0.25620000 0.26360700
vt 0.26714700 0.25278400
vt 0.26998400 0.24947100
vt 0.28694100 0.23108700
vt 0.29224500 0.24228700
vt 0.28193100 0.23271500
vt 0.28455600 0.24508200
vt 0.28466800 0.24854800
vt 0.28965000 0.24739700
vt 0.29478100 0.24989000
vt 0.28687200 0.25337000
vt 0.27042100 0.24582600
vt 0.27383300 0.24054400
vt 0.27822600 0.24568500
vt 0.27367300 0.24622000
vt 0.27265500 0.25325300
vt 0.27443800 0.24958300
vt 0.27978200 0.24927500
vt 0.27746300 0.25329300
vt 0.28249500 0.25298000
vt 0.26316500 0.26516600
vt 0.26688200 0.26594900
vt 0.27067500 0.25981700
vt 0.27775400 0.26641000
vt 0.23108400 0.26132100
vt 0.23062500 0.26767600
vt 0.22034000 0.28034900
vt 0.22465500 0.27967400
vt 0.22934300 0.27255400
vt 0.23298200 0.27707700
vt 0.24094700 0.27147000
vt 0.25045500 0.26975900
vt 0.23859900 0.28255400
vt 0.23030300 0.28529000
vt 0.24511400 0.28059700
vt 0.24168100 0.28667300
vt 0.21693500 0.28385000
vt 0.22020500 0.28803200
vt 0.22560800 0.28804900
vt 0.21264300 0.29566300
vt 0.21554000 0.30230600
vt 0.23155100 0.29258500
vt 0.22654200 0.30041200
vt 0.23545100 0.28836100
vt 0.21772500 0.30481400
vt 0.22220600 0.31829600
vt 0.24552200 0.28733000
vt 0.24855200 0.28551400
vt 0.25369100 0.28343400
vt 0.25316200 0.28705500
vt 0.25389800 0.29177100
vt 0.23779600 0.29672200
vt 0.24508200 0.29616400
vt 0.23556700 0.31448700
vt 0.24224000 0.30847200
vt 0.25340000 0.30232400
vt 0.24765400 0.30465400
vt 0.24418200 0.31799100
vt 0.24895400 0.31213200
vt 0.25666400 0.30571200
vt 0.25306300 0.30792300
vt 0.25737400 0.31317700
vt 0.25921500 0.30973500
vt 0.24582800 0.26344500
vt 0.24981400 0.26488500
vt 0.25399200 0.26672300
vt 0.29674700 0.26091000
vt 0.29080900 0.26379300
vt 0.30353600 0.26831300
vt 0.14448300 0.26314600
vt 0.14413800 0.27019000
vt 0.30311300 0.27542500
vt 0.29990200 0.26541200
vt 0.29280300 0.26758700
vt 0.29485600 0.27062900
vt 0.28348300 0.26581100
vt 0.28704700 0.26915800
vt 0.28863700 0.27304100
vt 0.28197400 0.26976100
vt 0.28506600 0.27298600
vt 0.29358600 0.27979800
vt 0.30178900 0.28207700
vt 0.14307000 0.27687400
vt 0.15003600 0.28209700
vt 0.15426200 0.28789200
vt 0.14972200 0.28769900
vt 0.29749600 0.28489400
vt 0.29641500 0.28787800
vt 0.30017300 0.28895700
vt 0.14184500 0.28382800
vt 0.29089700 0.28538200
vt 0.29109800 0.28903100
vt 0.14676900 0.29812300
vt 0.13918400 0.28743300
vt 0.29721600 0.29253800
vt 0.29631200 0.30540800
vt 0.13980500 0.30011500
vt 0.25990700 0.26824500
vt 0.25686500 0.27146300
vt 0.26166700 0.27210500
vt 0.26469700 0.26956300
vt 0.27279400 0.26632400
vt 0.26630200 0.27307300
vt 0.26610800 0.27982400
vt 0.27121800 0.27030300
vt 0.27060500 0.27402500
vt 0.26240900 0.28549900
vt 0.25977300 0.28552700
vt 0.27182100 0.28409700
vt 0.27450300 0.27359100
vt 0.27706900 0.27567000
vt 0.25782000 0.28845100
vt 0.25929800 0.29230400
vt 0.26252800 0.28984800
vt 0.26902600 0.28740900
vt 0.27371400 0.28774000
vt 0.27624900 0.27011900
vt 0.28080000 0.27330800
vt 0.28348100 0.28651700
vt 0.27864000 0.28670500
vt 0.25739800 0.30111400
vt 0.26537800 0.29438200
vt 0.26277600 0.30651300
vt 0.26632700 0.30749000
vt 0.26693300 0.29068500
vt 0.27049800 0.29111400
vt 0.26872700 0.29438200
vt 0.27194500 0.29376500
vt 0.27834900 0.29087100
vt 0.27311800 0.29112400
vt 0.27723200 0.29492300
vt 0.27040000 0.30234500
vt 0.27413400 0.30650500
vt 0.28078700 0.30057000
vt 0.28516400 0.30606700
vt 0.28134300 0.30763200
vt 0.26952200 0.30877000
vt 0.27083700 0.31183900
vt 0.27674300 0.30857300
vt 0.27721000 0.31162000
vt 0.28469700 0.29017700
vt 0.28467300 0.29393100
vt 0.29037900 0.29355100
vt 0.29142100 0.30728400
vt 0.26273100 0.31446100
vt 0.26499300 0.31096800
vt 0.26556800 0.31516600
vt 0.27093200 0.31475000
vt 0.21146800 0.32993300
vt 0.21595500 0.31848200
vt 0.20447500 0.30648800
vt 0.21104600 0.30514300
vt 0.21365200 0.31046200
vt 0.20632300 0.30973800
vt 0.20007700 0.31077100
vt 0.20488200 0.31645300
vt 0.20087300 0.32227100
vt 0.20392900 0.32373100
vt 0.19649500 0.31175400
vt 0.19381000 0.32150600
vt 0.20879700 0.32252400
vt 0.20552400 0.32768900
vt 0.20381100 0.33837200
vt 0.20604200 0.34632900
vt 0.20105000 0.34545900
vt 0.19631000 0.32743000
vt 0.19082100 0.32425500
vt 0.19122400 0.32721900
vt 0.19604300 0.33160100
vt 0.18372400 0.31666200
vt 0.18566600 0.32201600
vt 0.18541600 0.32622300
vt 0.18094900 0.32342000
vt 0.19242400 0.33232300
vt 0.19018000 0.33645000
vt 0.18724200 0.33163300
vt 0.17987500 0.32741200
vt 0.18151700 0.33358100
vt 0.19998300 0.33440200
vt 0.19318000 0.33952200
vt 0.19711400 0.34953800
vt 0.18619800 0.34304400
vt 0.17331700 0.34177000
vt 0.18001200 0.34128900
vt 0.22469100 0.33222200
vt 0.21971200 0.34045200
vt 0.22947600 0.32255500
vt 0.22803800 0.33818300
vt 0.23660400 0.32121700
vt 0.23422000 0.33459600
vt 0.24229700 0.33559400
vt 0.23542200 0.34045700
vt 0.21293800 0.34253800
vt 0.22615400 0.34262600
vt 0.23155400 0.34359400
vt 0.22809000 0.34881400
vt 0.22193600 0.35515800
vt 0.21392100 0.35795200
vt 0.21881600 0.35996800
vt 0.15963100 0.29679600
vt 0.17055900 0.30124000
vt 0.17802700 0.30843000
vt 0.17073300 0.30621800
vt 0.16831400 0.31305200
vt 0.16164700 0.32028200
vt 0.15604900 0.31395500
vt 0.17592200 0.32050700
vt 0.15752800 0.33465600
vt 0.16803200 0.33742600
vt 0.16279400 0.33642700
vt 0.14789900 0.32023200
vt 0.28247900 0.31122900
vt 0.28838100 0.31024300
vt 0.28145000 0.31485900
vt 0.27521400 0.31571300
vt 0.27948400 0.32741700
vt 0.13487500 0.31843300
vt 0.28830500 0.32322100
vt 0.28193700 0.33121100
vt 0.14238300 0.31946800
vt 0.29174300 0.31245100
vt 0.15062800 0.33501100
vt 0.15808800 0.34425300
vt 0.15599300 0.34044900
vt 0.14187300 0.33706700
vt 0.14951300 0.34015200
vt 0.15576600 0.34695900
vt 0.14439800 0.34351300
vt 0.14436200 0.35591900
vt 0.19063100 0.34843600
vt 0.19454700 0.36362400
vt 0.18367100 0.35585000
vt 0.17873300 0.35967400
vt 0.20317900 0.35710700
vt 0.20871700 0.36044000
vt 0.20303900 0.36976500
vt 0.19892000 0.37060900
vt 0.19217800 0.37105300
vt 0.21121100 0.37284100
vt 0.22390100 0.36599800
vt 0.22838900 0.35737700
vt 0.21915100 0.37363800
vt 0.20987300 0.37750400
vt 0.20494500 0.37669500
vt 0.20714900 0.37267500
vt 0.20099100 0.37654900
vt 0.19209400 0.36033800
vt 0.18667900 0.36600700
vt 0.18127000 0.36448300
vt 0.17279300 0.35730400
vt 0.16838900 0.35187400
vt 0.17383200 0.36536200
vt 0.16725900 0.36490000
vt 0.19243100 0.37495200
vt 0.19261100 0.38106300
vt 0.18746700 0.38043500
vt 0.20278900 0.38275700
vt 0.20610700 0.38316100
vt 0.21093200 0.38232400
vt 0.20950800 0.39314200
vt 0.19867800 0.38195100
vt 0.19897500 0.40402700
vt 0.18495600 0.40113100
vt 0.19127700 0.40387800
vt 0.18474700 0.37426800
vt 0.18008400 0.37339500
vt 0.18286100 0.38124500
vt 0.17608800 0.37443200
vt 0.17792500 0.38233300
vt 0.16712600 0.37525400
vt 0.16277700 0.37436100
vt 0.17354200 0.37548300
vt 0.17515900 0.37949000
vt 0.18232900 0.40355300
vt 0.16982000 0.38140900
vt 0.17113900 0.39788400
vt 0.16130200 0.34637200
vt 0.16016100 0.35241200
vt 0.15318800 0.35361400
vt 0.16016600 0.35931600
vt 0.15817100 0.36599000
vt 0.15146500 0.36409200
vt 0.15756200 0.37418000
vt 0.25224600 0.32348400
vt 0.24994500 0.33796200
vt 0.25689100 0.32888300
vt 0.25405200 0.33324700
vt 0.26083600 0.32634700
vt 0.24570600 0.34497800
vt 0.25982700 0.33741000
vt 0.26252300 0.33145100
vt 0.26460200 0.33570900
vt 0.23484900 0.34669800
vt 0.23436800 0.35820800
vt 0.22913400 0.36249800
vt 0.23177600 0.36473500
vt 0.24234100 0.36631900
vt 0.23417700 0.37731300
vt 0.23912300 0.34676100
vt 0.24263700 0.35754700
vt 0.24792600 0.35529400
vt 0.25407200 0.35357800
vt 0.25774200 0.35611400
vt 0.26393000 0.34627500
vt 0.26280500 0.35797000
vt 0.24918700 0.36819100
vt 0.25296300 0.36813800
vt 0.25673700 0.36763400
vt 0.26328300 0.36482000
vt 0.26696400 0.34710900
vt 0.26738300 0.32811000
vt 0.26453500 0.32844300
vt 0.27103400 0.32893200
vt 0.27427500 0.32812400
vt 0.26750000 0.33253400
vt 0.27249100 0.33241200
vt 0.26813800 0.33569900
vt 0.27384300 0.33670100
vt 0.27714700 0.34169700
vt 0.27132600 0.34584000
vt 0.28107900 0.35171600
vt 0.13484100 0.34683100
vt 0.13902300 0.35809300
vt 0.26964600 0.36770100
vt 0.27316400 0.36807700
vt 0.22548700 0.37289600
vt 0.23039600 0.37173600
vt 0.21876800 0.37864900
vt 0.21684200 0.38258200
vt 0.22961600 0.37979400
vt 0.22800100 0.38416700
vt 0.23906700 0.37533600
vt 0.24571500 0.37593400
vt 0.23822900 0.38556300
vt 0.21254000 0.39800200
vt 0.20142100 0.40782500
vt 0.20950200 0.40463400
vt 0.22288800 0.40088100
vt 0.23637700 0.39858100
vt 0.15995000 0.38353200
vt 0.16059100 0.41389900
vt 0.14499500 0.38243600
vt 0.14996500 0.38248900
vt 0.14585600 0.39786700
vt 0.15183400 0.39903600
vt 0.24101400 0.38063900
vt 0.24617000 0.38027800
vt 0.24404100 0.38551900
vt 0.24089800 0.39629800
vt 0.24764500 0.38714500
vt 0.24616100 0.40930200
vt 0.25029900 0.37977000
vt 0.25435900 0.38094100
vt 0.26135700 0.37955000
vt 0.25325600 0.38718500
vt 0.25927900 0.38653500
vt 0.26660200 0.38653700
vt 0.24844500 0.40730700
vt 0.25278300 0.39984200
vt 0.21233200 0.42599200
vt 0.23304800 0.43657400
vt 0.23747900 0.41157100
vt 0.24465400 0.43489300
vt 0.25910700 0.40115900
vt 0.13393600 0.38493800
vt 0.26961400 0.38927200
vt 0.13913900 0.38406800
vt 0.13608000 0.41142700
vt 0.26353100 0.41258700
vt 0.13413300 0.40829400
vt 0.14502900 0.40552900
vt 0.25402200 0.42274000
vt 0.14252400 0.36906400
vt 0.15133300 0.37033900
vt 0.27764400 0.37053400
vt 0.13664500 0.36537100
vt 0.13490100 0.37583900
vt 0.27328000 0.38054100
vt 0.13789500 0.37587500
vt 0.14790200 0.37521900
vt 0.14192400 0.37740000
vt 0.18788200 0.19566300
vt 0.20733200 0.44568800
vt 0.19970900 0.42716900
vt 0.20871100 0.42072400
vt 0.19800900 0.45203700
vt 0.19455800 0.46682200
vt 0.19690300 0.42998600
vt 0.19054500 0.43715800
vt 0.21083400 0.44813300
vt 0.20864400 0.46676600
vt 0.21502200 0.48225800
vt 0.20591100 0.47046200
vt 0.18845300 0.48198200
vt 0.19722300 0.48178700
vt 0.20379100 0.49425100
vt 0.19306800 0.50152900
vt 0.19575400 0.50817500
vt 0.18137500 0.49847200
vt 0.18274600 0.47314800
vt 0.18553500 0.45949600
vt 0.17291000 0.49771400
vt 0.18271700 0.50479800
vt 0.11796400 0.60332000
vt 0.11773800 0.59635300
vt 0.12745800 0.60156100
vt 0.12693600 0.59569700
vt 0.11744700 0.59187100
vt 0.12180400 0.59169200
vt 0.12342300 0.58881800
vt 0.11941100 0.58765600
vt 0.11660000 0.58282400
vt 0.12281100 0.58375900
vt 0.11926600 0.57922500
vt 0.12629400 0.58098900
vt 0.12350200 0.57255200
vt 0.12823800 0.58944700
vt 0.13330500 0.58764900
vt 0.13080500 0.59119400
vt 0.12966300 0.58235200
vt 0.12934800 0.58613800
vt 0.13013500 0.57793300
vt 0.13428600 0.58511900
vt 0.13777500 0.58306400
vt 0.13658100 0.57929500
vt 0.13196500 0.57095500
vt 0.12127700 0.56660100
vt 0.12980700 0.56224700
vt 0.13902900 0.57231600
vt 0.14119500 0.56303500
vt 0.13852600 0.55528700
vt 0.12611700 0.55581300
vt 0.13145800 0.55031800
vt 0.12813000 0.54709900
vt 0.13935500 0.54741000
vt 0.12328700 0.54364700
vt 0.13560600 0.54263100
vt 0.11439000 0.59524500
vt 0.11259800 0.59762600
vt 0.11425400 0.60019800
vt 0.11131900 0.59365900
vt 0.10953000 0.60057300
vt 0.11392100 0.61054300
vt 0.11114000 0.60722100
vt 0.11335500 0.60476700
vt 0.10888900 0.60494600
vt 0.10570900 0.61067700
vt 0.12370500 0.60732100
vt 0.11666100 0.61173000
vt 0.10922500 0.61851500
vt 0.10657700 0.61409600
vt 0.11413300 0.61756300
vt 0.11175300 0.60251300
vt 0.10104600 0.60800400
vt 0.10378800 0.60521800
vt 0.09638000 0.61270000
vt 0.09718100 0.61851900
vt 0.10260400 0.59580000
vt 0.09762400 0.60352900
vt 0.08651100 0.60484900
vt 0.08948600 0.60493000
vt 0.09109800 0.60666900
vt 0.08886400 0.59946900
vt 0.08421200 0.61554700
vt 0.08336400 0.59495700
vt 0.07323800 0.60770700
vt 0.10968300 0.56688900
vt 0.11415000 0.57040000
vt 0.11273000 0.57792000
vt 0.10796700 0.57036500
vt 0.11471600 0.56553700
vt 0.11090400 0.56083200
vt 0.10645500 0.56272900
vt 0.10549300 0.56389800
vt 0.10747300 0.55503000
vt 0.10663400 0.55856100
vt 0.11309000 0.55464700
vt 0.09940500 0.56702000
vt 0.10413500 0.56688800
vt 0.10013300 0.57240400
vt 0.09989000 0.56443200
vt 0.09452600 0.56942300
vt 0.10253200 0.55852800
vt 0.10404000 0.55283700
vt 0.10120300 0.55364100
vt 0.09438700 0.55981200
vt 0.08833900 0.56348400
vt 0.09601500 0.55405200
vt 0.09256000 0.55688500
vt 0.09040300 0.55411600
vt 0.08680000 0.55822800
vt 0.08995300 0.55778800
vt 0.08143300 0.55918500
vt 0.08273500 0.55291300
vt 0.08236700 0.55664900
vt 0.08260400 0.54954400
vt 0.11483500 0.58820900
vt 0.11588100 0.57425100
vt 0.10357900 0.58206600
vt 0.09820600 0.58449300
vt 0.09560200 0.58124900
vt 0.10486400 0.57567200
vt 0.09670500 0.57362800
vt 0.11576400 0.55926400
vt 0.12135900 0.56008700
vt 0.11649400 0.55403500
vt 0.11073800 0.55227400
vt 0.11884700 0.55622500
vt 0.12133100 0.55174600
vt 0.08218200 0.58645300
vt 0.09631600 0.59375500
vt 0.08714000 0.57920900
vt 0.07989400 0.58116800
vt 0.07473700 0.57835000
vt 0.07142100 0.58842500
vt 0.06928600 0.59561400
vt 0.08189200 0.57319000
vt 0.07748900 0.56272900
vt 0.07632500 0.56980500
vt 0.07578500 0.55970700
vt 0.07734700 0.55569000
vt 0.10545800 0.54638200
vt 0.10021400 0.54754000
vt 0.09798300 0.54364000
vt 0.09597100 0.54853300
vt 0.09203100 0.54672300
vt 0.10220600 0.53957100
vt 0.08679200 0.54851500
vt 0.09312300 0.54163100
vt 0.09452500 0.53753100
vt 0.08639700 0.53999800
vt 0.09056700 0.53770500
vt 0.08794800 0.54420700
vt 0.08174000 0.54167100
vt 0.08374300 0.53572000
vt 0.07997200 0.53712300
vt 0.11119100 0.54524200
vt 0.11724400 0.53807600
vt 0.11194000 0.53564500
vt 0.11011600 0.52894500
vt 0.12682100 0.53961900
vt 0.13705600 0.53681100
vt 0.12642600 0.53219500
vt 0.12269400 0.52498200
vt 0.10560200 0.52357000
vt 0.09551600 0.52926900
vt 0.07281800 0.54477200
vt 0.08655900 0.53272700
vt 0.08734900 0.52735900
vt 0.08131400 0.52968400
vt 0.09369700 0.52625200
vt 0.08974200 0.51684200
vt 0.08650400 0.52115800
vt 0.09843700 0.51692900
vt 0.10826600 0.50835000
vt 0.06129100 0.88078100
vt 0.05794500 0.87185000
vt 0.09850500 0.50756500
vt 0.07022200 0.58492100
vt 0.06736500 0.57994700
vt 0.06004400 0.57664900
vt 0.06750800 0.57125000
vt 0.06679000 0.59105100
vt 0.05722000 0.60829600
vt 0.06742400 0.58533000
vt 0.05961800 0.59093500
vt 0.06074100 0.58319300
vt 0.05384400 0.59715600
vt 0.05341600 0.58219400
vt 0.06976600 0.56510800
vt 0.06599000 0.56990100
vt 0.06134300 0.56890900
vt 0.07055000 0.55750100
vt 0.06587200 0.55826200
vt 0.05752800 0.56642100
vt 0.05621600 0.56249700
vt 0.05894900 0.55412400
vt 0.05037700 0.56054500
vt 0.05125600 0.57037900
vt 0.04474500 0.59479000
vt 0.04492200 0.58126500
vt 0.03858700 0.58224000
vt 0.04199700 0.57119100
vt 0.04327400 0.55907900
vt 0.04527000 0.55165700
vt 0.04044700 0.56302100
vt 0.04293200 0.55459400
vt 0.03196900 0.57475900
vt 0.03577600 0.56789000
vt 0.03389200 0.55457300
vt 0.03162700 0.56347000
vt 0.07651300 0.54266200
vt 0.07526600 0.53924100
vt 0.06754600 0.54626800
vt 0.06341200 0.55044300
vt 0.07038500 0.53834500
vt 0.07018900 0.52989000
vt 0.07619000 0.52442000
vt 0.06977100 0.53253700
vt 0.06699100 0.53521900
vt 0.05939600 0.54665600
vt 0.05502800 0.54134900
vt 0.05051800 0.54800500
vt 0.05677500 0.53339900
vt 0.06459500 0.53062700
vt 0.03596700 0.84943100
vt 0.06807000 0.52522900
vt 0.06026000 0.52827300
vt 0.03547900 0.84381700
vt 0.03753800 0.83326100
vt 0.04836900 0.53304800
vt 0.07309000 0.51885100
vt 0.04143600 0.85187700
vt 0.04326100 0.84275700
vt 0.03827600 0.84033300
vt 0.04620500 0.85669900
vt 0.07995500 0.51441100
vt 0.05213200 0.85233400
vt 0.08706300 0.50880000
vt 0.05297500 0.86151600
vt 0.05036100 0.84546200
vt 0.03962100 0.83755900
vt 0.05286300 0.83900900
vt 0.03906900 0.54268800
vt 0.04821900 0.53886900
vt 0.03803700 0.82479000
vt 0.04068900 0.53848400
vt 0.04293800 0.82963800
vt 0.04190900 0.82217600
vt 0.04467400 0.82618100
vt 0.05088500 0.82735800
vt 0.04018800 0.54941800
vt 0.03188300 0.54696900
vt 0.02819400 0.55810400
vt 0.02801200 0.55412000
vt 0.04286200 0.81065300
vt 0.02775400 0.54655500
vt 0.04516300 0.79886800
vt 0.02058200 0.55568300
vt 0.04677700 0.82255900
vt 0.05458200 0.82141900
vt 0.04589500 0.81479300
vt 0.04974800 0.81485600
vt 0.04576200 0.83377500
vt 0.05362900 0.82948300
vt 0.04684500 0.80470600
vt 0.10973300 0.57800200
vt 0.09946100 0.55909700
vt 0.11003800 0.58490400
vt 0.10679500 0.58447300
vt 0.18333700 0.42820300
vt 0.17409100 0.40440900
vt 0.17340900 0.43026900
vt 0.17152300 0.42943100
vt 0.18349300 0.45048300
vt 0.23539400 0.43524700
vt 0.14803900 0.42308600
vt 0.14576500 0.42110100
vt 0.14099100 0.44224800
vt 0.17106500 0.45921200
vt 0.14967000 0.45286100
vt 0.14777200 0.45775000
vt 0.17401600 0.46555300
vt 0.17157800 0.48874600
vt 0.16131800 0.48727800
vt 0.22907600 0.48154300
vt 0.20625100 0.49562600
vt 0.23045600 0.49143400
vt 0.23250000 0.46097100
vt 0.20490200 0.51944900
vt 0.20226800 0.52216300
vt 0.21313200 0.51192100
vt 0.22513800 0.52563000
vt 0.22965500 0.51495600
vt 0.23926400 0.49381100
vt 0.23790800 0.51832300
vt 0.24139900 0.49968900
vt 0.22961900 0.53221800
vt 0.24031500 0.52138700
vt 0.24575400 0.51086700
vt 0.12751700 0.61152700
vt 0.12389500 0.61381600
vt 0.13263100 0.60372100
vt 0.13806000 0.60569200
vt 0.13342700 0.61184300
vt 0.13071100 0.62061600
vt 0.14494200 0.61099800
vt 0.14227500 0.60132300
vt 0.14322600 0.61451100
vt 0.15656700 0.61668500
vt 0.15606500 0.60791800
vt 0.14983800 0.62171300
vt 0.13359600 0.62964000
vt 0.12498200 0.62584900
vt 0.13977200 0.62811200
vt 0.13775700 0.62354000
vt 0.14410700 0.62491500
vt 0.14112800 0.63449700
vt 0.13642900 0.63161300
vt 0.14790200 0.63113000
vt 0.15591700 0.62839600
vt 0.16546600 0.62000800
vt 0.16319700 0.62146900
vt 0.16641500 0.61423700
vt 0.16307400 0.61478100
vt 0.14529700 0.63587200
vt 0.14567400 0.63949600
vt 0.16909200 0.62214900
vt 0.16506500 0.62469900
vt 0.17319400 0.62823900
vt 0.16225800 0.63136500
vt 0.16590900 0.62868600
vt 0.17606800 0.62299900
vt 0.16728100 0.63529100
vt 0.15923400 0.63779200
vt 0.15054100 0.64097700
vt 0.16162600 0.64298800
vt 0.17419300 0.63543600
vt 0.17767500 0.62944500
vt 0.17428800 0.63946200
vt 0.18019300 0.63314400
vt 0.17051200 0.64282600
vt 0.15001600 0.65016700
vt 0.16273700 0.65092700
vt 0.17128800 0.64847300
vt 0.18384500 0.63514900
vt 0.18376700 0.63081500
vt 0.18144500 0.64191500
vt 0.18737900 0.64060600
vt 0.18725200 0.63304900
vt 0.17620800 0.64802400
vt 0.18423700 0.64628100
vt 0.19016000 0.64269200
vt 0.17959000 0.64763700
vt 0.17759000 0.65850600
vt 0.17526600 0.65364100
vt 0.18315900 0.65086400
vt 0.16969100 0.66269900
vt 0.18836400 0.64549500
vt 0.19063100 0.64780100
vt 0.19348500 0.64949400
vt 0.18946500 0.65110900
vt 0.18454100 0.65398700
vt 0.19160900 0.65365700
vt 0.18643500 0.66172600
vt 0.19178300 0.65709800
vt 0.18375600 0.66784700
vt 0.19547500 0.52939600
vt 0.46169700 0.06279600
vt 0.19421300 0.54206000
vt 0.19250500 0.53879700
vt 0.45999000 0.05953300
vt 0.20378300 0.53661700
vt 0.18568300 0.53513600
vt 0.45316700 0.05587300
vt 0.17952200 0.51950900
vt 0.18021100 0.52434600
vt 0.44748300 0.05892300
vt 0.17999800 0.53818700
vt 0.17052900 0.51504200
vt 0.43801300 0.03577800
vt 0.42795400 0.05881100
vt 0.15393400 0.51333600
vt 0.42141900 0.03407200
vt 0.43771700 0.05361800
vt 0.17023200 0.53288100
vt 0.46225500 0.07972600
vt 0.19477000 0.55898900
vt 0.45201200 0.08129200
vt 0.07665600 0.96025600
vt 0.17755000 0.53985600
vt 0.43663000 0.06605200
vt 0.16914600 0.54531600
vt 0.08338500 0.95965600
vt 0.44606500 0.07935300
vt 0.44395900 0.07328700
vt 0.17647400 0.55255000
vt 0.21461600 0.54431800
vt 0.20039100 0.55162400
vt 0.22793700 0.54360800
vt 0.20151000 0.55692800
vt 0.19821500 0.56056400
vt 0.19641600 0.56346900
vt 0.19598300 0.56607200
vt 0.19385400 0.56329700
vt 0.19820600 0.56189900
vt 0.20016200 0.56204000
vt 0.45957700 0.08006500
vt 0.19452600 0.55595400
vt 0.07026400 0.96489800
vt 0.21952800 0.55521600
vt 0.21006300 0.56322300
vt 0.19949700 0.56483700
vt 0.20061600 0.56698900
vt 0.20259300 0.56551500
vt 0.19641100 0.57266700
vt 0.20502000 0.56407000
vt 0.21323700 0.56534600
vt 0.20804200 0.56764800
vt 0.20512600 0.56740000
vt 0.20563800 0.57133800
vt 0.43538900 0.07394400
vt 0.13859800 0.58907600
vt 0.14484500 0.58993400
vt 0.14084200 0.59439200
vt 0.14431600 0.58190000
vt 0.13318100 0.59649200
vt 0.14959600 0.59592400
vt 0.15105200 0.60201300
vt 0.15592300 0.59216500
vt 0.15025700 0.58176400
vt 0.15898300 0.58772700
vt 0.15604100 0.57994500
vt 0.14304600 0.57526800
vt 0.14492300 0.56907700
vt 0.14700700 0.57828700
vt 0.14984700 0.57625800
vt 0.15049000 0.56389000
vt 0.14565700 0.55873600
vt 0.15309900 0.57656300
vt 0.15571400 0.57178400
vt 0.16159100 0.57962200
vt 0.16556200 0.57569200
vt 0.16844600 0.58606500
vt 0.16098700 0.56570600
vt 0.16109500 0.55670000
vt 0.17530800 0.56750600
vt 0.16246000 0.60352400
vt 0.16595100 0.59466800
vt 0.17001700 0.59617300
vt 0.16241600 0.61045600
vt 0.17997100 0.60512400
vt 0.17670700 0.59024100
vt 0.18416200 0.59636700
vt 0.17288900 0.57901300
vt 0.17595400 0.58207000
vt 0.17381800 0.57252000
vt 0.17322100 0.56055400
vt 0.18106800 0.57082200
vt 0.17905700 0.57181900
vt 0.19078300 0.57732800
vt 0.18785900 0.57695300
vt 0.18863700 0.57272600
vt 0.19158400 0.57962400
vt 0.19315800 0.58326100
vt 0.19860100 0.58023200
vt 0.20497500 0.57751400
vt 0.18265600 0.58497500
vt 0.18290800 0.59180400
vt 0.18717700 0.58860800
vt 0.18325100 0.57686000
vt 0.18508900 0.58115900
vt 0.18367600 0.57271700
vt 0.19062900 0.58532600
vt 0.15464100 0.59834900
vt 0.16234600 0.59570000
vt 0.17255700 0.61601600
vt 0.07282300 0.95769500
vt 0.18856200 0.55109700
vt 0.07858500 0.95277000
vt 0.08052300 0.95428300
vt 0.08113400 0.95170700
vt 0.08612700 0.95798200
vt 0.44310100 0.08002500
vt 0.08418500 0.95300700
vt 0.14616200 0.55157700
vt 0.13900200 0.54029400
vt 0.14421200 0.54104100
vt 0.15988900 0.54458100
vt 0.15331000 0.54081900
vt 0.14775100 0.53455800
vt 0.13686700 0.53134100
vt 0.17024000 0.55131400
vt 0.16747800 0.54296100
vt 0.07544100 0.93548900
vt 0.15916400 0.53316600
vt 0.07593900 0.92650600
vt 0.07720200 0.93179300
vt 0.16438800 0.53778600
vt 0.07284500 0.92219800
vt 0.15353300 0.53048400
vt 0.08246300 0.92929100
vt 0.14380500 0.52447200
vt 0.06923200 0.91345000
vt 0.07647700 0.91566600
vt 0.07944400 0.92111000
vt 0.08179900 0.90919900
vt 0.19306300 0.55879300
vt 0.07089600 0.96239700
vt 0.19234800 0.55447100
vt 0.19013400 0.55844000
vt 0.07134200 0.95545500
vt 0.18617300 0.55219600
vt 0.18276500 0.56440100
vt 0.18865100 0.56333300
vt 0.17774200 0.56301100
vt 0.07583500 0.95882700
vt 0.07977000 0.95748400
vt 0.06946500 0.94370200
vt 0.17521100 0.55338100
vt 0.17429500 0.55943600
vt 0.17303000 0.55549400
vt 0.17708100 0.56547100
vt 0.17098000 0.54883300
vt 0.07207500 0.93925200
vt 0.07705100 0.94042700
vt 0.08333200 0.94289900
vt 0.09290800 0.95728800
vt 0.43641200 0.07962000
vt 0.08228900 0.95656200
vt 0.08478400 0.95532800
vt 0.09001600 0.95466800
vt 0.09160600 0.95169100
vt 0.09351800 0.95516000
vt 0.09437600 0.95341700
vt 0.42753800 0.07824400
vt 0.10155300 0.95994800
vt 0.10021100 0.95546600
vt 0.09861000 0.95123200
vt 0.08528100 0.94900200
vt 0.08838700 0.95030400
vt 0.09352900 0.94927500
vt 0.09319800 0.94248700
vt 0.08668300 0.93788700
vt 0.09293000 0.93610300
vt 0.10075200 0.94639900
vt 0.10197600 0.93900100
vt 0.10546500 0.95576500
vt 0.41514100 0.07741700
vt 0.11386700 0.96290600
vt 0.10666000 0.95682900
vt 0.10750500 0.95375600
vt 0.10750100 0.95170800
vt 0.11270400 0.95802000
vt 0.11702300 0.95913900
vt 0.11491200 0.95603500
vt 0.10815400 0.94560300
vt 0.11845100 0.95025500
vt 0.10868500 0.93840500
vt 0.07577500 0.93701800
vt 0.08208500 0.93806900
vt 0.07965000 0.93435300
vt 0.08683500 0.93307100
vt 0.08748800 0.93591700
vt 0.08222100 0.93247600
vt 0.08656700 0.93019600
vt 0.08901000 0.92877400
vt 0.08928000 0.93232900
vt 0.09520800 0.93192400
vt 0.09663600 0.93019900
vt 0.08329100 0.92493300
vt 0.08288500 0.91652000
vt 0.09314800 0.92270800
vt 0.08598400 0.91865200
vt 0.08832000 0.91214300
vt 0.09114600 0.91533700
vt 0.09560400 0.92622400
vt 0.09315200 0.91712900
vt 0.09610700 0.91521300
vt 0.10000800 0.91030200
vt 0.10001800 0.93526200
vt 0.10663900 0.93481600
vt 0.10533800 0.93021400
vt 0.09886100 0.92563600
vt 0.10342100 0.92643100
vt 0.10527700 0.92411500
vt 0.11608500 0.93855000
vt 0.11809100 0.93752100
vt 0.11048000 0.93196500
vt 0.11401900 0.93101400
vt 0.10803900 0.92630000
vt 0.10004300 0.92004000
vt 0.10411800 0.91860200
vt 0.10787700 0.91657200
vt 0.11067500 0.92359600
vt 0.22300600 0.61376000
vt 0.22043000 0.60743700
vt 0.22440100 0.60745800
vt 0.22898400 0.61186900
vt 0.22710600 0.60297300
vt 0.22253800 0.60162700
vt 0.22942800 0.59987200
vt 0.22973600 0.60542400
vt 0.23102500 0.60811500
vt 0.22725600 0.61522100
vt 0.23521700 0.62077700
vt 0.22734600 0.61777400
vt 0.23530300 0.60938900
vt 0.23718300 0.54769200
vt 0.23948800 0.54189900
vt 0.24611800 0.54840900
vt 0.25066000 0.51369400
vt 0.22959900 0.55338600
vt 0.40123800 0.05584200
vt 0.25448900 0.54243900
vt 0.25361200 0.56330200
vt 0.12970800 0.97086000
vt 0.23904900 0.55845400
vt 0.22542400 0.56528500
vt 0.21237500 0.56793200
vt 0.21980100 0.56978600
vt 0.21233500 0.57233400
vt 0.21576000 0.57639800
vt 0.21337700 0.58033400
vt 0.22024700 0.56640300
vt 0.22765600 0.56795100
vt 0.22909800 0.57073700
vt 0.22384100 0.57304200
vt 0.22933300 0.56585400
vt 0.23576900 0.56461000
vt 0.23325500 0.56805700
vt 0.22855800 0.57690200
vt 0.23210000 0.57289500
vt 0.23613200 0.57258200
vt 0.23810300 0.57138000
vt 0.23862000 0.56803100
vt 0.21996500 0.57914000
vt 0.21705400 0.58401400
vt 0.22279200 0.58676200
vt 0.22733700 0.58820800
vt 0.39939900 0.07737600
vt 0.12879100 0.96806600
vt 0.25639000 0.56423000
vt 0.12208600 0.96302200
vt 0.40729800 0.07884600
vt 0.41197300 0.05079400
vt 0.40554400 0.07777700
vt 0.12342900 0.96455800
vt 0.40838800 0.06041900
vt 0.12456600 0.96184800
vt 0.24668900 0.56476900
vt 0.23818300 0.56652300
vt 0.24209800 0.56650300
vt 0.13537500 0.97372300
vt 0.24885100 0.56634700
vt 0.24224100 0.57067400
vt 0.24743800 0.56935000
vt 0.13906100 0.97478000
vt 0.13059800 0.96641400
vt 0.12813600 0.96359500
vt 0.12611100 0.96013700
vt 0.13065100 0.96125300
vt 0.13320500 0.96492500
vt 0.13712400 0.96916500
vt 0.13725500 0.96573600
vt 0.13466000 0.96185500
vt 0.14832200 0.96007400
vt 0.23324400 0.57864200
vt 0.22285400 0.58884400
vt 0.22399500 0.59157300
vt 0.22002600 0.59139200
vt 0.22575000 0.59469000
vt 0.22941800 0.59264000
vt 0.22467500 0.59835700
vt 0.23275700 0.59596200
vt 0.23123000 0.58816500
vt 0.23474500 0.59095100
vt 0.23547100 0.58638500
vt 0.23934900 0.58122100
vt 0.15257700 0.98086500
vt 0.23924200 0.58773400
vt 0.15966300 0.98190500
vt 0.15684700 0.98253700
vt 0.23788400 0.58547600
vt 0.15833100 0.97492100
vt 0.15433700 0.97661900
vt 0.23412000 0.60070200
vt 0.23606600 0.59498000
vt 0.23662000 0.60333400
vt 0.24019500 0.60717700
vt 0.23894800 0.60047700
vt 0.24137700 0.59717600
vt 0.16921300 0.98751000
vt 0.24450400 0.60180100
vt 0.17520300 0.98897500
vt 0.23914500 0.59096400
vt 0.16253300 0.98428400
vt 0.16189600 0.98061400
vt 0.16540800 0.98544200
vt 0.24033000 0.59343300
vt 0.16562400 0.98151400
vt 0.16679500 0.98323500
vt 0.15976900 0.97690800
vt 0.16299000 0.97624200
vt 0.16612400 0.97723200
vt 0.17329100 0.98538400
vt 0.16928600 0.98123200
vt 0.17264600 0.97892100
vt 0.24259300 0.57620300
vt 0.14733300 0.97817000
vt 0.24694900 0.57148200
vt 0.14146900 0.97481000
vt 0.15613100 0.97191900
vt 0.15395200 0.96749000
vt 0.14729400 0.96921000
vt 0.16185500 0.97462300
vt 0.15810600 0.96942500
vt 0.16459500 0.97363300
vt 0.16208200 0.97023800
vt 0.16369100 0.96697300
vt 0.16876800 0.97451800
vt 0.17272200 0.97492500
vt 0.17002700 0.97164400
vt 0.16617700 0.96879100
vt 0.16701500 0.96414200
vt 0.16411900 0.96306700
vt 0.16974000 0.96670400
vt 0.18264300 0.61528800
vt 0.19233900 0.60627400
vt 0.19272400 0.59992900
vt 0.19935500 0.60763700
vt 0.19601400 0.61339600
vt 0.19617500 0.60891000
vt 0.20319300 0.60864800
vt 0.19895500 0.61640000
vt 0.18214700 0.62449600
vt 0.18696400 0.61956800
vt 0.19177100 0.62104300
vt 0.19156200 0.61600500
vt 0.18361000 0.62825300
vt 0.18072900 0.62830700
vt 0.18726800 0.62625800
vt 0.18801900 0.62972200
vt 0.18631800 0.62401500
vt 0.19027600 0.61346700
vt 0.19346000 0.61001000
vt 0.19589600 0.61767600
vt 0.19561600 0.62054500
vt 0.19224800 0.59454300
vt 0.20234000 0.59530600
vt 0.19982000 0.58856700
vt 0.19637200 0.58991000
vt 0.19813900 0.58271100
vt 0.20106600 0.58775500
vt 0.20320100 0.58350100
vt 0.20574000 0.59010500
vt 0.20574700 0.58559100
vt 0.20123700 0.59212600
vt 0.19627800 0.60201900
vt 0.20214500 0.60129800
vt 0.20560000 0.60104000
vt 0.20654600 0.59541300
vt 0.20995500 0.60583100
vt 0.20952000 0.59082100
vt 0.21568900 0.58695400
vt 0.20886300 0.59917000
vt 0.21021600 0.59483700
vt 0.21352600 0.59553700
vt 0.21336200 0.59149300
vt 0.21656000 0.59298400
vt 0.20096600 0.62564600
vt 0.19730700 0.62350100
vt 0.20143200 0.61834000
vt 0.20416000 0.62231000
vt 0.20628500 0.61501500
vt 0.20736800 0.62094000
vt 0.21103500 0.61627300
vt 0.21016800 0.62239400
vt 0.19149800 0.62656100
vt 0.19547400 0.62886600
vt 0.19786200 0.63517100
vt 0.19129900 0.63403000
vt 0.19311200 0.63768100
vt 0.20203100 0.63048600
vt 0.20617900 0.62695000
vt 0.20769900 0.62866200
vt 0.20380800 0.63143400
vt 0.21449200 0.62392400
vt 0.21154700 0.62704600
vt 0.20563700 0.63435600
vt 0.21450600 0.62783200
vt 0.21723000 0.62533800
vt 0.21412100 0.63313400
vt 0.21745400 0.63214200
vt 0.21987300 0.62959900
vt 0.19992100 0.63879000
vt 0.19550900 0.64296800
vt 0.20764400 0.63828900
vt 0.20338200 0.63962800
vt 0.20365900 0.64251700
vt 0.20166200 0.64582400
vt 0.19822300 0.65105000
vt 0.21401200 0.63618200
vt 0.21359400 0.61219900
vt 0.20754000 0.61014900
vt 0.21144200 0.60941500
vt 0.21603400 0.60609900
vt 0.21421300 0.60432100
vt 0.21579400 0.59926700
vt 0.21805700 0.60238500
vt 0.22066400 0.59493200
vt 0.21926100 0.60018000
vt 0.21843700 0.60526300
vt 0.21776300 0.61664400
vt 0.22164400 0.62144100
vt 0.21916100 0.61262600
vt 0.20651700 0.58378400
vt 0.12019400 0.95708600
vt 0.11595800 0.95297800
vt 0.12169800 0.95591000
vt 0.11509600 0.94295800
vt 0.12258100 0.94376400
vt 0.12558000 0.94052100
vt 0.12860800 0.95307900
vt 0.13549000 0.94655200
vt 0.12996000 0.94361300
vt 0.12123900 0.93549300
vt 0.11449100 0.92641400
vt 0.15571000 0.96638300
vt 0.15113200 0.95982000
vt 0.14252100 0.95185500
vt 0.14683700 0.95628200
vt 0.14258500 0.94850200
vt 0.14684200 0.95249800
vt 0.15383200 0.95760800
vt 0.15219900 0.95094000
vt 0.14774600 0.94888900
vt 0.13963000 0.94349200
vt 0.15891900 0.96714200
vt 0.16115300 0.96555300
vt 0.15870700 0.96436700
vt 0.15743700 0.96141100
vt 0.16192900 0.95963700
vt 0.16024600 0.95666600
vt 0.15533500 0.95229700
vt 0.16130900 0.95276800
vt 0.17193500 0.95990200
vt 0.19702100 0.65753700
vt 0.20262800 0.65377500
vt 0.19563400 0.66077900
vt 0.20706300 0.65746100
vt 0.20322300 0.66917400
vt 0.20669200 0.66159100
vt 0.19654200 0.66457100
vt 0.18956900 0.66383500
vt 0.19436800 0.66286700
vt 0.18756900 0.66996500
vt 0.19385900 0.66591600
vt 0.19701400 0.66940900
vt 0.19021500 0.67182800
vt 0.20968000 0.66540600
vt 0.19607200 0.67704900
vt 0.19027900 0.67643700
vt 0.20318700 0.67792500
vt 0.21627500 0.67698300
vt 0.20296700 0.68177800
vt 0.21087600 0.68287300
vt 0.20701300 0.68795100
vt 0.21850300 0.68380000
vt 0.21429100 0.69524600
vt 0.22547500 0.62732300
vt 0.23697900 0.62564100
vt 0.23610900 0.61795700
vt 0.23952500 0.61569100
vt 0.24302100 0.61649900
vt 0.24348700 0.62370400
vt 0.23098500 0.63133400
vt 0.23669500 0.63139700
vt 0.24161000 0.62955800
vt 0.23850200 0.63421100
vt 0.24559000 0.63030300
vt 0.24410500 0.63355700
vt 0.24327700 0.63696300
vt 0.23863600 0.63660900
vt 0.24747300 0.61984200
vt 0.24592800 0.61402000
vt 0.24276800 0.62673600
vt 0.24965500 0.62686400
vt 0.25290900 0.62881600
vt 0.24992600 0.62128000
vt 0.25432900 0.62398100
vt 0.24350600 0.64268500
vt 0.23653400 0.64016800
vt 0.24733000 0.63724300
vt 0.25010800 0.63593100
vt 0.24767000 0.64540200
vt 0.24062700 0.64615400
vt 0.25444900 0.64038600
vt 0.25517800 0.63799200
vt 0.25233700 0.64515900
vt 0.25626100 0.64516100
vt 0.21975300 0.99406500
vt 0.26079400 0.63065600
vt 0.25929000 0.63293700
vt 0.26037200 0.63716500
vt 0.22462700 0.99192100
vt 0.26408300 0.63356000
vt 0.25536800 0.65256200
vt 0.24905400 0.65248300
vt 0.25026600 0.64981800
vt 0.25481700 0.64794800
vt 0.25831000 0.64743400
vt 0.26103100 0.65264400
vt 0.26049500 0.65716500
vt 0.25862600 0.64417200
vt 0.26280900 0.64260600
vt 0.22814800 0.99308000
vt 0.26372300 0.63646000
vt 0.26475200 0.63949400
vt 0.23180500 0.99270300
vt 0.22861400 0.99007700
vt 0.23218000 0.98822800
vt 0.26019400 0.64628400
vt 0.26257100 0.64774200
vt 0.26597100 0.64575600
vt 0.26662200 0.65047400
vt 0.26858400 0.64481700
vt 0.23931300 0.98969200
vt 0.23758100 0.98729400
vt 0.24750800 0.60503500
vt 0.18007600 0.98958500
vt 0.24380900 0.60976300
vt 0.19141300 0.98866200
vt 0.25486500 0.61056700
vt 0.18082800 0.98620500
vt 0.18291400 0.98401000
vt 0.17712200 0.97873900
vt 0.17541900 0.97762900
vt 0.18884000 0.98318100
vt 0.18387800 0.98096700
vt 0.20643000 0.98291400
vt 0.20224100 0.98461800
vt 0.19830700 0.98318800
vt 0.19981400 0.98028200
vt 0.19700000 0.97995700
vt 0.19322000 0.97755400
vt 0.19252800 0.97400200
vt 0.24748900 0.61557400
vt 0.25319500 0.61323000
vt 0.25329700 0.61675300
vt 0.25529800 0.62048700
vt 0.25747600 0.61401700
vt 0.19770600 0.98915300
vt 0.25768700 0.61837300
vt 0.20328800 0.99154500
vt 0.26015900 0.62532200
vt 0.21342200 0.99264400
vt 0.20781400 0.99122000
vt 0.25972700 0.62107700
vt 0.20312000 0.98702100
vt 0.19239200 0.98145800
vt 0.19526500 0.98344300
vt 0.18747700 0.97652400
vt 0.17855300 0.97300500
vt 0.17573500 0.97281400
vt 0.17288800 0.96849100
vt 0.17579100 0.96945200
vt 0.17460200 0.96405000
vt 0.18249500 0.97539200
vt 0.18137200 0.97274300
vt 0.18099200 0.96904200
vt 0.18567300 0.97327800
vt 0.18326800 0.97144100
vt 0.18574100 0.97093300
vt 0.17941000 0.96344500
vt 0.18276300 0.96502300
vt 0.17806200 0.95801400
vt 0.17166900 0.95616100
vt 0.18544500 0.96285100
vt 0.20146400 0.97438900
vt 0.19493000 0.97149800
vt 0.19874600 0.97017800
vt 0.18845800 0.96713400
vt 0.19124200 0.97011500
vt 0.18561800 0.96649500
vt 0.19169700 0.96528300
vt 0.19534900 0.96683900
vt 0.18391600 0.95877400
vt 0.18502500 0.95592900
vt 0.18084900 0.95473200
vt 0.19073000 0.95917100
vt 0.19602200 0.96302500
vt 0.18858600 0.95448800
vt 0.19290100 0.95321400
vt 0.21539400 0.98733300
vt 0.20805900 0.98386700
vt 0.21125800 0.98599300
vt 0.22344000 0.98807400
vt 0.21808500 0.98553200
vt 0.21420800 0.98327900
vt 0.20997400 0.98033200
vt 0.20593300 0.97822400
vt 0.20524300 0.97093300
vt 0.20859800 0.97595700
vt 0.21482500 0.97648100
vt 0.21183700 0.97674500
vt 0.21082600 0.97267300
vt 0.22516000 0.98306700
vt 0.22896000 0.98032800
vt 0.22353100 0.97913300
vt 0.23121900 0.97621400
vt 0.22620100 0.97709600
vt 0.21737600 0.96998100
vt 0.21898100 0.97166600
vt 0.21291700 0.97057900
vt 0.21989800 0.96921500
vt 0.22537300 0.97134200
vt 0.22535700 0.97524100
vt 0.21993600 0.97459400
vt 0.22826200 0.97281700
vt 0.22604600 0.96868000
vt 0.20069300 0.96766200
vt 0.20047000 0.96414000
vt 0.20769300 0.97013600
vt 0.19802800 0.95808900
vt 0.20377800 0.96235500
vt 0.20598600 0.95854300
vt 0.20836600 0.96256900
vt 0.20940800 0.95880700
vt 0.20217100 0.95745600
vt 0.20262500 0.95471000
vt 0.20750400 0.95439200
vt 0.20644000 0.95237500
vt 0.20289500 0.95140000
vt 0.19583300 0.95494900
vt 0.21648400 0.96746700
vt 0.21099600 0.96767600
vt 0.21331900 0.96271400
vt 0.22216300 0.96564100
vt 0.22382700 0.96649600
vt 0.21743900 0.96199700
vt 0.22088300 0.96193700
vt 0.22406800 0.96274400
vt 0.21639500 0.95956500
vt 0.22451100 0.95988300
vt 0.22010300 0.95757300
vt 0.20903400 0.95544700
vt 0.21307000 0.95798700
vt 0.21138200 0.95407900
vt 0.20850600 0.95167300
vt 0.21766100 0.95710500
vt 0.21919200 0.95595700
vt 0.21502100 0.95324500
vt 0.21124400 0.94980000
vt 0.21653400 0.95062300
vt 0.22040900 0.64185000
vt 0.22263400 0.63228500
vt 0.21567900 0.64253500
vt 0.22048700 0.64430900
vt 0.23010000 0.63548000
vt 0.22687200 0.64307200
vt 0.20952500 0.64594900
vt 0.21543700 0.64634500
vt 0.21250800 0.63963900
vt 0.20707000 0.65041600
vt 0.21469200 0.65120300
vt 0.23019700 0.64245800
vt 0.22179400 0.65006300
vt 0.23045500 0.65301000
vt 0.23669200 0.64646500
vt 0.23205100 0.64504500
vt 0.23504800 0.64892600
vt 0.21602200 0.65622600
vt 0.21670900 0.66250900
vt 0.21808500 0.66861200
vt 0.23892000 0.65106700
vt 0.24029500 0.65425600
vt 0.24327900 0.65178800
vt 0.23579100 0.65922100
vt 0.23062900 0.65905600
vt 0.24210600 0.65671700
vt 0.22643400 0.66602800
vt 0.22569700 0.67447200
vt 0.22959000 0.67106900
vt 0.24654900 0.65593000
vt 0.24720500 0.66101800
vt 0.24326400 0.66454600
vt 0.23505300 0.66866900
vt 0.24742200 0.66619900
vt 0.24622400 0.66833800
vt 0.23319300 0.67238600
vt 0.23510000 0.67088200
vt 0.23818300 0.67135100
vt 0.23331200 0.67471100
vt 0.23791000 0.67465800
vt 0.23362100 0.67983200
vt 0.24526400 0.64964600
vt 0.25003400 0.65667500
vt 0.25528600 0.65926300
vt 0.22799900 0.68307100
vt 0.22382300 0.69070700
vt 0.17067200 0.95175600
vt 0.24741400 0.98020800
vt 0.24646800 0.98350300
vt 0.24437700 0.98046000
vt 0.24930800 0.98075400
vt 0.24877700 0.97688000
vt 0.25234200 0.98067100
vt 0.25858700 0.66265000
vt 0.26045200 0.66031900
vt 0.26433200 0.65512800
vt 0.26635700 0.65812900
vt 0.26344400 0.66075300
vt 0.26763300 0.66015800
vt 0.26160900 0.66398700
vt 0.26996300 0.65282300
vt 0.27065600 0.65534200
vt 0.27167700 0.64960600
vt 0.24642400 0.98644500
vt 0.25176100 0.98573500
vt 0.27182200 0.65359800
vt 0.26994600 0.66056400
vt 0.26072000 0.98065500
vt 0.27465600 0.66064400
vt 0.27321300 0.65572700
vt 0.25444000 0.98381900
vt 0.25770700 0.97877400
vt 0.26978100 0.66340800
vt 0.26659800 0.66593700
vt 0.27018600 0.97338300
vt 0.27784900 0.66943200
vt 0.26603900 0.97870100
vt 0.27487400 0.66515500
vt 0.26942000 0.66890300
vt 0.27551300 0.67145100
vt 0.27225200 0.67368700
vt 0.25900700 0.97670100
vt 0.26406400 0.97646600
vt 0.25594900 0.97399200
vt 0.26283300 0.97406000
vt 0.26628100 0.97294400
vt 0.26145000 0.96740100
vt 0.26630900 0.96884100
vt 0.25620100 0.96795700
vt 0.27762200 0.67426500
vt 0.27539700 0.97049500
vt 0.26421600 0.96446900
vt 0.27072100 0.96282800
vt 0.27996500 0.96410000
vt 0.28039200 0.68002200
vt 0.26928000 0.96085800
vt 0.27480600 0.96136100
vt 0.28427800 0.95925400
vt 0.28078600 0.68514100
vt 0.27300700 0.95649000
vt 0.23121400 0.98332400
vt 0.23647100 0.97455800
vt 0.24063100 0.97546000
vt 0.24305800 0.97005600
vt 0.23939100 0.96884000
vt 0.24336200 0.97689000
vt 0.24162200 0.97985200
vt 0.24956000 0.97429700
vt 0.23050000 0.96929600
vt 0.23343100 0.97321400
vt 0.23014900 0.96719200
vt 0.22689800 0.96185100
vt 0.23658400 0.96750300
vt 0.23297000 0.96309000
vt 0.23405000 0.96490500
vt 0.23050100 0.96410500
vt 0.23866300 0.96229000
vt 0.24331100 0.96753700
vt 0.24504300 0.96885300
vt 0.24637700 0.96479900
vt 0.25143100 0.96955700
vt 0.25018200 0.96551900
vt 0.25535000 0.96393300
vt 0.24414900 0.96119300
vt 0.24070700 0.96518700
vt 0.23300300 0.95834300
vt 0.24552200 0.95093900
vt 0.25990500 0.96068300
vt 0.22431200 0.95672700
vt 0.22837500 0.95848200
vt 0.23176100 0.96121500
vt 0.22781100 0.95465600
vt 0.23365800 0.95452500
vt 0.22285600 0.95573300
vt 0.22012000 0.95101000
vt 0.22374600 0.95266900
vt 0.22075800 0.94835300
vt 0.22661700 0.94971300
vt 0.23631000 0.94418000
vt 0.21997000 0.94259800
vt 0.22376600 0.93444400
vt 0.24624200 0.93559400
vt 0.23630100 0.93289300
vt 0.26469200 0.94144900
vt 0.25639500 0.94398400
vt 0.25251500 0.66933800
vt 0.24610600 0.67371900
vt 0.24160800 0.67773900
vt 0.23748900 0.68326700
vt 0.24428900 0.68494700
vt 0.24297400 0.68047700
vt 0.24220900 0.67374900
vt 0.24604500 0.67923200
vt 0.24870900 0.67523200
vt 0.25281800 0.68131700
vt 0.26255100 0.67650200
vt 0.26431000 0.67380200
vt 0.26090200 0.68319900
vt 0.25180900 0.68712800
vt 0.24406000 0.68843500
vt 0.24136600 0.68587000
vt 0.26079400 0.68651400
vt 0.26051800 0.66672900
vt 0.26958300 0.67807100
vt 0.26671000 0.68518100
vt 0.23041000 0.68633900
vt 0.23303500 0.68601900
vt 0.23496200 0.69137900
vt 0.24242600 0.69077900
vt 0.22847000 0.70027800
vt 0.24096300 0.69745500
vt 0.25558400 0.69716400
vt 0.24890900 0.70166300
vt 0.23702400 0.70540700
vt 0.22953600 0.70771000
vt 0.24827000 0.70848100
vt 0.26235200 0.68928400
vt 0.26021100 0.69208500
vt 0.26254400 0.69413500
vt 0.25650500 0.69335900
vt 0.26977800 0.69017700
vt 0.27090600 0.69851600
vt 0.26524600 0.69875100
vt 0.26416000 0.70140100
vt 0.27268600 0.67993700
vt 0.27103600 0.68092700
vt 0.27564200 0.68792200
vt 0.28366000 0.95493100
vt 0.28076800 0.69451800
vt 0.29126400 0.95042700
vt 0.27650900 0.69105000
vt 0.27551300 0.69929200
vt 0.28786800 0.94977100
vt 0.27736200 0.94132800
vt 0.26886600 0.70568100
vt 0.29625400 0.94071100
vt 0.27651200 0.70746500
vt 0.30091300 0.93933200
vt 0.27380000 0.70630600
vt 0.28811200 0.93368700
vt 0.26026500 0.70690000
vt 0.24360300 0.71093300
vt 0.23900600 0.71023200
vt 0.23817700 0.71615600
vt 0.24650300 0.71409400
vt 0.25229300 0.71609700
vt 0.23897800 0.72202800
vt 0.26770900 0.71172400
vt 0.26083500 0.71488500
vt 0.26069000 0.71960100
vt 0.25361100 0.72099000
vt 0.25905700 0.72107100
vt 0.27169800 0.71295500
vt 0.26708400 0.71876900
vt 0.26523500 0.72828100
vt 0.27608000 0.92203400
vt 0.25624800 0.92895600
vt 0.26109500 0.91578300
vt 0.24767300 0.91973500
vt 0.29125100 0.92036000
vt 0.27342500 0.90898400
vt 0.26372600 0.90027100
vt 0.24852000 0.90489300
vt 0.27525200 0.89504900
vt 0.26012200 0.88197300
vt 0.25303400 0.88875300
vt 0.11178500 0.62218900
vt 0.11731900 0.62057000
vt 0.11681900 0.62399100
vt 0.10374500 0.62491600
vt 0.10620100 0.62855400
vt 0.10039000 0.62618000
vt 0.10967900 0.63104100
vt 0.10297100 0.63016800
vt 0.10449600 0.63427700
vt 0.10275600 0.63425800
vt 0.11872700 0.62775400
vt 0.12348900 0.63394700
vt 0.11597700 0.63293800
vt 0.11194200 0.63348900
vt 0.10670700 0.63915700
vt 0.11452500 0.64043900
vt 0.10848200 0.64128400
vt 0.12100000 0.61865200
vt 0.09814900 0.63743000
vt 0.09873700 0.63273400
vt 0.09368400 0.62849700
vt 0.08463200 0.62884700
vt 0.09488600 0.63671200
vt 0.09013800 0.63947900
vt 0.10023600 0.64063300
vt 0.09827100 0.64605900
vt 0.09303500 0.64240600
vt 0.09288800 0.64565100
vt 0.11121400 0.64480900
vt 0.08549400 0.64507100
vt 0.08300600 0.64013100
vt 0.09039000 0.65399600
vt 0.10002800 0.65441300
vt 0.08348300 0.65050800
vt 0.08911200 0.66512700
vt 0.07880200 0.65516200
vt 0.07630200 0.63235300
vt 0.07525900 0.62122400
vt 0.12806400 0.64060100
vt 0.13115300 0.63413100
vt 0.12426800 0.64690200
vt 0.11479800 0.65083000
vt 0.13505700 0.64033100
vt 0.13252100 0.64528400
vt 0.13951100 0.64013500
vt 0.14100200 0.64476600
vt 0.13042100 0.65300900
vt 0.12371200 0.65436000
vt 0.13753300 0.65074600
vt 0.12727700 0.65886900
vt 0.11107000 0.65834800
vt 0.09457500 0.66330300
vt 0.09891700 0.66230600
vt 0.10455100 0.66252800
vt 0.11450300 0.65870600
vt 0.12113800 0.65802200
vt 0.11494000 0.66411700
vt 0.10358100 0.66990600
vt 0.11158400 0.67119600
vt 0.11329300 0.67449600
vt 0.07764900 0.64896600
vt 0.07815700 0.64447800
vt 0.06814200 0.64247600
vt 0.08539700 0.67175600
vt 0.07107000 0.65339900
vt 0.08100300 0.67556800
vt 0.06612900 0.64997900
vt 0.06776300 0.63133400
vt 0.06476300 0.63396900
vt 0.06022200 0.63221200
vt 0.05384500 0.64629500
vt 0.07638900 0.68799700
vt 0.05059600 0.63940900
vt 0.06959100 0.69243100
vt 0.06507500 0.61528300
vt 0.05706300 0.62275600
vt 0.05060800 0.61215700
vt 0.04974600 0.62051600
vt 0.05393800 0.62894500
vt 0.04969500 0.63059200
vt 0.07373500 0.69888700
vt 0.04295800 0.63271800
vt 0.06482600 0.70155000
vt 0.04714100 0.60001700
vt 0.04422800 0.61916900
vt 0.04502900 0.61222600
vt 0.04511800 0.60772700
vt 0.04331800 0.61269400
vt 0.03825800 0.61338700
vt 0.04815700 0.62354200
vt 0.06707100 0.70735100
vt 0.06308100 0.70877200
vt 0.05838000 0.71245400
vt 0.03625300 0.62256400
vt 0.06469500 0.71187000
vt 0.03009300 0.61559700
vt 0.05604600 0.72171800
vt 0.06702800 0.71600300
vt 0.08878000 0.67799000
vt 0.09496200 0.67334200
vt 0.08388200 0.68110700
vt 0.08135300 0.68338100
vt 0.08686000 0.68638500
vt 0.08240200 0.69131800
vt 0.10138300 0.67615700
vt 0.09512000 0.68113000
vt 0.10465300 0.68084200
vt 0.09964700 0.68473400
vt 0.09229500 0.68879600
vt 0.10581900 0.68574600
vt 0.10209200 0.69121900
vt 0.09549000 0.68912300
vt 0.09387200 0.69500400
vt 0.07817400 0.69729000
vt 0.08274700 0.69666400
vt 0.07375900 0.70983800
vt 0.07935300 0.70607500
vt 0.07648500 0.71274600
vt 0.08592400 0.69542900
vt 0.09037100 0.70069200
vt 0.08321400 0.70530500
vt 0.09630500 0.70434300
vt 0.08662000 0.70753900
vt 0.08876300 0.71056400
vt 0.08274400 0.71692300
vt 0.07232100 0.71373100
vt 0.07891600 0.71593000
vt 0.09694800 0.71326800
vt 0.08954800 0.71558400
vt 0.09077500 0.72071100
vt 0.08713800 0.72415500
vt 0.14537900 0.64764900
vt 0.14871500 0.64537600
vt 0.14159900 0.65469500
vt 0.13516200 0.65939300
vt 0.15248700 0.65868000
vt 0.14018500 0.66235700
vt 0.13479600 0.66647500
vt 0.14752400 0.66711100
vt 0.12479200 0.66906800
vt 0.12203400 0.67369500
vt 0.12160900 0.67930900
vt 0.14238700 0.67326200
vt 0.13121200 0.67772200
vt 0.13713900 0.67900200
vt 0.12620400 0.68433700
vt 0.13168100 0.68445700
vt 0.16011700 0.67153500
vt 0.15169500 0.68118300
vt 0.17582600 0.67208900
vt 0.16393600 0.67884700
vt 0.13994800 0.68499900
vt 0.14651000 0.68509000
vt 0.14295800 0.69125800
vt 0.13692500 0.69405400
vt 0.14151100 0.69361800
vt 0.15215600 0.69106000
vt 0.13921500 0.69819900
vt 0.13858800 0.69669500
vt 0.15624400 0.68729300
vt 0.16031500 0.68637600
vt 0.16343400 0.68455000
vt 0.16681300 0.68775700
vt 0.16319300 0.69040400
vt 0.15395000 0.69624200
vt 0.14450400 0.69627000
vt 0.14492600 0.69849600
vt 0.15014000 0.69887100
vt 0.14931100 0.70277000
vt 0.11427100 0.68131000
vt 0.11180900 0.68824200
vt 0.10906900 0.69243800
vt 0.12191000 0.68838900
vt 0.10556100 0.69717900
vt 0.11895900 0.69220000
vt 0.11485700 0.69247600
vt 0.12259000 0.69546900
vt 0.12358200 0.69158000
vt 0.12799200 0.69186300
vt 0.12831800 0.69454600
vt 0.11684500 0.70037700
vt 0.11237200 0.70179300
vt 0.13009300 0.69984500
vt 0.11914300 0.70244000
vt 0.11345700 0.71142900
vt 0.12566800 0.70805900
vt 0.11912400 0.70616600
vt 0.11621300 0.70823400
vt 0.10150500 0.70490200
vt 0.10038200 0.70948000
vt 0.10867500 0.70534200
vt 0.10437700 0.70900800
vt 0.10737800 0.71137600
vt 0.09559300 0.72243500
vt 0.10225300 0.71669200
vt 0.11354600 0.71915400
vt 0.11744700 0.71089400
vt 0.12048500 0.72142700
vt 0.10195800 0.72840000
vt 0.11332400 0.72775000
vt 0.10256300 0.73588900
vt 0.11050300 0.73460700
vt 0.13310000 0.69245200
vt 0.13347900 0.69685500
vt 0.13075600 0.70238500
vt 0.14097100 0.70180100
vt 0.13411600 0.70463300
vt 0.13537700 0.71165300
vt 0.12776900 0.71152200
vt 0.12670600 0.71668000
vt 0.13370900 0.71682600
vt 0.14131900 0.70726400
vt 0.14920500 0.70721700
vt 0.14291600 0.70961200
vt 0.14613600 0.70956100
vt 0.14812500 0.71209200
vt 0.13800900 0.71344300
vt 0.14124800 0.71588500
vt 0.15014800 0.71571000
vt 0.14237600 0.72110600
vt 0.13339300 0.72402700
vt 0.12847900 0.72921500
vt 0.11969700 0.73246500
vt 0.14015200 0.73554600
vt 0.13188500 0.73671500
vt 0.14186800 0.72897200
vt 0.13539400 0.52240000
vt 0.06477200 0.90795900
vt 0.13092800 0.51791800
vt 0.06557000 0.90285300
vt 0.06903700 0.91053200
vt 0.12249100 0.51376300
vt 0.06392200 0.89485400
vt 0.06238300 0.88768100
vt 0.11505200 0.51088100
vt 0.07008500 0.89042500
vt 0.06792900 0.88101100
vt 0.07681600 0.90439700
vt 0.07560900 0.89643500
vt 0.07460300 0.89116500
vt 0.08172600 0.89674900
vt 0.08463900 0.90077100
vt 0.07754700 0.88732800
vt 0.08378900 0.89085600
vt 0.08522000 0.88674400
vt 0.05933300 0.86458000
vt 0.06598500 0.87266500
vt 0.07202800 0.87033300
vt 0.06259700 0.86755700
vt 0.06602400 0.86400800
vt 0.06863100 0.86897900
vt 0.07178600 0.88206700
vt 0.07853600 0.88092900
vt 0.08102600 0.88354400
vt 0.07648300 0.87408400
vt 0.08221800 0.87154100
vt 0.08543700 0.87632200
vt 0.07873500 0.86627000
vt 0.07740300 0.86427600
vt 0.07480100 0.86147700
vt 0.07966300 0.86190700
vt 0.09232600 0.90670500
vt 0.09014800 0.90228200
vt 0.08766600 0.90057900
vt 0.08826000 0.89760600
vt 0.08760800 0.89356100
vt 0.04255000 0.60037500
vt 0.04184800 0.59519900
vt 0.03696700 0.59714600
vt 0.03836100 0.60475100
vt 0.04078000 0.58968300
vt 0.03748500 0.59291700
vt 0.03253800 0.60455400
vt 0.05175100 0.73973100
vt 0.02100700 0.59971800
vt 0.03392500 0.59270200
vt 0.03087600 0.59024100
vt 0.03269200 0.58579900
vt 0.02699000 0.58358300
vt 0.02475600 0.59181300
vt 0.05240000 0.73122300
vt 0.02588800 0.60639000
vt 0.02331200 0.57275500
vt 0.05826900 0.85853200
vt 0.05743100 0.86159500
vt 0.06422600 0.86087000
vt 0.06278900 0.85181700
vt 0.05820100 0.84936500
vt 0.06658100 0.85661500
vt 0.06605900 0.85310200
vt 0.06692300 0.85109500
vt 0.06043500 0.84629100
vt 0.06268600 0.84199800
vt 0.07375200 0.85867000
vt 0.07091400 0.85456900
vt 0.08005900 0.85330400
vt 0.07099400 0.85047600
vt 0.07111500 0.84457600
vt 0.07395300 0.84828900
vt 0.07612600 0.84570400
vt 0.07388000 0.83855600
vt 0.07644700 0.84122000
vt 0.05452600 0.81443100
vt 0.05389200 0.81015400
vt 0.05998800 0.81651500
vt 0.06102800 0.80846200
vt 0.06364100 0.81439300
vt 0.06151000 0.82139100
vt 0.06591900 0.81172600
vt 0.06815700 0.82085100
vt 0.06952700 0.81025800
vt 0.05930100 0.83390900
vt 0.05637500 0.82663700
vt 0.06833800 0.83194200
vt 0.06201000 0.83119800
vt 0.06126900 0.82578300
vt 0.07193600 0.82675700
vt 0.07499000 0.82985000
vt 0.07685600 0.82112400
vt 0.07171500 0.81998000
vt 0.08394500 0.85396600
vt 0.08386400 0.84790400
vt 0.08114400 0.84313100
vt 0.08214700 0.84049700
vt 0.08048900 0.83591000
vt 0.08789700 0.84061900
vt 0.09341400 0.84942000
vt 0.09729100 0.84158800
vt 0.09384800 0.83481800
vt 0.10165600 0.83730600
vt 0.07194700 0.80976400
vt 0.07376400 0.80718300
vt 0.07701600 0.81520300
vt 0.08146900 0.81175100
vt 0.08002100 0.80794800
vt 0.08378200 0.80662400
vt 0.08342300 0.80040200
vt 0.08655500 0.80927900
vt 0.08692300 0.80710600
vt 0.08961000 0.80905000
vt 0.07522600 0.82516900
vt 0.08074100 0.83067900
vt 0.08638800 0.82417900
vt 0.08393600 0.83554900
vt 0.08496000 0.83159700
vt 0.08756500 0.83462600
vt 0.08562500 0.83335000
vt 0.08437500 0.81671900
vt 0.09135500 0.82985600
vt 0.09514500 0.82953500
vt 0.10175700 0.82766400
vt 0.09101500 0.81946400
vt 0.09897200 0.82118500
vt 0.09442500 0.81286000
vt 0.09729900 0.81427400
vt 0.09387900 0.80637000
vt 0.11365300 0.74286300
vt 0.12359500 0.74245800
vt 0.12115500 0.74632800
vt 0.11395800 0.74984800
vt 0.12557700 0.74902200
vt 0.12367300 0.75560000
vt 0.13722900 0.74268000
vt 0.13190700 0.75434200
vt 0.12556400 0.76130400
vt 0.13551200 0.74799500
vt 0.13877700 0.74970200
vt 0.13400600 0.76023800
vt 0.12858800 0.76539700
vt 0.13932700 0.76989800
vt 0.12765700 0.77102500
vt 0.12625300 0.77912400
vt 0.13026100 0.78294600
vt 0.14031900 0.78025800
vt 0.08911000 0.80125000
vt 0.09847400 0.80104300
vt 0.09713300 0.80596600
vt 0.10231700 0.80127300
vt 0.10165400 0.80637900
vt 0.10727600 0.83376600
vt 0.10703300 0.83692700
vt 0.11115000 0.82737200
vt 0.11140200 0.83482200
vt 0.11095900 0.83158000
vt 0.10790500 0.82333200
vt 0.10245200 0.81586500
vt 0.10057100 0.80875100
vt 0.10671100 0.81138400
vt 0.10485000 0.80891800
vt 0.10724300 0.81683000
vt 0.11567200 0.83476900
vt 0.11721700 0.83172800
vt 0.11542000 0.82055500
vt 0.11314500 0.81327700
vt 0.11768200 0.82689900
vt 0.12035200 0.83552400
vt 0.12665800 0.82845100
vt 0.12150400 0.81930000
vt 0.11181200 0.80866200
vt 0.10561600 0.80347800
vt 0.10948400 0.79951000
vt 0.12198600 0.81233700
vt 0.11707000 0.80367200
vt 0.12887100 0.78957000
vt 0.11500100 0.79164700
vt 0.12239900 0.78255300
vt 0.12618600 0.79757900
vt 0.12598700 0.80421600
vt 0.13843700 0.78748200
vt 0.13939900 0.79387200
vt 0.14332800 0.79748700
vt 0.13475500 0.80147200
vt 0.12915200 0.82243000
vt 0.13008700 0.82732800
vt 0.13488700 0.82535300
vt 0.12697500 0.81420000
vt 0.13330600 0.81597700
vt 0.13182300 0.81060800
vt 0.12924100 0.81405600
vt 0.14096400 0.81008200
vt 0.13884800 0.81743400
vt 0.13931300 0.82256200
vt 0.13708000 0.83123100
vt 0.14348500 0.82354700
vt 0.14039500 0.82992700
vt 0.14279600 0.81384700
vt 0.14498600 0.81932000
vt 0.14208800 0.80427300
vt 0.07141400 0.72251000
vt 0.07449600 0.72158500
vt 0.07861100 0.72209600
vt 0.06436000 0.73394300
vt 0.06807200 0.73786100
vt 0.07284800 0.73082000
vt 0.07578700 0.73124800
vt 0.07129400 0.73801200
vt 0.07534400 0.74081100
vt 0.08157400 0.72871000
vt 0.08414600 0.73208100
vt 0.08147100 0.74284600
vt 0.08929300 0.73152500
vt 0.09394100 0.73124700
vt 0.09099600 0.73304100
vt 0.09128400 0.73686900
vt 0.09459200 0.74006800
vt 0.01873800 0.59181900
vt 0.06275600 0.74079800
vt 0.01063900 0.59307200
vt 0.05662200 0.75261800
vt 0.02086600 0.59340600
vt 0.01674600 0.58396400
vt 0.06159800 0.75196800
vt 0.00862500 0.58659600
vt 0.05625900 0.76082200
vt 0.05764900 0.76578500
vt 0.00593500 0.58319500
vt 0.06286100 0.76071400
vt 0.01730800 0.57820500
vt 0.01028500 0.58055200
vt 0.02153100 0.56610400
vt 0.02221800 0.55960200
vt 0.01746400 0.56146000
vt 0.01411600 0.56974000
vt 0.01196300 0.56582000
vt 0.05098800 0.78590500
vt 0.05493600 0.78633100
vt 0.05158900 0.79091400
vt 0.00895000 0.57367400
vt 0.05366200 0.77684500
vt 0.06069100 0.77203200
vt 0.06300400 0.76588700
vt 0.05671000 0.78097500
vt 0.05575100 0.79325800
vt 0.05922800 0.79034500
vt 0.06113400 0.78024000
vt 0.06335900 0.78745500
vt 0.06684100 0.78146400
vt 0.06663300 0.74776200
vt 0.07115300 0.74816400
vt 0.06557700 0.75573400
vt 0.06582300 0.75989000
vt 0.07269500 0.75737100
vt 0.06917000 0.76627600
vt 0.07432700 0.76432000
vt 0.07694200 0.75876400
vt 0.08861600 0.74417300
vt 0.08430500 0.75249300
vt 0.08336600 0.75799800
vt 0.07200900 0.77145000
vt 0.08006800 0.76528200
vt 0.06827900 0.78931100
vt 0.07164600 0.78172400
vt 0.07772000 0.77661000
vt 0.07506100 0.77510400
vt 0.07389900 0.78546400
vt 0.08170200 0.78170900
vt 0.09293200 0.77806300
vt 0.08642200 0.77601000
vt 0.08380500 0.77179800
vt 0.08674600 0.76561100
vt 0.05123600 0.79760000
vt 0.05262800 0.80094800
vt 0.05102500 0.80688000
vt 0.05813700 0.80183700
vt 0.06074100 0.79789500
vt 0.06276200 0.80142300
vt 0.06437200 0.79535700
vt 0.06918200 0.80129200
vt 0.06927100 0.79383000
vt 0.06534000 0.80613000
vt 0.07683400 0.79382500
vt 0.07547800 0.80058300
vt 0.07735600 0.78655600
vt 0.07953100 0.78931800
vt 0.08606300 0.79088500
vt 0.08493200 0.78464200
vt 0.08251800 0.79237500
vt 0.08957300 0.78720800
vt 0.09852600 0.74048800
vt 0.09403900 0.74717800
vt 0.10088700 0.74546700
vt 0.09985200 0.75422900
vt 0.09332000 0.75560300
vt 0.09680400 0.75873900
vt 0.08950300 0.76128000
vt 0.10657500 0.74409700
vt 0.10547700 0.75058700
vt 0.10646500 0.75723300
vt 0.10306300 0.76102200
vt 0.11156400 0.75642100
vt 0.10798800 0.75474500
vt 0.09167500 0.77283100
vt 0.09068200 0.76630200
vt 0.09428400 0.76777200
vt 0.09893900 0.76468700
vt 0.09706400 0.77031100
vt 0.09632600 0.78179800
vt 0.09715300 0.77465500
vt 0.10246200 0.77757500
vt 0.10674800 0.76296000
vt 0.10445000 0.77172500
vt 0.10791600 0.76635200
vt 0.11261900 0.77941400
vt 0.10840300 0.77858000
vt 0.11079100 0.77497100
vt 0.11607000 0.77480800
vt 0.11762100 0.75824000
vt 0.11446400 0.75937200
vt 0.11431700 0.76505100
vt 0.09378200 0.79109800
vt 0.09840900 0.78555900
vt 0.10247000 0.78694900
vt 0.09483900 0.79527000
vt 0.09771200 0.79881700
vt 0.10400000 0.79321700
vt 0.10761600 0.78837900
vt 0.11407900 0.78408500
vt 0.11713700 0.78601800
vt 0.18112500 0.67342100
vt 0.17598500 0.67967300
vt 0.18213800 0.67981900
vt 0.18629100 0.67764100
vt 0.17267800 0.68707200
vt 0.18055700 0.68618700
vt 0.18309800 0.68737500
vt 0.18730000 0.68313800
vt 0.19077700 0.68400100
vt 0.19404600 0.69086700
vt 0.18831300 0.68769500
vt 0.18887800 0.69066100
vt 0.18106700 0.69334600
vt 0.17715300 0.69533900
vt 0.18607300 0.69302800
vt 0.18039200 0.69872300
vt 0.19113000 0.69732700
vt 0.16160500 0.69667300
vt 0.17131500 0.69595800
vt 0.16657200 0.69950900
vt 0.15730100 0.70159100
vt 0.15998100 0.70312900
vt 0.15578900 0.70517100
vt 0.16474100 0.70272400
vt 0.15650000 0.71006500
vt 0.15902200 0.71099700
vt 0.16684700 0.70771800
vt 0.17039100 0.69958400
vt 0.17439400 0.70324800
vt 0.17779800 0.70561900
vt 0.17273300 0.70778200
vt 0.16899600 0.70576400
vt 0.16274500 0.71292200
vt 0.16710400 0.71423700
vt 0.17564300 0.71206900
vt 0.17078300 0.71745600
vt 0.19614800 0.69316600
vt 0.20339200 0.69539000
vt 0.19544600 0.69499900
vt 0.18649300 0.70267200
vt 0.19344900 0.70175500
vt 0.19999900 0.69936800
vt 0.20906600 0.69873100
vt 0.20918500 0.70118900
vt 0.20095100 0.70686700
vt 0.19591200 0.70730200
vt 0.21583400 0.70634200
vt 0.20814700 0.71074000
vt 0.19612000 0.71292400
vt 0.18116600 0.70550200
vt 0.18960800 0.70465400
vt 0.18672800 0.70850200
vt 0.18304400 0.71211900
vt 0.19242600 0.70937500
vt 0.18716900 0.71683600
vt 0.17982800 0.71198900
vt 0.18046800 0.71666100
vt 0.17421100 0.71822800
vt 0.17732900 0.71954900
vt 0.17990900 0.72395000
vt 0.19772600 0.71808500
vt 0.15301600 0.70749600
vt 0.15763300 0.71609600
vt 0.15118500 0.72237100
vt 0.15103100 0.72853500
vt 0.15720900 0.71987600
vt 0.15579200 0.72628500
vt 0.16427000 0.71640900
vt 0.15944600 0.72403400
vt 0.16496200 0.72187600
vt 0.17166500 0.72507600
vt 0.16872500 0.72112700
vt 0.16824100 0.72366300
vt 0.16708900 0.72845500
vt 0.16592500 0.73274300
vt 0.21652600 0.70165300
vt 0.18737500 0.72641000
vt 0.21112100 0.72046900
vt 0.19261600 0.72031400
vt 0.19533300 0.72560500
vt 0.18980300 0.73208200
vt 0.18493400 0.73140300
vt 0.20039300 0.72970800
vt 0.15428200 0.74175400
vt 0.14888500 0.73632700
vt 0.15833800 0.73690900
vt 0.16357400 0.73886100
vt 0.16149700 0.74685700
vt 0.14844500 0.74743600
vt 0.14161400 0.75289000
vt 0.14474800 0.75287100
vt 0.14070700 0.75724500
vt 0.15050400 0.75686100
vt 0.15448500 0.75038100
vt 0.16019300 0.75115700
vt 0.13913500 0.76000400
vt 0.14494200 0.75902100
vt 0.14386400 0.76355100
vt 0.14949400 0.76121700
vt 0.14546000 0.76904300
vt 0.15172700 0.77653700
vt 0.15043000 0.76857600
vt 0.15431300 0.76058100
vt 0.15404700 0.76383300
vt 0.15854100 0.75864700
vt 0.16183700 0.75954400
vt 0.15683800 0.76611100
vt 0.15855100 0.76920800
vt 0.16326700 0.76740100
vt 0.15712100 0.77402400
vt 0.15604500 0.77058100
vt 0.16976100 0.73359300
vt 0.17499100 0.72977600
vt 0.17620700 0.72799600
vt 0.17518400 0.73211100
vt 0.17996200 0.73684200
vt 0.17295400 0.73942800
vt 0.16734400 0.74088200
vt 0.16466700 0.74873900
vt 0.16873800 0.74811600
vt 0.16659900 0.75777400
vt 0.17696600 0.74923300
vt 0.19257800 0.74071600
vt 0.18322300 0.74197000
vt 0.18903800 0.75071200
vt 0.17871000 0.76073400
vt 0.19578400 0.75844800
vt 0.18932500 0.76737400
vt 0.18098500 0.77083100
vt 0.19467800 0.77503100
vt 0.18250200 0.77712100
vt 0.16320200 0.77381700
vt 0.17488900 0.76831800
vt 0.16910900 0.77511700
vt 0.14846300 0.78485700
vt 0.14942300 0.78870000
vt 0.14834100 0.79631800
vt 0.14677500 0.80286600
vt 0.16133500 0.79879700
vt 0.16421900 0.78996900
vt 0.16905100 0.79822000
vt 0.15421400 0.78216000
vt 0.15158400 0.79051000
vt 0.15877300 0.78231500
vt 0.15437000 0.79634400
vt 0.15021500 0.80132300
vt 0.15826900 0.81070300
vt 0.14972000 0.80717300
vt 0.14712600 0.81299500
vt 0.15309500 0.81234000
vt 0.14745400 0.82423400
vt 0.15142500 0.81836200
vt 0.15546200 0.81615300
vt 0.15392600 0.82755300
vt 0.15931000 0.82262600
vt 0.17893400 0.81542600
vt 0.16579500 0.81859200
vt 0.17044700 0.82267600
vt 0.19800400 0.81492100
vt 0.19169500 0.82099000
vt 0.17267500 0.78696100
vt 0.17964700 0.78454100
vt 0.19688900 0.78515600
vt 0.17789300 0.79584600
vt 0.19170800 0.79240900
vt 0.17067800 0.80579100
vt 0.18262800 0.80944300
vt 0.18833500 0.80312700
vt 0.21483400 0.71589600
vt 0.22601100 0.71340800
vt 0.21618000 0.71902400
vt 0.23019500 0.72119300
vt 0.22337800 0.71818600
vt 0.22272600 0.72640100
vt 0.21544800 0.73103000
vt 0.20458700 0.73543700
vt 0.19890400 0.73721800
vt 0.20330700 0.74279000
vt 0.22049300 0.73942800
vt 0.21221100 0.73528300
vt 0.21203000 0.74235900
vt 0.20512600 0.74799000
vt 0.21464500 0.75192600
vt 0.20408700 0.75670900
vt 0.24593600 0.73127900
vt 0.23235700 0.72959500
vt 0.22873600 0.73396700
vt 0.24258500 0.74100100
vt 0.25002600 0.72696200
vt 0.25688700 0.72825600
vt 0.25236000 0.73627300
vt 0.22457500 0.74905200
vt 0.23925900 0.74823900
vt 0.23277300 0.75657300
vt 0.21425100 0.75846900
vt 0.21774300 0.76632200
vt 0.23032300 0.76540200
vt 0.25381500 0.76330000
vt 0.24574500 0.76715400
vt 0.24300800 0.77575700
vt 0.22929000 0.77515600
vt 0.26520900 0.86518700
vt 0.26878200 0.87951300
vt 0.24704600 0.78766900
vt 0.23041600 0.78611700
vt 0.19904300 0.75399600
vt 0.20511900 0.76598100
vt 0.21021200 0.75617400
vt 0.21160200 0.77417100
vt 0.19668200 0.79786800
vt 0.21075200 0.79074600
vt 0.21533700 0.78259900
vt 0.21108800 0.79529800
vt 0.20391100 0.80488000
vt 0.19821300 0.81042600
vt 0.21703800 0.81411100
vt 0.20685700 0.82213800
vt 0.20805500 0.81264700
vt 0.22033100 0.80520000
vt 0.22706500 0.78992200
vt 0.23406500 0.79524900
vt 0.22687900 0.82232500
vt 0.23157700 0.81416000
vt 0.23626900 0.81970600
vt 0.23189800 0.80418000
vt 0.24559400 0.79790100
vt 0.24132000 0.80869900
vt 0.24344000 0.81532800
vt 0.27503500 0.71498900
vt 0.30415100 0.93230900
vt 0.30000300 0.93003400
vt 0.27200200 0.71970700
vt 0.26856500 0.72283300
vt 0.27438800 0.72419800
vt 0.30553400 0.92308300
vt 0.26861900 0.72948500
vt 0.30807000 0.90940700
vt 0.27053500 0.73732200
vt 0.26630000 0.74086800
vt 0.29920300 0.90993800
vt 0.28631600 0.90497400
vt 0.29664000 0.89556200
vt 0.26367000 0.73690200
vt 0.26090100 0.74011400
vt 0.26328500 0.74438000
vt 0.25981900 0.74898000
vt 0.26279000 0.75268700
vt 0.26681600 0.75198100
vt 0.30683000 0.89419300
vt 0.25780100 0.75490700
vt 0.30718800 0.88259400
vt 0.26024600 0.76218200
vt 0.30125900 0.87988600
vt 0.28654400 0.89287300
vt 0.28991400 0.88286500
vt 0.27984400 0.87853800
vt 0.28339200 0.86468800
vt 0.25568000 0.77008800
vt 0.25128900 0.77495700
vt 0.25503900 0.77632700
vt 0.29210000 0.86393100
vt 0.25609500 0.78659100
vt 0.25899800 0.77383700
vt 0.30035200 0.87385700
vt 0.25459600 0.78449000
vt 0.25169900 0.78973400
vt 0.24871600 0.79749800
vt 0.25133600 0.78371800
vt 0.28216800 0.85557700
vt 0.25309700 0.79917900
vt 0.27500800 0.85760300
vt 0.25727200 0.84853000
vt 0.24765600 0.80303800
vt 0.24720900 0.80846900
vt 0.27358900 0.85064300
vt 0.25077100 0.80831500
vt 0.24642700 0.82151300
vt 0.26040300 0.84334500
vt 0.24533100 0.82041700
vt 0.21954500 0.98215300
vt 0.22180900 0.97919600
vt 0.20671600 0.96685700
vt 0.19918600 0.95445700
vt 0.19710800 0.95258400
vt 0.24765900 0.43279200
vt 0.24355000 0.46661300
vt 0.24834300 0.47002400
vt 0.25548600 0.45397200
vt 0.13616700 0.44929600
vt 0.25867700 0.43720400
vt 0.13575600 0.43284900
vt 0.24093100 0.47043000
vt 0.13814500 0.46396600
vt 0.25482500 0.46924100
vt 0.25251900 0.47439600
vt 0.14998800 0.48519900
vt 0.41747300 0.00593500
vt 0.25303600 0.48941800
vt 0.13784900 0.48358700
vt 0.14740600 0.48676600
vt 0.25118600 0.48680400
vt 0.13623900 0.50807500
vt 0.25271700 0.51476600
vt 0.40372300 0.02881100
vt 0.41164500 0.03227800
vt 0.14416100 0.51154200
vt 0.10790800 0.90787000
vt 0.11257300 0.91564400
vt 0.12732800 0.95781800
vt 0.12815600 0.93768900
vt 0.12242600 0.93405900
vt 0.12778100 0.93407500
vt 0.13454600 0.94259000
vt 0.13560400 0.93927300
vt 0.13082400 0.93516200
vt 0.13588700 0.93113700
vt 0.11995200 0.92903200
vt 0.11768800 0.92594400
vt 0.11575400 0.91874800
vt 0.12431900 0.93038000
vt 0.12271000 0.92168100
vt 0.12043600 0.91906000
vt 0.12434000 0.92559500
vt 0.11613700 0.91382300
vt 0.11491300 0.90897700
vt 0.11725300 0.90727800
vt 0.12166000 0.91478300
vt 0.12340500 0.90992500
vt 0.12840800 0.92748900
vt 0.12560800 0.92328600
vt 0.13108400 0.92351800
vt 0.13061100 0.91829300
vt 0.13731000 0.92517700
vt 0.13634900 0.92301300
vt 0.13461100 0.92105800
vt 0.12693200 0.91457000
vt 0.12515600 0.90947600
vt 0.12694300 0.91277900
vt 0.12618600 0.90603700
vt 0.12818800 0.91056800
vt 0.13513700 0.91210600
vt 0.13727100 0.91679900
vt 0.13116300 0.90760700
vt 0.13039300 0.90455200
vt 0.13471300 0.90528200
vt 0.15091500 0.94465600
vt 0.14372300 0.94040600
vt 0.13937500 0.93457800
vt 0.14381000 0.93551600
vt 0.14459200 0.92854300
vt 0.14740600 0.93819100
vt 0.15458600 0.94224900
vt 0.15071700 0.93022400
vt 0.15883700 0.94680200
vt 0.16231300 0.94795800
vt 0.16216800 0.94264200
vt 0.15770000 0.94017800
vt 0.15902300 0.93678300
vt 0.16439100 0.94503100
vt 0.16322600 0.94151400
vt 0.15681100 0.93720100
vt 0.15616200 0.93284500
vt 0.15540800 0.92762900
vt 0.15939100 0.93053600
vt 0.16205300 0.93503300
vt 0.16208900 0.93256300
vt 0.16203000 0.92908900
vt 0.15759300 0.92468200
vt 0.16276100 0.92279200
vt 0.15923300 0.91836700
vt 0.14022100 0.92915100
vt 0.14264800 0.92491500
vt 0.14136800 0.91924200
vt 0.13897900 0.91643900
vt 0.14200300 0.91518800
vt 0.14608000 0.92119300
vt 0.14822100 0.92618700
vt 0.14774300 0.91313400
vt 0.15148400 0.91728000
vt 0.13866400 0.91304600
vt 0.14101000 0.91222600
vt 0.14048300 0.90695800
vt 0.13808700 0.90384700
vt 0.14425800 0.91149500
vt 0.14484700 0.90798200
vt 0.15126200 0.90849800
vt 0.14149900 0.90119300
vt 0.14560000 0.90049000
vt 0.14776500 0.90228400
vt 0.15035100 0.92415400
vt 0.15255100 0.92127300
vt 0.15283100 0.91151800
vt 0.15699200 0.91593200
vt 0.14962500 0.90749800
vt 0.15907000 0.90992600
vt 0.15562700 0.90883200
vt 0.15283400 0.90232200
vt 0.15109600 0.89844300
vt 0.15943800 0.90502300
vt 0.15704500 0.90555700
vt 0.15634600 0.90155400
vt 0.15685500 0.89593000
vt 0.15480400 0.89706900
vt 0.17556500 0.95032600
vt 0.17844000 0.95131700
vt 0.17637000 0.94765800
vt 0.18140800 0.95032100
vt 0.17990700 0.94713900
vt 0.18403500 0.94989700
vt 0.18587000 0.94418600
vt 0.18755900 0.95069600
vt 0.19064500 0.94955900
vt 0.18628400 0.94730500
vt 0.18759400 0.94567300
vt 0.18988000 0.94550600
vt 0.18750000 0.94107900
vt 0.18038500 0.94256900
vt 0.19555200 0.95082300
vt 0.19301900 0.94794300
vt 0.19678000 0.94751300
vt 0.19448200 0.94608300
vt 0.19155900 0.94286200
vt 0.19498300 0.94348900
vt 0.20342000 0.94833700
vt 0.19823400 0.94574900
vt 0.19983300 0.94299600
vt 0.18954900 0.93972000
vt 0.19012100 0.93701500
vt 0.19216200 0.93879200
vt 0.18714200 0.93903800
vt 0.19604700 0.94116500
vt 0.19451300 0.93850300
vt 0.19977000 0.93737600
vt 0.19677400 0.93496400
vt 0.19342600 0.93420900
vt 0.19625500 0.93338200
vt 0.19972400 0.93419800
vt 0.20725400 0.94900400
vt 0.20594900 0.94620300
vt 0.20879400 0.94649600
vt 0.21064700 0.94245700
vt 0.20549300 0.94186600
vt 0.21348100 0.94689700
vt 0.21099500 0.94679500
vt 0.21569000 0.94770600
vt 0.21482200 0.94330700
vt 0.20697400 0.93849100
vt 0.20289600 0.94468700
vt 0.20272800 0.93950700
vt 0.20186900 0.93898600
vt 0.20313700 0.93600900
vt 0.20530300 0.93460300
vt 0.20489500 0.93325200
vt 0.20270100 0.93425800
vt 0.19845700 0.93121600
vt 0.20211700 0.93222700
vt 0.20249200 0.92973800
vt 0.21035200 0.93711700
vt 0.20854600 0.93319800
vt 0.21104500 0.93443400
vt 0.20463400 0.92933200
vt 0.20693300 0.93026100
vt 0.20954200 0.92895800
vt 0.20032900 0.92897600
vt 0.20542400 0.92694700
vt 0.16961800 0.94850900
vt 0.16709300 0.94364000
vt 0.17402500 0.94617300
vt 0.16984200 0.94355600
vt 0.16532200 0.93869500
vt 0.17148400 0.93883200
vt 0.17130900 0.93620800
vt 0.16936300 0.93442200
vt 0.17311900 0.93447300
vt 0.17135200 0.92973900
vt 0.17348300 0.93293900
vt 0.16396000 0.93466500
vt 0.16524700 0.93182200
vt 0.16909600 0.92862100
vt 0.16909600 0.92862100
vt 0.16717100 0.92778600
vt 0.16717100 0.92778600
vt 0.16405600 0.92573200
vt 0.16405600 0.92573200
vt 0.17275300 0.92563800
vt 0.17270200 0.91941500
vt 0.16644800 0.92093700
vt 0.17787500 0.93457800
vt 0.18139900 0.93586500
vt 0.17540600 0.93101200
vt 0.17962000 0.93231200
vt 0.17590600 0.92722100
vt 0.18240000 0.92983600
vt 0.18381400 0.93959600
vt 0.18658600 0.93427200
vt 0.18320500 0.93437700
vt 0.18943600 0.93467900
vt 0.18547500 0.93333200
vt 0.18005200 0.92636500
vt 0.18546100 0.92963700
vt 0.17191900 0.91737300
vt 0.18696100 0.92341000
vt 0.18486500 0.92725700
vt 0.17911100 0.91557700
vt 0.17844500 0.91164600
vt 0.18185400 0.92401500
vt 0.18016800 0.92152300
vt 0.18344200 0.92015800
vt 0.18132500 0.91680200
vt 0.18263500 0.91303100
vt 0.16612500 0.91514000
vt 0.16373800 0.91089700
vt 0.17155700 0.91503100
vt 0.16697300 0.91008300
vt 0.16737800 0.90727500
vt 0.16894400 0.90865700
vt 0.17077600 0.91057200
vt 0.17033600 0.90467000
vt 0.16107400 0.90593700
vt 0.16418400 0.90679900
vt 0.16250500 0.90133400
vt 0.16255900 0.89952800
vt 0.16161200 0.89704300
vt 0.16488700 0.90380700
vt 0.16705700 0.90156500
vt 0.16518400 0.89494600
vt 0.16736500 0.89617300
vt 0.17629000 0.90849800
vt 0.17347800 0.90846900
vt 0.17174100 0.90789100
vt 0.17817400 0.90941500
vt 0.18218700 0.91026100
vt 0.18279600 0.90726900
vt 0.17652200 0.90321400
vt 0.17946700 0.90554600
vt 0.18068000 0.90254200
vt 0.17218600 0.89962800
vt 0.17693400 0.89911700
vt 0.17011800 0.89463500
vt 0.17532100 0.89479900
vt 0.18029000 0.89995600
vt 0.17872000 0.89668300
vt 0.17954400 0.89444500
vt 0.17934900 0.89226700
vt 0.18743000 0.93116100
vt 0.19237300 0.93124500
vt 0.18988000 0.93275400
vt 0.19063400 0.92841200
vt 0.18706100 0.92847100
vt 0.18883400 0.92631000
vt 0.19354100 0.92632400
vt 0.18991800 0.92441000
vt 0.19519500 0.92824100
vt 0.19292200 0.92253300
vt 0.19534200 0.92422700
vt 0.18905100 0.91905800
vt 0.19262700 0.92048900
vt 0.19499000 0.92121500
vt 0.19284400 0.91816500
vt 0.19209300 0.91646700
vt 0.19210800 0.91403300
vt 0.18983600 0.91479200
vt 0.19129300 0.90987800
vt 0.18567000 0.91438000
vt 0.19465800 0.90954500
vt 0.19738300 0.92783800
vt 0.20085100 0.92658400
vt 0.19749100 0.92494300
vt 0.20268600 0.92442200
vt 0.19824300 0.92151400
vt 0.20354300 0.91978900
vt 0.20120400 0.91574400
vt 0.19641200 0.91866500
vt 0.20640300 0.92529700
vt 0.20831600 0.92285600
vt 0.20475100 0.91823100
vt 0.20566000 0.91537400
vt 0.20504700 0.91056400
vt 0.19716300 0.91383400
vt 0.20129800 0.90864100
vt 0.19892800 0.90598600
vt 0.19575000 0.90344700
vt 0.20362100 0.90356800
vt 0.18397500 0.90399800
vt 0.18273800 0.90290900
vt 0.18503900 0.90116000
vt 0.18788400 0.90646200
vt 0.18709600 0.89962300
vt 0.18395100 0.89712700
vt 0.19067200 0.90375800
vt 0.18903900 0.90197900
vt 0.19132200 0.90117000
vt 0.18961300 0.89912600
vt 0.18347700 0.89232000
vt 0.18841700 0.89645700
vt 0.18754400 0.89375900
vt 0.18957100 0.89730100
vt 0.18603800 0.89218200
vt 0.18688200 0.88991300
vt 0.18928100 0.89205700
vt 0.19010300 0.89414100
vt 0.19387000 0.90117400
vt 0.19147700 0.89908100
vt 0.19577100 0.89838500
vt 0.20175800 0.89923400
vt 0.19865100 0.89721300
vt 0.20208200 0.89675100
vt 0.20176600 0.89533900
vt 0.19321700 0.89508100
vt 0.19324400 0.89281600
vt 0.19525000 0.89326000
vt 0.19071500 0.89038800
vt 0.19421300 0.88950200
vt 0.19824800 0.89415000
vt 0.19628400 0.88981800
vt 0.19568300 0.88758700
vt 0.20112700 0.89052800
vt 0.19930000 0.88557400
vt 0.21443200 0.94113100
vt 0.21430900 0.93660200
vt 0.21359900 0.92602600
vt 0.22909000 0.91980400
vt 0.23359500 0.90754900
vt 0.21911900 0.90711600
vt 0.21134300 0.91733000
vt 0.20768000 0.91527100
vt 0.20920300 0.91235100
vt 0.20790500 0.90807300
vt 0.20648400 0.90289200
vt 0.22559800 0.89651600
vt 0.20557000 0.90045800
vt 0.20546300 0.89486100
vt 0.20898700 0.89981000
vt 0.20853100 0.89281400
vt 0.21532600 0.89493800
vt 0.20659800 0.89004700
vt 0.20673900 0.88519000
vt 0.20972200 0.88648700
vt 0.22641200 0.88047400
vt 0.21313700 0.88586200
vt 0.21334600 0.87818700
vt 0.24192900 0.89335100
vt 0.09740200 0.90706100
vt 0.09687200 0.89980400
vt 0.09437000 0.89843600
vt 0.09167900 0.88960000
vt 0.08834500 0.88582400
vt 0.09404700 0.89460600
vt 0.09971400 0.88765500
vt 0.10477500 0.90182600
vt 0.10275900 0.89988800
vt 0.10687600 0.90205300
vt 0.10679900 0.89542500
vt 0.11193900 0.89802500
vt 0.09624200 0.89360700
vt 0.10230600 0.89451600
vt 0.09672700 0.88186700
vt 0.10217300 0.88885800
vt 0.10477700 0.89309100
vt 0.10704000 0.89011600
vt 0.10528000 0.88799100
vt 0.10536500 0.88328100
vt 0.10800500 0.88624900
vt 0.09096600 0.88054700
vt 0.09209200 0.87421000
vt 0.08830100 0.86745600
vt 0.08631700 0.86168900
vt 0.09250600 0.86628200
vt 0.10018700 0.88129900
vt 0.10099300 0.87155800
vt 0.10406000 0.87767400
vt 0.09841700 0.86624500
vt 0.09647700 0.86512500
vt 0.10134000 0.85973600
vt 0.10829300 0.87023000
vt 0.09067400 0.85704900
vt 0.09480700 0.85673600
vt 0.11067900 0.85765600
vt 0.10390000 0.85285000
vt 0.10178700 0.84933700
vt 0.09726500 0.84560800
vt 0.10216400 0.84350400
vt 0.11386500 0.90411700
vt 0.11597900 0.89518200
vt 0.11196000 0.89294400
vt 0.11864600 0.90082400
vt 0.12113200 0.90621700
vt 0.12528600 0.90236900
vt 0.11925100 0.89541900
vt 0.12239900 0.89827200
vt 0.11710100 0.89084200
vt 0.11125100 0.88833800
vt 0.11036800 0.88302100
vt 0.12024800 0.89012900
vt 0.11546200 0.88830000
vt 0.11786700 0.88386300
vt 0.12082600 0.88647500
vt 0.12551100 0.89512100
vt 0.12412800 0.89240800
vt 0.12885900 0.90050800
vt 0.12986300 0.89668700
vt 0.13525600 0.89898400
vt 0.12676700 0.89285100
vt 0.13276800 0.89704700
vt 0.13414000 0.89461000
vt 0.13141100 0.89297100
vt 0.12405800 0.88290600
vt 0.12713500 0.88972200
vt 0.12893600 0.89211400
vt 0.13378500 0.88944700
vt 0.12815400 0.88180400
vt 0.11138900 0.87989300
vt 0.11355900 0.87677700
vt 0.11346400 0.87298300
vt 0.12342100 0.87421900
vt 0.12030400 0.87479400
vt 0.11823300 0.87183100
vt 0.10793300 0.86354700
vt 0.11722200 0.86910500
vt 0.11695800 0.86375100
vt 0.12872800 0.87523300
vt 0.13182400 0.88123900
vt 0.12934000 0.87034500
vt 0.12067800 0.86499900
vt 0.12275700 0.86495000
vt 0.12612700 0.86809000
vt 0.12148500 0.85825900
vt 0.13093100 0.86191100
vt 0.12950400 0.86686200
vt 0.12536400 0.85749000
vt 0.12786300 0.86093700
vt 0.13728200 0.89951600
vt 0.14206300 0.89813600
vt 0.13906500 0.89376100
vt 0.13888800 0.88446900
vt 0.13952700 0.87717600
vt 0.13710500 0.88237100
vt 0.14558800 0.89717300
vt 0.14355200 0.88928500
vt 0.13984800 0.88205100
vt 0.14444700 0.88420700
vt 0.14248600 0.88344300
vt 0.14271100 0.88105200
vt 0.14939500 0.89581200
vt 0.15049900 0.89278700
vt 0.15533300 0.89290300
vt 0.15229800 0.88756300
vt 0.15663600 0.88992000
vt 0.14812400 0.88283300
vt 0.14584800 0.88194400
vt 0.14897100 0.87960500
vt 0.15319500 0.88309400
vt 0.15987100 0.88172800
vt 0.15161500 0.87719000
vt 0.13396600 0.87285100
vt 0.13205700 0.87025200
vt 0.13452700 0.86785500
vt 0.13978000 0.86998600
vt 0.13564000 0.85857200
vt 0.13314800 0.85742500
vt 0.13632200 0.86577400
vt 0.13879400 0.86399700
vt 0.14078800 0.85645300
vt 0.14106400 0.86008600
vt 0.14568200 0.86372700
vt 0.14644600 0.85866600
vt 0.15002700 0.85363700
vt 0.15183900 0.85958200
vt 0.15544300 0.85642300
vt 0.14595400 0.87577200
vt 0.15036700 0.87185600
vt 0.14700800 0.86966900
vt 0.14412300 0.86849800
vt 0.15706600 0.87593900
vt 0.15175400 0.86696700
vt 0.10951300 0.84204500
vt 0.11537800 0.85177500
vt 0.11911300 0.85477000
vt 0.11167100 0.84820300
vt 0.11453900 0.84645500
vt 0.11511100 0.83866800
vt 0.11791500 0.84991200
vt 0.11941100 0.84669900
vt 0.12576500 0.84984600
vt 0.12259700 0.84050100
vt 0.12438300 0.84497200
vt 0.12872900 0.84160100
vt 0.13003400 0.85484400
vt 0.13373800 0.85437500
vt 0.13319600 0.85280300
vt 0.13164600 0.84806500
vt 0.13614000 0.85227500
vt 0.13553000 0.84644500
vt 0.12945900 0.83859700
vt 0.12742900 0.83511300
vt 0.13376000 0.84029200
vt 0.13821000 0.84128700
vt 0.13301900 0.83453200
vt 0.14018500 0.85117900
vt 0.14502000 0.84944300
vt 0.13905400 0.84689900
vt 0.14081700 0.84633100
vt 0.14177100 0.84363000
vt 0.14786200 0.84893100
vt 0.14669000 0.84172200
vt 0.15011300 0.84641500
vt 0.14059500 0.83922300
vt 0.14419300 0.83333300
vt 0.14631500 0.83834800
vt 0.14367700 0.82816600
vt 0.15951700 0.89207900
vt 0.16514100 0.89024500
vt 0.16147500 0.88712200
vt 0.16606900 0.88455500
vt 0.16601900 0.88148200
vt 0.16679800 0.87797100
vt 0.16818800 0.88967900
vt 0.17166500 0.88857800
vt 0.17432300 0.89101500
vt 0.17599200 0.88178800
vt 0.17968700 0.88732800
vt 0.17026300 0.88055700
vt 0.17077100 0.87643100
vt 0.16433800 0.87315600
vt 0.17069100 0.87133900
vt 0.17579400 0.87637500
vt 0.16406500 0.84913700
vt 0.15823200 0.84913200
vt 0.16920500 0.84735200
vt 0.17330500 0.85516300
vt 0.15921400 0.86597700
vt 0.15458700 0.86517300
vt 0.16423900 0.86687300
vt 0.16454600 0.85963700
vt 0.15627400 0.86244700
vt 0.17052400 0.86665800
vt 0.16635700 0.86411400
vt 0.17932900 0.87235900
vt 0.18047600 0.86606200
vt 0.17436400 0.86347500
vt 0.18179500 0.88131900
vt 0.18784500 0.88651400
vt 0.18578000 0.88073200
vt 0.18650500 0.87415100
vt 0.19240900 0.88470400
vt 0.19187300 0.87823500
vt 0.19634400 0.88293300
vt 0.19823700 0.87899200
vt 0.19030000 0.87461000
vt 0.19375100 0.86859300
vt 0.18937900 0.86417100
vt 0.19451900 0.87389100
vt 0.19807100 0.87272500
vt 0.17885800 0.85927400
vt 0.18486000 0.86050100
vt 0.18419800 0.85525800
vt 0.17651500 0.84589300
vt 0.18215600 0.85111100
vt 0.18509200 0.84208800
vt 0.18609400 0.85696100
vt 0.19121500 0.85625600
vt 0.19729500 0.86070800
vt 0.19431200 0.85177100
vt 0.20014300 0.84750200
vt 0.15402200 0.84765900
vt 0.15359700 0.83976100
vt 0.15457400 0.84320200
vt 0.16129200 0.84127500
vt 0.16047700 0.83683700
vt 0.15051900 0.83626000
vt 0.15314000 0.83273100
vt 0.15754800 0.82879500
vt 0.16660300 0.84292300
vt 0.16674300 0.84053500
vt 0.17057400 0.83961400
vt 0.16546900 0.82972900
vt 0.16093300 0.82731800
vt 0.17253900 0.83374500
vt 0.14466500 0.82546900
vt 0.17583100 0.83946000
vt 0.18277900 0.83659700
vt 0.18066200 0.83009400
vt 0.17469600 0.82805700
vt 0.17522200 0.82953400
vt 0.18196400 0.82308000
vt 0.19235900 0.83441000
vt 0.19308200 0.82797600
vt 0.20078300 0.88275000
vt 0.20156400 0.87882300
vt 0.20137900 0.87448700
vt 0.20507400 0.88104500
vt 0.20901900 0.88076800
vt 0.20822700 0.87307400
vt 0.19960600 0.86780400
vt 0.20893900 0.86485200
vt 0.21148800 0.87444900
vt 0.22020700 0.87538400
vt 0.22032300 0.86886200
vt 0.21527500 0.86687400
vt 0.21710400 0.86984200
vt 0.21896800 0.86535900
vt 0.22081900 0.86138800
vt 0.21671300 0.83828400
vt 0.22781500 0.84672400
vt 0.20536800 0.84192200
vt 0.20509300 0.85571500
vt 0.20673400 0.86154100
vt 0.21181100 0.85115100
vt 0.21634800 0.86026900
vt 0.21890500 0.85401500
vt 0.24312300 0.87448200
vt 0.22943000 0.86381000
vt 0.24932200 0.86193400
vt 0.22491800 0.86097700
vt 0.23593900 0.83791400
vt 0.24688200 0.84366300
vt 0.23491800 0.85226400
vt 0.23721200 0.83247500
vt 0.23041800 0.82884800
vt 0.24384100 0.83803000
vt 0.24178800 0.82744900
vt 0.23832700 0.84396900
vt 0.23075500 0.84767800
vt 0.23160800 0.85289400
vt 0.22537700 0.85548900
vt 0.20277200 0.83538400
vt 0.20981900 0.82934800
f 1/1 2/2 3/3
f 4/4 5/5 6/6
f 7/7 4/4 8/8
f 4/4 2/2 5/5
f 2/2 4/4 3/3
f 9/9 3/3 4/4
f 8/8 6/6 10/10
f 4/4 6/6 8/8
f 7/7 8/8 11/11
f 11/11 8/8 10/10
f 10/10 12/12 11/11
f 13/13 14/14 15/15
f 5/5 2/2 13/13
f 13/13 15/15 5/5
f 2/2 16/16 13/13
f 13/13 16/16 17/17
f 16/16 18/18 17/17
f 1/1 16/16 2/2
f 16/16 1/1 19/19
f 16/16 19/19 18/18
f 20/20 18/18 19/19
f 20/20 21/21 18/18
f 22/22 23/23 15/15
f 24/24 23/23 22/22
f 14/14 22/22 15/15
f 22/22 14/14 25/25
f 25/25 17/17 26/26
f 22/22 25/25 27/27
f 24/24 22/22 27/27
f 26/26 27/27 25/25
f 28/28 24/24 30/30
f 24/24 27/27 30/30
f 31/31 30/30 27/27
f 27/27 26/26 32/32
f 32/32 31/31 27/27
f 23/23 10/10 15/15
f 6/6 15/15 10/10
f 5/5 15/15 6/6
f 10/10 23/23 12/12
f 23/23 24/24 12/12
f 14/14 13/13 17/17
f 14/14 17/17 25/25
f 12/12 24/24 28/28
f 33/33 12/12 29/29
f 12/12 33/33 34/34
f 34/34 33/33 35/35
f 36/36 33/33 29/29
f 28/28 30/30 37/37
f 31/31 37/37 30/30
f 36/36 38/38 33/33
f 11/11 12/12 34/34
f 17/17 21/21 26/26
f 21/21 17/17 18/18
f 32/32 39/39 31/31
f 39/39 37/37 31/31
f 41/41 42/42 39/39
f 41/41 39/39 44/44
f 35/35 33/33 38/38
f 45/45 38/38 43/43
f 46/46 34/34 35/35
f 35/35 47/47 46/46
f 48/48 46/46 47/47
f 38/38 45/45 47/47
f 38/38 47/47 35/35
f 47/47 45/45 49/49
f 43/43 38/38 36/36
f 37/37 39/39 42/42
f 45/45 43/43 40/40
f 50/50 45/45 40/40
f 49/49 45/45 50/50
f 21/21 51/51 26/26
f 51/51 32/32 26/26
f 7/7 52/52 53/53
f 53/53 9/9 4/4
f 4/4 7/7 53/53
f 54/54 9/9 53/53
f 55/55 3/3 9/9
f 55/55 9/9 54/54
f 56/56 3/3 55/55
f 57/57 56/56 55/55
f 57/57 54/54 58/58
f 52/52 54/54 53/53
f 59/59 54/54 52/52
f 59/59 58/58 54/54
f 54/54 57/57 55/55
f 7/7 60/60 52/52
f 59/59 52/52 61/61
f 59/59 61/61 62/62
f 61/61 52/52 60/60
f 60/60 63/63 61/61
f 62/62 61/61 63/63
f 59/59 64/64 58/58
f 62/62 64/64 59/59
f 65/65 58/58 64/64
f 57/57 58/58 66/66
f 65/65 66/66 58/58
f 67/67 66/66 65/65
f 68/68 65/65 64/64
f 62/62 68/68 64/64
f 68/68 67/67 65/65
f 69/69 67/67 68/68
f 70/70 62/62 63/63
f 70/70 71/71 62/62
f 72/72 73/73 70/70
f 71/71 74/74 68/68
f 74/74 69/69 68/68
f 71/71 68/68 62/62
f 73/73 71/71 70/70
f 73/73 74/74 71/71
f 75/75 74/74 73/73
f 74/74 75/75 69/69
f 78/78 75/75 73/73
f 79/79 78/78 73/73
f 81/81 76/76 77/77
f 82/82 77/77 80/80
f 60/60 7/7 84/84
f 84/84 7/7 11/11
f 85/85 11/11 34/34
f 86/86 11/11 85/85
f 60/60 87/87 63/63
f 84/84 87/87 60/60
f 87/87 84/84 88/88
f 88/88 84/84 89/89
f 88/88 89/89 90/90
f 11/11 89/89 84/84
f 86/86 89/89 11/11
f 89/89 86/86 90/90
f 90/90 86/86 85/85
f 91/91 34/34 46/46
f 91/91 85/85 34/34
f 92/92 91/91 46/46
f 93/93 91/91 92/92
f 90/90 85/85 91/91
f 94/94 93/93 95/95
f 93/93 94/94 96/96
f 97/97 91/91 93/93
f 98/98 93/93 96/96
f 97/97 93/93 98/98
f 99/99 98/98 96/96
f 100/100 63/63 87/87
f 100/100 70/70 63/63
f 100/100 87/87 101/101
f 100/100 101/101 102/102
f 72/72 70/70 100/100
f 103/103 72/72 100/100
f 87/87 88/88 104/104
f 101/101 87/87 104/104
f 101/101 105/105 102/102
f 105/105 101/101 104/104
f 88/88 105/105 104/104
f 103/103 106/106 72/72
f 106/106 103/103 107/107
f 106/106 73/73 72/72
f 108/108 103/103 100/100
f 108/108 100/100 102/102
f 109/109 108/108 102/102
f 108/108 107/107 103/103
f 107/107 108/108 109/109
f 107/107 110/110 111/111
f 107/107 111/111 106/106
f 113/113 106/106 111/111
f 113/113 111/111 110/110
f 102/102 115/115 109/109
f 102/102 116/116 115/115
f 105/105 116/116 102/102
f 116/116 105/105 117/117
f 117/117 119/119 116/116
f 109/109 110/110 107/107
f 109/109 115/115 110/110
f 119/119 115/115 116/116
f 115/115 119/119 121/121
f 110/110 115/115 121/121
f 120/120 118/118 122/122
f 123/123 79/79 73/73
f 123/123 73/73 106/106
f 106/106 113/113 123/123
f 79/79 123/123 113/113
f 110/110 125/125 113/113
f 80/80 112/112 82/82
f 110/110 121/121 125/125
f 126/126 120/120 122/122
f 105/105 88/88 127/127
f 127/127 88/88 128/128
f 129/129 127/127 128/128
f 88/88 90/90 91/91
f 88/88 91/91 128/128
f 128/128 91/91 97/97
f 97/97 130/130 128/128
f 128/128 130/130 131/131
f 129/129 128/128 131/131
f 130/130 97/97 99/99
f 98/98 99/99 97/97
f 131/131 130/130 132/132
f 132/132 130/130 99/99
f 133/133 99/99 135/135
f 132/132 99/99 133/133
f 117/117 105/105 127/127
f 117/117 127/127 129/129
f 117/117 129/129 136/136
f 119/119 117/117 136/136
f 136/136 129/129 131/131
f 137/137 131/131 132/132
f 139/139 136/136 137/137
f 136/136 131/131 137/137
f 140/140 137/137 143/143
f 141/141 142/142 144/144
f 145/145 141/141 144/144
f 122/122 118/118 138/138
f 119/119 136/136 139/139
f 138/138 146/146 122/122
f 126/126 122/122 146/146
f 139/139 137/137 140/140
f 141/141 146/146 138/138
f 146/146 141/141 145/145
f 143/143 137/137 132/132
f 143/143 132/132 133/133
f 142/142 134/134 144/144
f 114/114 124/124 147/147
f 147/147 124/124 120/120
f 120/120 126/126 147/147
f 56/56 1/1 3/3
f 148/148 1/1 56/56
f 149/149 19/19 1/1
f 149/149 1/1 148/148
f 57/57 148/148 56/56
f 19/19 149/149 150/150
f 151/151 57/57 66/66
f 66/66 67/67 151/151
f 151/151 148/148 57/57
f 151/151 152/152 148/148
f 67/67 153/153 151/151
f 152/152 151/151 153/153
f 152/152 153/153 154/154
f 155/155 149/149 148/148
f 148/148 152/152 155/155
f 156/156 155/155 152/152
f 156/156 152/152 154/154
f 157/157 156/156 154/154
f 158/158 155/155 156/156
f 159/159 155/155 158/158
f 51/51 21/21 160/160
f 161/161 51/51 160/160
f 160/160 21/21 20/20
f 150/150 20/20 19/19
f 20/20 150/150 162/162
f 51/51 161/161 163/163
f 162/162 160/160 20/20
f 164/164 161/161 160/160
f 155/155 150/150 149/149
f 150/150 155/155 159/159
f 165/165 166/166 150/150
f 162/162 150/150 166/166
f 166/166 167/167 162/162
f 167/167 160/160 162/162
f 160/160 167/167 164/164
f 153/153 67/67 154/154
f 154/154 168/168 169/169
f 168/168 67/67 69/69
f 168/168 154/154 67/67
f 170/170 168/168 69/69
f 75/75 170/170 69/69
f 170/170 169/169 168/168
f 172/172 174/174 169/169
f 174/174 172/172 176/176
f 157/157 154/154 169/169
f 156/156 157/157 158/158
f 169/169 177/177 157/157
f 174/174 177/177 169/169
f 179/179 157/157 177/177
f 180/180 181/181 177/177
f 181/181 179/179 177/177
f 181/181 180/180 183/183
f 184/184 158/158 157/157
f 157/157 179/179 184/184
f 179/179 181/181 185/185
f 185/185 181/181 183/183
f 179/179 187/187 184/184
f 188/188 178/178 186/186
f 187/187 179/179 189/189
f 177/177 190/190 180/180
f 190/190 177/177 174/174
f 192/192 193/193 182/182
f 193/193 192/192 194/194
f 186/186 182/182 193/193
f 195/195 188/188 186/186
f 193/193 195/195 186/186
f 193/193 196/196 195/195
f 194/194 196/196 193/193
f 190/190 197/197 180/180
f 180/180 197/197 183/183
f 183/183 197/197 191/191
f 198/198 197/197 190/190
f 176/176 190/190 174/174
f 190/190 176/176 198/198
f 199/199 191/191 197/197
f 198/198 199/199 197/197
f 201/201 194/194 192/192
f 200/200 201/201 192/192
f 81/81 171/171 76/76
f 170/170 172/172 169/169
f 203/203 175/175 173/173
f 205/205 173/173 171/171
f 205/205 171/171 81/81
f 205/205 203/203 173/173
f 82/82 81/81 77/77
f 207/207 81/81 82/82
f 207/207 205/205 81/81
f 208/208 198/198 176/176
f 175/175 203/203 209/209
f 208/208 199/199 198/198
f 212/212 210/210 202/202
f 214/214 212/212 202/202
f 213/213 216/216 217/217
f 211/211 217/217 200/200
f 213/213 217/217 211/211
f 218/218 217/217 216/216
f 219/219 218/218 216/216
f 202/202 204/204 214/214
f 214/214 215/215 212/212
f 220/220 215/215 214/214
f 219/219 216/216 221/221
f 214/214 204/204 220/220
f 215/215 220/220 222/222
f 184/184 187/187 223/223
f 223/223 187/187 189/189
f 224/224 223/223 189/189
f 158/158 184/184 225/225
f 225/225 184/184 223/223
f 225/225 226/226 158/158
f 223/223 227/227 225/225
f 227/227 223/223 224/224
f 228/228 195/195 229/229
f 188/188 195/195 228/228
f 230/230 231/231 229/229
f 229/229 232/232 228/228
f 232/232 229/229 231/231
f 189/189 233/233 224/224
f 234/234 188/188 228/228
f 228/228 232/232 235/235
f 228/228 235/235 234/234
f 226/226 159/159 158/158
f 150/150 159/159 165/165
f 227/227 226/226 225/225
f 236/236 226/226 227/227
f 237/237 227/227 224/224
f 236/236 227/227 237/237
f 237/237 239/239 236/236
f 233/233 237/237 224/224
f 239/239 237/237 241/241
f 244/244 159/159 226/226
f 234/234 235/235 245/245
f 238/238 234/234 245/245
f 242/242 238/238 245/245
f 242/242 245/245 246/246
f 243/243 247/247 248/248
f 249/249 219/219 221/221
f 250/250 252/252 226/226
f 250/250 226/226 236/236
f 252/252 244/244 226/226
f 253/253 252/252 250/250
f 239/239 250/250 236/236
f 254/254 251/251 240/240
f 252/252 253/253 244/244
f 256/256 244/244 253/253
f 240/240 243/243 257/257
f 254/254 240/240 257/257
f 258/258 254/254 257/257
f 259/259 253/253 250/250
f 259/259 250/250 255/255
f 259/259 255/255 261/261
f 262/262 259/259 261/261
f 263/263 262/262 261/261
f 259/259 262/262 253/253
f 254/254 258/258 260/260
f 260/260 258/258 264/264
f 264/264 266/266 260/260
f 257/257 243/243 248/248
f 257/257 248/248 267/267
f 258/258 257/257 267/267
f 249/249 268/268 219/219
f 269/269 258/258 267/267
f 258/258 269/269 264/264
f 270/270 269/269 267/267
f 271/271 266/266 264/264
f 271/271 264/264 270/270
f 264/264 269/269 270/270
f 271/271 270/270 272/272
f 161/161 273/273 163/163
f 274/274 275/275 166/166
f 164/164 167/167 276/276
f 166/166 276/276 167/167
f 276/276 166/166 277/277
f 277/277 166/166 275/275
f 277/277 275/275 276/276
f 276/276 275/275 278/278
f 279/279 276/276 278/278
f 273/273 161/161 164/164
f 280/280 273/273 281/281
f 282/282 273/273 164/164
f 276/276 282/282 164/164
f 282/282 283/283 273/273
f 273/273 283/283 281/281
f 284/284 279/279 285/285
f 284/284 285/285 286/286
f 287/287 280/280 281/281
f 279/279 282/282 276/276
f 282/282 279/279 284/284
f 282/282 284/284 283/283
f 288/288 283/283 284/284
f 288/288 281/281 283/283
f 284/284 286/286 288/288
f 286/286 289/289 288/288
f 290/290 291/291 292/292
f 291/291 290/290 293/293
f 294/294 290/290 256/256
f 290/290 294/294 293/293
f 295/295 291/291 296/296
f 297/297 296/296 291/291
f 298/298 296/296 297/297
f 298/298 297/297 299/299
f 299/299 297/297 291/291
f 293/293 299/299 291/291
f 293/293 300/300 299/299
f 274/274 166/166 165/165
f 301/301 275/275 274/274
f 275/275 301/301 302/302
f 159/159 292/292 165/165
f 244/244 292/292 159/159
f 292/292 291/291 165/165
f 165/165 291/291 274/274
f 301/301 274/274 291/291
f 248/248 247/247 303/303
f 302/302 278/278 275/275
f 304/304 302/302 295/295
f 278/278 302/302 305/305
f 305/305 302/302 304/304
f 279/279 278/278 285/285
f 278/278 305/305 285/285
f 295/295 301/301 291/291
f 301/301 295/295 302/302
f 296/296 304/304 295/295
f 290/290 244/244 256/256
f 290/290 292/292 244/244
f 267/267 306/306 307/307
f 308/308 309/309 310/310
f 296/296 298/298 310/310
f 300/300 298/298 299/299
f 310/310 298/298 311/311
f 312/312 311/311 313/313
f 300/300 313/313 298/298
f 311/311 298/298 313/313
f 310/310 311/311 308/308
f 308/308 314/314 315/315
f 308/308 311/311 316/316
f 308/308 316/316 314/314
f 317/317 311/311 312/312
f 317/317 316/316 311/311
f 318/318 317/317 312/312
f 319/319 316/316 317/317
f 317/317 318/318 319/319
f 319/319 320/320 316/316
f 319/319 321/321 322/322
f 320/320 314/314 316/316
f 304/304 323/323 305/305
f 285/285 324/324 286/286
f 285/285 305/305 324/324
f 325/325 323/323 309/309
f 324/324 323/323 325/325
f 324/324 326/326 286/286
f 323/323 324/324 305/305
f 324/324 325/325 327/327
f 327/327 326/326 324/324
f 310/310 309/309 323/323
f 310/310 323/323 304/304
f 296/296 310/310 304/304
f 328/328 326/326 327/327
f 328/328 329/329 326/326
f 330/330 329/329 328/328
f 331/331 329/329 330/330
f 332/332 327/327 325/325
f 328/328 327/327 332/332
f 315/315 325/325 309/309
f 315/315 332/332 325/325
f 308/308 315/315 309/309
f 333/333 328/328 332/332
f 334/334 330/330 328/328
f 330/330 335/335 336/336
f 337/337 204/204 206/206
f 337/337 206/206 338/338
f 339/339 338/338 206/206
f 340/340 220/220 204/204
f 337/337 340/340 204/204
f 341/341 249/249 221/221
f 343/343 222/222 340/340
f 222/222 343/343 342/342
f 345/345 342/342 343/343
f 346/346 345/345 343/343
f 343/343 347/347 346/346
f 340/340 337/337 343/343
f 337/337 347/347 343/343
f 340/340 222/222 220/220
f 249/249 341/341 348/348
f 253/253 263/263 349/349
f 344/344 350/350 341/341
f 344/344 266/266 350/350
f 263/263 261/261 265/265
f 346/346 265/265 345/345
f 265/265 346/346 263/263
f 347/347 349/349 346/346
f 349/349 263/263 346/346
f 253/253 262/262 263/263
f 351/351 253/253 349/349
f 352/352 347/347 337/337
f 351/351 349/349 353/353
f 354/354 351/351 353/353
f 353/353 349/349 347/347
f 348/348 341/341 350/350
f 355/355 348/348 350/350
f 355/355 350/350 266/266
f 271/271 356/356 355/355
f 348/348 268/268 249/249
f 355/355 356/356 348/348
f 348/348 356/356 268/268
f 271/271 355/355 266/266
f 272/272 356/356 271/271
f 337/337 338/338 357/357
f 357/357 338/338 358/358
f 359/359 347/347 352/352
f 359/359 353/353 347/347
f 360/360 359/359 352/352
f 352/352 337/337 357/357
f 360/360 352/352 357/357
f 358/358 361/361 357/357
f 362/362 361/361 358/358
f 357/357 361/361 360/360
f 361/361 363/363 360/360
f 361/361 364/364 363/363
f 294/294 365/365 366/366
f 293/293 294/294 367/367
f 366/366 367/367 294/294
f 293/293 367/367 368/368
f 369/369 293/293 368/368
f 366/366 368/368 367/367
f 370/370 366/366 365/365
f 366/366 370/370 368/368
f 370/370 371/371 368/368
f 370/370 372/372 371/371
f 373/373 372/372 370/370
f 354/354 256/256 253/253
f 256/256 354/354 294/294
f 253/253 351/351 354/354
f 374/374 294/294 354/354
f 374/374 354/354 353/353
f 365/365 294/294 374/374
f 375/375 353/353 359/359
f 353/353 365/365 374/374
f 353/353 373/373 365/365
f 375/375 373/373 353/353
f 375/375 359/359 360/360
f 376/376 375/375 360/360
f 376/376 377/377 375/375
f 363/363 378/378 360/360
f 378/378 363/363 379/379
f 373/373 370/370 365/365
f 369/369 300/300 293/293
f 369/369 313/313 300/300
f 313/313 369/369 318/318
f 318/318 312/312 313/313
f 380/380 318/318 369/369
f 381/381 369/369 368/368
f 381/381 368/368 371/371
f 381/381 380/380 369/369
f 382/382 380/380 381/381
f 318/318 321/321 319/319
f 318/318 380/380 321/321
f 322/322 321/321 382/382
f 382/382 321/321 380/380
f 383/383 322/322 382/382
f 371/371 382/382 381/381
f 384/384 382/382 371/371
f 372/372 385/385 371/371
f 385/385 384/384 371/371
f 386/386 383/383 382/382
f 387/387 388/388 386/386
f 389/389 387/387 390/390
f 386/386 382/382 384/384
f 385/385 390/390 384/384
f 387/387 386/386 384/384
f 390/390 387/387 384/384
f 376/376 360/360 378/378
f 391/391 376/376 378/378
f 392/392 377/377 376/376
f 392/392 376/376 391/391
f 378/378 379/379 391/391
f 379/379 393/393 391/391
f 392/392 391/391 393/393
f 394/394 392/392 393/393
f 395/395 396/396 373/373
f 377/377 373/373 375/375
f 377/377 397/397 373/373
f 395/395 373/373 397/397
f 398/398 372/372 373/373
f 398/398 373/373 396/396
f 396/396 399/399 398/398
f 396/396 395/395 400/400
f 397/397 400/400 395/395
f 392/392 397/397 377/377
f 394/394 401/401 392/392
f 401/401 394/394 402/402
f 401/401 397/397 392/392
f 403/403 372/372 398/398
f 404/404 372/372 403/403
f 404/404 405/405 372/372
f 372/372 406/406 385/385
f 385/385 389/389 390/390
f 406/406 372/372 405/405
f 407/407 406/406 405/405
f 406/406 408/408 385/385
f 409/409 408/408 406/406
f 409/409 406/406 407/407
f 404/404 410/410 405/405
f 410/410 407/407 405/405
f 411/411 407/407 410/410
f 411/411 409/409 407/407
f 411/411 412/412 409/409
f 412/412 413/413 409/409
f 398/398 399/399 403/403
f 403/403 399/399 400/400
f 399/399 396/396 400/400
f 414/414 403/403 400/400
f 404/404 403/403 414/414
f 414/414 400/400 415/415
f 416/416 414/414 415/415
f 415/415 417/417 416/416
f 414/414 416/416 404/404
f 416/416 418/418 404/404
f 418/418 416/416 417/417
f 418/418 417/417 419/419
f 417/417 420/420 419/419
f 397/397 401/401 415/415
f 400/400 397/397 415/415
f 401/401 421/421 415/415
f 402/402 422/422 401/401
f 402/402 423/423 422/422
f 401/401 422/422 421/421
f 421/421 422/422 424/424
f 424/424 422/422 423/423
f 417/417 415/415 421/421
f 421/421 425/425 417/417
f 425/425 421/421 424/424
f 425/425 424/424 426/426
f 425/425 420/420 417/417
f 420/420 425/425 427/427
f 418/418 410/410 404/404
f 419/419 410/410 418/418
f 419/419 420/420 428/428
f 429/429 411/411 410/410
f 429/429 410/410 419/419
f 412/412 411/411 429/429
f 412/412 429/429 430/430
f 430/430 429/429 431/431
f 428/428 429/429 419/419
f 429/429 428/428 431/431
f 425/425 426/426 427/427
f 432/432 427/427 426/426
f 433/433 432/432 426/426
f 420/420 427/427 428/428
f 433/433 434/434 432/432
f 48/48 92/92 46/46
f 49/49 48/48 47/47
f 49/49 435/435 48/48
f 93/93 92/92 95/95
f 436/436 435/435 49/49
f 95/95 92/92 48/48
f 95/95 48/48 437/437
f 94/94 95/95 437/437
f 437/437 48/48 435/435
f 437/437 435/435 436/436
f 437/437 436/436 438/438
f 50/50 439/439 49/49
f 440/440 50/50 40/40
f 439/439 50/50 440/440
f 436/436 49/49 439/439
f 442/442 438/438 439/439
f 442/442 439/439 443/443
f 439/439 438/438 436/436
f 96/96 94/94 445/445
f 445/445 94/94 437/437
f 445/445 437/437 438/438
f 446/446 445/445 438/438
f 445/445 447/447 96/96
f 447/447 445/445 446/446
f 447/447 135/135 96/96
f 447/447 448/448 135/135
f 438/438 442/442 449/449
f 450/450 449/449 442/442
f 449/449 451/451 452/452
f 450/450 451/451 449/449
f 446/446 438/438 449/449
f 449/449 452/452 446/446
f 452/452 453/453 446/446
f 454/454 41/41 44/44
f 441/441 41/41 454/454
f 454/454 455/455 444/444
f 456/456 457/457 458/458
f 456/456 458/458 459/459
f 456/456 454/454 44/44
f 455/455 454/454 456/456
f 444/444 455/455 461/461
f 232/232 231/231 462/462
f 463/463 464/464 465/465
f 466/466 467/467 464/464
f 464/464 467/467 468/468
f 469/469 231/231 470/470
f 231/231 230/230 465/465
f 465/465 471/471 231/231
f 464/464 471/471 465/465
f 462/462 231/231 469/469
f 471/471 470/470 231/231
f 468/468 470/470 471/471
f 464/464 468/468 471/471
f 472/472 461/461 474/474
f 459/459 475/475 456/456
f 456/456 475/475 455/455
f 461/461 455/455 475/475
f 469/469 476/476 462/462
f 469/469 477/477 476/476
f 480/480 481/481 469/469
f 480/480 469/469 470/470
f 477/477 469/469 481/481
f 474/474 482/482 479/479
f 476/476 477/477 483/483
f 484/484 482/482 474/474
f 484/484 474/474 461/461
f 481/481 486/486 477/477
f 482/482 484/484 485/485
f 444/444 441/441 454/454
f 443/443 439/439 440/440
f 442/442 443/443 487/487
f 442/442 487/487 450/450
f 460/460 487/487 443/443
f 460/460 473/473 487/487
f 478/478 488/488 473/473
f 488/488 487/487 473/473
f 490/490 491/491 467/467
f 487/487 493/493 450/450
f 494/494 493/493 492/492
f 468/468 496/496 470/470
f 496/496 468/468 491/491
f 492/492 488/488 495/495
f 493/493 487/487 488/488
f 492/492 493/493 488/488
f 480/480 470/470 496/496
f 488/488 478/478 495/495
f 467/467 491/491 468/468
f 479/479 472/472 474/474
f 497/497 498/498 499/499
f 200/200 217/217 497/497
f 497/497 217/217 500/500
f 501/501 500/500 217/217
f 99/99 96/96 135/135
f 448/448 447/447 446/446
f 133/133 135/135 448/448
f 448/448 446/446 453/453
f 453/453 503/503 448/448
f 133/133 448/448 503/503
f 134/134 502/502 144/144
f 453/453 452/452 451/451
f 144/144 502/502 504/504
f 145/145 144/144 504/504
f 146/146 145/145 505/505
f 504/504 505/505 145/145
f 453/453 507/507 503/503
f 504/504 502/502 508/508
f 194/194 499/499 230/230
f 509/509 230/230 499/499
f 230/230 509/509 465/465
f 498/498 509/509 499/499
f 463/463 498/498 497/497
f 509/509 498/498 463/463
f 464/464 463/463 466/466
f 465/465 509/509 463/463
f 466/466 463/463 497/497
f 510/510 467/467 466/466
f 511/511 510/510 466/466
f 510/510 511/511 512/512
f 511/511 466/466 497/497
f 497/497 500/500 511/511
f 513/513 511/511 500/500
f 513/513 514/514 515/515
f 510/510 512/512 516/516
f 516/516 512/512 513/513
f 511/511 513/513 512/512
f 517/517 516/516 513/513
f 513/513 515/515 517/517
f 232/232 462/462 518/518
f 518/518 235/235 232/232
f 518/518 245/245 235/235
f 245/245 518/518 246/246
f 476/476 483/483 518/518
f 518/518 519/519 246/246
f 514/514 500/500 501/501
f 501/501 521/521 514/514
f 521/521 522/522 523/523
f 514/514 521/521 523/523
f 218/218 219/219 268/268
f 522/522 268/268 523/523
f 513/513 500/500 514/514
f 515/515 524/524 525/525
f 523/523 268/268 356/356
f 523/523 526/526 524/524
f 527/527 356/356 272/272
f 272/272 270/270 307/307
f 526/526 528/528 529/529
f 523/523 527/527 526/526
f 526/526 527/527 528/528
f 530/530 525/525 524/524
f 531/531 525/525 530/530
f 526/526 529/529 530/530
f 524/524 526/526 530/530
f 529/529 528/528 532/532
f 530/530 529/529 533/533
f 529/529 532/532 533/533
f 531/531 530/530 533/533
f 510/510 490/490 467/467
f 534/534 490/490 510/510
f 510/510 516/516 534/534
f 450/450 493/493 494/494
f 489/489 494/494 492/492
f 538/538 450/450 494/494
f 540/540 451/451 450/450
f 450/450 538/538 540/540
f 535/535 494/494 489/489
f 535/535 538/538 494/494
f 536/536 542/542 537/537
f 541/541 534/534 516/516
f 517/517 541/541 516/516
f 517/517 543/543 541/541
f 515/515 525/525 517/517
f 544/544 537/537 542/542
f 539/539 537/537 544/544
f 544/544 545/545 539/539
f 507/507 453/453 451/451
f 540/540 507/507 451/451
f 506/506 539/539 545/545
f 545/545 547/547 506/506
f 548/548 508/508 547/547
f 506/506 508/508 502/502
f 547/547 508/508 506/506
f 525/525 531/531 517/517
f 549/549 517/517 531/531
f 517/517 549/549 543/543
f 546/546 543/543 549/549
f 550/550 549/549 531/531
f 531/531 533/533 550/550
f 550/550 551/551 549/549
f 546/546 549/549 551/551
f 545/545 553/553 547/547
f 547/547 554/554 548/548
f 547/547 553/553 554/554
f 553/553 545/545 552/552
f 552/552 555/555 553/553
f 475/475 459/459 556/556
f 287/287 557/557 556/556
f 558/558 475/475 556/556
f 475/475 558/558 461/461
f 484/484 461/461 558/558
f 560/560 485/485 561/561
f 561/561 485/485 484/484
f 558/558 561/561 484/484
f 561/561 558/558 562/562
f 557/557 558/558 556/556
f 557/557 563/563 558/558
f 287/287 564/564 565/565
f 287/287 565/565 557/557
f 303/303 247/247 520/520
f 303/303 520/520 566/566
f 566/566 568/568 303/303
f 569/569 303/303 568/568
f 248/248 303/303 569/569
f 566/566 570/570 568/568
f 569/569 568/568 572/572
f 559/559 573/573 477/477
f 483/483 477/477 573/573
f 483/483 573/573 567/567
f 573/573 571/571 567/567
f 559/559 477/477 486/486
f 575/575 573/573 578/578
f 571/571 573/573 575/575
f 560/560 561/561 577/577
f 573/573 559/559 578/578
f 577/577 561/561 562/562
f 580/580 577/577 562/562
f 574/574 577/577 579/579
f 581/581 570/570 576/576
f 581/581 568/568 570/570
f 572/572 568/568 581/581
f 581/581 582/582 572/572
f 583/583 581/581 576/576
f 582/582 581/581 583/583
f 579/579 584/584 574/574
f 579/579 585/585 584/584
f 585/585 580/580 562/562
f 565/565 563/563 557/557
f 562/562 558/558 563/563
f 586/586 562/562 563/563
f 587/587 586/586 563/563
f 562/562 588/588 585/585
f 588/588 562/562 586/586
f 306/306 248/248 569/569
f 306/306 569/569 589/589
f 307/307 306/306 589/589
f 307/307 270/270 267/267
f 590/590 528/528 307/307
f 590/590 307/307 589/589
f 589/589 569/569 591/591
f 592/592 532/532 590/590
f 569/569 572/572 591/591
f 591/591 572/572 582/582
f 589/589 591/591 593/593
f 594/594 584/584 595/595
f 585/585 595/595 584/584
f 582/582 583/583 593/593
f 582/582 593/593 591/591
f 589/589 592/592 590/590
f 589/589 593/593 592/592
f 594/594 595/595 596/596
f 598/598 592/592 593/593
f 599/599 596/596 595/595
f 590/590 532/532 528/528
f 601/601 533/533 532/532
f 533/533 601/601 602/602
f 592/592 601/601 532/532
f 601/601 592/592 602/602
f 603/603 602/602 592/592
f 603/603 592/592 598/598
f 604/604 597/597 600/600
f 555/555 604/604 600/600
f 586/586 605/605 588/588
f 595/595 585/585 588/588
f 606/606 588/588 605/605
f 588/588 599/599 595/595
f 599/599 588/588 606/606
f 607/607 586/586 587/587
f 607/607 605/605 586/586
f 599/599 606/606 609/609
f 609/609 606/606 611/611
f 606/606 605/605 607/607
f 611/611 606/606 607/607
f 612/612 611/611 607/607
f 602/602 550/550 533/533
f 551/551 550/550 602/602
f 551/551 602/602 603/603
f 555/555 552/552 604/604
f 554/554 553/553 555/555
f 564/564 613/613 614/614
f 564/564 614/614 565/565
f 614/614 336/336 565/565
f 613/613 331/331 614/614
f 563/563 565/565 336/336
f 331/331 613/613 329/329
f 587/587 563/563 336/336
f 336/336 614/614 331/331
f 331/331 330/330 336/336
f 615/615 336/336 335/335
f 336/336 616/616 587/587
f 607/607 587/587 616/616
f 607/607 616/616 617/617
f 612/612 607/607 617/617
f 615/615 616/616 336/336
f 618/618 615/615 335/335
f 615/615 618/618 619/619
f 619/619 620/620 615/615
f 621/621 615/615 620/620
f 621/621 620/620 622/622
f 83/83 339/339 206/206
f 147/147 623/623 114/114
f 339/339 83/83 114/114
f 114/114 624/624 339/339
f 624/624 114/114 623/623
f 623/623 147/147 126/126
f 625/625 126/126 146/146
f 623/623 126/126 625/625
f 505/505 625/625 146/146
f 339/339 624/624 338/338
f 626/626 505/505 627/627
f 628/628 624/624 623/623
f 628/628 623/623 625/625
f 625/625 629/629 628/628
f 626/626 629/629 625/625
f 505/505 626/626 625/625
f 505/505 504/504 627/627
f 504/504 508/508 627/627
f 630/630 631/631 548/548
f 631/631 632/632 627/627
f 632/632 626/626 627/627
f 626/626 632/632 633/633
f 632/632 631/631 630/630
f 634/634 630/630 635/635
f 548/548 635/635 630/630
f 624/624 358/358 338/338
f 624/624 628/628 358/358
f 636/636 358/358 628/628
f 636/636 628/628 629/629
f 626/626 633/633 629/629
f 362/362 358/358 636/636
f 636/636 637/637 362/362
f 638/638 637/637 636/636
f 639/639 636/636 629/629
f 636/636 639/639 638/638
f 634/634 638/638 639/639
f 638/638 634/634 640/640
f 362/362 364/364 361/361
f 364/364 362/362 637/637
f 364/364 637/637 641/641
f 364/364 379/379 363/363
f 379/379 364/364 642/642
f 364/364 641/641 642/642
f 641/641 637/637 638/638
f 640/640 641/641 638/638
f 629/629 633/633 639/639
f 630/630 633/633 632/632
f 633/633 630/630 634/634
f 633/633 634/634 639/639
f 640/640 634/634 643/643
f 635/635 643/643 634/634
f 627/627 508/508 548/548
f 548/548 631/631 627/627
f 608/608 555/555 600/600
f 644/644 555/555 608/608
f 554/554 555/555 644/644
f 644/644 608/608 610/610
f 645/645 554/554 644/644
f 635/635 548/548 554/554
f 554/554 645/645 635/635
f 645/645 644/644 646/646
f 646/646 644/644 610/610
f 647/647 646/646 610/610
f 646/646 647/647 648/648
f 612/612 650/650 611/611
f 610/610 649/649 647/647
f 641/641 651/651 642/642
f 640/640 651/651 641/641
f 652/652 640/640 643/643
f 652/652 643/643 645/645
f 645/645 643/643 635/635
f 652/652 645/645 648/648
f 645/645 646/646 648/648
f 640/640 652/652 653/653
f 653/653 651/651 640/640
f 654/654 653/653 655/655
f 654/654 655/655 656/656
f 657/657 648/648 647/647
f 652/652 648/648 658/658
f 657/657 658/658 648/648
f 658/658 657/657 659/659
f 659/659 657/657 647/647
f 660/660 659/659 647/647
f 658/658 659/659 652/652
f 652/652 655/655 653/653
f 655/655 652/652 659/659
f 655/655 659/659 661/661
f 661/661 659/659 660/660
f 656/656 655/655 661/661
f 662/662 612/612 617/617
f 650/650 612/612 662/662
f 650/650 662/662 663/663
f 616/616 615/615 621/621
f 621/621 617/617 616/616
f 617/617 621/621 665/665
f 662/662 617/617 665/665
f 649/649 660/660 647/647
f 660/660 649/649 664/664
f 663/663 662/662 667/667
f 668/668 660/660 664/664
f 667/667 662/662 670/670
f 671/671 668/668 672/672
f 671/671 672/672 673/673
f 672/672 666/666 674/674
f 666/666 669/669 674/674
f 673/673 672/672 674/674
f 675/675 674/674 669/669
f 666/666 672/672 664/664
f 668/668 664/664 672/672
f 642/642 676/676 379/379
f 642/642 651/651 676/676
f 393/393 379/379 676/676
f 393/393 676/676 677/677
f 651/651 653/653 676/676
f 676/676 653/653 677/677
f 394/394 393/393 677/677
f 677/677 678/678 394/394
f 677/677 654/654 678/678
f 654/654 677/677 653/653
f 678/678 654/654 656/656
f 678/678 402/402 394/394
f 423/423 678/678 656/656
f 679/679 661/661 668/668
f 679/679 668/668 671/671
f 680/680 679/679 671/671
f 661/661 681/681 656/656
f 656/656 681/681 423/423
f 682/682 681/681 680/680
f 681/681 661/661 679/679
f 679/679 680/680 681/681
f 661/661 660/660 668/668
f 683/683 671/671 673/673
f 674/674 675/675 673/673
f 680/680 671/671 683/683
f 683/683 673/673 684/684
f 683/683 433/433 680/680
f 673/673 675/675 684/684
f 402/402 678/678 423/423
f 424/424 423/423 682/682
f 423/423 681/681 682/682
f 680/680 433/433 682/682
f 426/426 424/424 682/682
f 433/433 426/426 682/682
f 683/683 685/685 433/433
f 685/685 434/434 433/433
f 685/685 683/683 684/684
f 686/686 431/431 428/428
f 686/686 428/428 427/427
f 687/687 686/686 427/427
f 314/314 688/688 315/315
f 689/689 314/314 690/690
f 690/690 314/314 320/320
f 691/691 689/689 690/690
f 689/689 691/691 692/692
f 322/322 320/320 319/319
f 320/320 693/693 694/694
f 320/320 694/694 690/690
f 690/690 694/694 691/691
f 693/693 695/695 694/694
f 696/696 691/691 694/694
f 697/697 692/692 691/691
f 691/691 696/696 697/697
f 698/698 697/697 696/696
f 697/697 698/698 699/699
f 697/697 699/699 700/700
f 701/701 332/332 688/688
f 701/701 333/333 332/332
f 702/702 335/335 334/334
f 332/332 315/315 688/688
f 689/689 703/703 688/688
f 688/688 314/314 689/689
f 703/703 701/701 688/688
f 701/701 703/703 704/704
f 689/689 692/692 703/703
f 703/703 705/705 704/704
f 703/703 692/692 705/705
f 702/702 334/334 701/701
f 335/335 702/702 618/618
f 706/706 701/701 704/704
f 706/706 702/702 701/701
f 702/702 619/619 618/618
f 702/702 707/707 619/619
f 706/706 707/707 702/702
f 708/708 707/707 706/706
f 709/709 708/708 710/710
f 707/707 708/708 709/709
f 707/707 709/709 711/711
f 712/712 709/709 710/710
f 699/699 698/698 713/713
f 699/699 713/713 714/714
f 700/700 699/699 714/714
f 710/710 700/700 714/714
f 715/715 710/710 714/714
f 716/716 717/717 718/718
f 717/717 719/719 720/720
f 721/721 720/720 719/719
f 719/719 722/722 721/721
f 723/723 720/720 721/721
f 718/718 717/717 720/720
f 724/724 718/718 720/720
f 720/720 723/723 724/724
f 723/723 722/722 725/725
f 723/723 721/721 722/722
f 726/726 724/724 723/723
f 725/725 726/726 723/723
f 725/725 727/727 726/726
f 728/728 729/729 383/383
f 729/729 320/320 322/322
f 383/383 729/729 322/322
f 693/693 320/320 729/729
f 730/730 695/695 728/728
f 731/731 730/730 732/732
f 733/733 731/731 732/732
f 734/734 730/730 728/728
f 734/734 732/732 730/730
f 734/734 735/735 732/732
f 695/695 693/693 729/729
f 695/695 696/696 694/694
f 728/728 695/695 729/729
f 730/730 731/731 695/695
f 731/731 696/696 695/695
f 731/731 698/698 696/696
f 388/388 383/383 386/386
f 388/388 728/728 383/383
f 387/387 736/736 388/388
f 737/737 388/388 736/736
f 737/737 728/728 388/388
f 728/728 737/737 734/734
f 738/738 736/736 387/387
f 389/389 738/738 387/387
f 738/738 737/737 736/736
f 739/739 737/737 738/738
f 740/740 735/735 734/734
f 740/740 734/734 737/737
f 739/739 740/740 737/737
f 741/741 740/740 739/739
f 712/712 742/742 709/709
f 709/709 742/742 711/711
f 742/742 743/743 711/711
f 712/712 710/710 744/744
f 745/745 712/712 744/744
f 743/743 742/742 745/745
f 742/742 712/712 745/745
f 746/746 733/733 732/732
f 732/732 735/735 746/746
f 747/747 746/746 735/735
f 747/747 748/748 746/746
f 748/748 733/733 746/746
f 731/731 733/733 698/698
f 698/698 733/733 713/713
f 713/713 733/733 749/749
f 750/750 714/714 713/713
f 750/750 713/713 749/749
f 751/751 714/714 750/750
f 748/748 752/752 733/733
f 748/748 753/753 754/754
f 755/755 754/754 753/753
f 752/752 748/748 754/754
f 756/756 752/752 754/754
f 751/751 750/750 757/757
f 749/749 733/733 752/752
f 752/752 756/756 758/758
f 749/749 758/758 750/750
f 749/749 752/752 758/758
f 750/750 758/758 757/757
f 759/759 758/758 756/756
f 759/759 757/757 758/758
f 759/759 760/760 757/757
f 761/761 747/747 735/735
f 740/740 761/761 735/735
f 753/753 747/747 762/762
f 762/762 747/747 761/761
f 753/753 748/748 747/747
f 741/741 761/761 740/740
f 763/763 762/762 761/761
f 763/763 761/761 741/741
f 753/753 762/762 716/716
f 753/753 716/716 755/755
f 756/756 754/754 764/764
f 755/755 764/764 754/754
f 717/717 716/716 762/762
f 744/744 710/710 715/715
f 714/714 751/751 715/715
f 765/765 744/744 715/715
f 751/751 765/765 715/715
f 745/745 744/744 766/766
f 766/766 744/744 765/765
f 767/767 765/765 751/751
f 767/767 751/751 757/757
f 768/768 765/765 767/767
f 769/769 767/767 757/757
f 769/769 768/768 767/767
f 770/770 768/768 769/769
f 769/769 757/757 760/760
f 765/765 768/768 766/766
f 771/771 745/745 766/766
f 768/768 772/772 766/766
f 772/772 771/771 766/766
f 773/773 745/745 771/771
f 773/773 771/771 774/774
f 772/772 774/774 771/771
f 775/775 773/773 776/776
f 774/774 776/776 773/773
f 772/772 768/768 770/770
f 774/774 772/772 770/770
f 774/774 770/770 777/777
f 774/774 777/777 776/776
f 777/777 770/770 778/778
f 779/779 389/389 385/385
f 738/738 389/389 780/780
f 779/779 780/780 389/389
f 781/781 738/738 780/780
f 738/738 781/781 739/739
f 782/782 780/780 779/779
f 782/782 783/783 780/780
f 408/408 779/779 385/385
f 784/784 739/739 781/781
f 785/785 741/741 739/739
f 785/785 786/786 741/741
f 786/786 763/763 741/741
f 784/784 785/785 739/739
f 785/785 784/784 786/786
f 787/787 763/763 786/786
f 787/787 786/786 784/784
f 784/784 781/781 783/783
f 783/783 781/781 780/780
f 784/784 783/783 788/788
f 788/788 787/787 784/784
f 408/408 789/789 779/779
f 409/409 789/789 408/408
f 782/782 779/779 789/789
f 782/782 789/789 413/413
f 789/789 409/409 413/413
f 790/790 413/413 412/412
f 791/791 782/782 413/413
f 792/792 782/782 791/791
f 793/793 791/791 413/413
f 791/791 793/793 794/794
f 795/795 788/788 783/783
f 783/783 782/782 796/796
f 797/797 796/796 798/798
f 797/797 795/795 783/783
f 797/797 783/783 796/796
f 792/792 796/796 782/782
f 794/794 792/792 791/791
f 796/796 792/792 794/794
f 798/798 796/796 794/794
f 434/434 687/687 432/432
f 687/687 434/434 799/799
f 717/717 762/762 763/763
f 719/719 717/717 763/763
f 722/722 763/763 787/787
f 722/722 719/719 763/763
f 722/722 788/788 800/800
f 722/722 787/787 788/788
f 725/725 722/722 800/800
f 800/800 788/788 795/795
f 727/727 725/725 800/800
f 797/797 801/801 795/795
f 727/727 800/800 795/795
f 801/801 727/727 795/795
f 776/776 777/777 802/802
f 776/776 802/802 803/803
f 805/805 803/803 806/806
f 806/806 803/803 802/802
f 808/808 809/809 810/810
f 811/811 812/812 813/813
f 812/812 804/804 807/807
f 807/807 814/814 812/812
f 812/812 814/814 813/813
f 807/807 815/815 814/814
f 816/816 814/814 815/815
f 816/816 813/813 814/814
f 718/718 817/817 716/716
f 818/818 817/817 718/718
f 718/718 724/724 818/818
f 819/819 820/820 818/818
f 821/821 822/822 818/818
f 823/823 822/822 821/821
f 820/820 821/821 818/818
f 819/819 818/818 724/724
f 824/824 825/825 823/823
f 821/821 824/824 823/823
f 826/826 821/821 820/820
f 827/827 828/828 826/826
f 821/821 829/829 824/824
f 826/826 829/829 821/821
f 829/829 826/826 828/828
f 830/830 724/724 726/726
f 819/819 724/724 830/830
f 830/830 831/831 832/832
f 831/831 830/830 726/726
f 831/831 726/726 833/833
f 834/834 819/819 830/830
f 832/832 834/834 830/830
f 835/835 834/834 832/832
f 820/820 819/819 836/836
f 836/836 826/826 820/820
f 827/827 826/826 836/836
f 836/836 819/819 834/834
f 837/837 827/827 836/836
f 837/837 836/836 834/834
f 837/837 834/834 835/835
f 837/837 838/838 827/827
f 838/838 837/837 835/835
f 839/839 825/825 824/824
f 829/829 839/839 824/824
f 840/840 839/839 829/829
f 829/829 828/828 840/840
f 841/841 840/840 828/828
f 842/842 843/843 840/840
f 841/841 842/842 840/840
f 844/844 842/842 841/841
f 844/844 845/845 842/842
f 845/845 843/843 842/842
f 843/843 845/845 846/846
f 847/847 848/848 838/838
f 841/841 828/828 848/848
f 838/838 848/848 827/827
f 848/848 828/828 827/827
f 849/849 850/850 847/847
f 849/849 851/851 850/850
f 851/851 852/852 853/853
f 854/854 852/852 851/851
f 850/850 844/844 841/841
f 841/841 848/848 850/850
f 855/855 844/844 850/850
f 855/855 856/856 857/857
f 855/855 853/853 856/856
f 857/857 844/844 855/855
f 844/844 857/857 845/845
f 857/857 858/858 845/845
f 847/847 850/850 848/848
f 853/853 855/855 850/850
f 851/851 853/853 850/850
f 756/756 859/859 759/759
f 859/859 760/760 759/759
f 760/760 859/859 860/860
f 861/861 859/859 756/756
f 764/764 861/861 756/756
f 764/764 862/862 861/861
f 861/861 862/862 863/863
f 862/862 864/864 863/863
f 764/764 755/755 865/865
f 755/755 817/817 865/865
f 817/817 755/755 716/716
f 817/817 818/818 822/822
f 865/865 862/862 764/764
f 822/822 823/823 865/865
f 865/865 823/823 862/862
f 866/866 862/862 823/823
f 817/817 822/822 865/865
f 862/862 866/866 864/864
f 861/861 867/867 859/859
f 859/859 867/867 868/868
f 863/863 867/867 861/861
f 859/859 868/868 860/860
f 868/868 869/869 860/860
f 870/870 868/868 867/867
f 864/864 867/867 863/863
f 864/864 871/871 867/867
f 825/825 866/866 823/823
f 866/866 825/825 864/864
f 864/864 872/872 871/871
f 864/864 825/825 872/872
f 873/873 870/870 867/867
f 870/870 873/873 874/874
f 873/873 867/867 871/871
f 871/871 875/875 873/873
f 876/876 874/874 873/873
f 860/860 769/769 760/760
f 877/877 770/770 769/769
f 860/860 869/869 769/769
f 769/769 869/869 877/877
f 869/869 868/868 870/870
f 869/869 878/878 877/877
f 870/870 878/878 869/869
f 877/877 879/879 770/770
f 878/878 879/879 877/877
f 878/878 874/874 880/880
f 778/778 770/770 879/879
f 870/870 874/874 878/878
f 881/881 871/871 872/872
f 881/881 875/875 871/871
f 879/879 882/882 778/778
f 878/878 882/882 879/879
f 882/882 878/878 883/883
f 883/883 878/878 880/880
f 883/883 880/880 884/884
f 777/777 778/778 885/885
f 802/802 777/777 885/885
f 885/885 778/778 882/882
f 885/885 882/882 883/883
f 883/883 802/802 885/885
f 880/880 874/874 886/886
f 876/876 886/886 874/874
f 884/884 880/880 886/886
f 884/884 802/802 883/883
f 888/888 806/806 802/802
f 888/888 802/802 889/889
f 887/887 816/816 815/815
f 815/815 807/807 887/887
f 890/890 816/816 887/887
f 891/891 802/802 884/884
f 889/889 802/802 891/891
f 892/892 889/889 891/891
f 894/894 888/888 889/889
f 894/894 889/889 892/892
f 825/825 895/895 872/872
f 895/895 825/825 839/839
f 872/872 895/895 881/881
f 843/843 839/839 840/840
f 843/843 895/895 839/839
f 896/896 895/895 843/843
f 896/896 897/897 895/895
f 843/843 846/846 896/896
f 897/897 881/881 895/895
f 898/898 897/897 896/896
f 898/898 896/896 899/899
f 881/881 900/900 875/875
f 876/876 873/873 875/875
f 900/900 876/876 875/875
f 901/901 876/876 900/900
f 897/897 900/900 881/881
f 898/898 900/900 897/897
f 902/902 900/900 898/898
f 901/901 900/900 902/902
f 896/896 903/903 899/899
f 846/846 903/903 896/896
f 846/846 904/904 903/903
f 845/845 904/904 846/846
f 845/845 858/858 904/904
f 858/858 905/905 904/904
f 905/905 899/899 903/903
f 899/899 905/905 906/906
f 905/905 903/903 904/904
f 905/905 907/907 906/906
f 898/898 906/906 902/902
f 906/906 898/898 899/899
f 902/902 906/906 908/908
f 908/908 906/906 909/909
f 906/906 907/907 910/910
f 911/911 902/902 908/908
f 912/912 911/911 908/908
f 906/906 910/910 909/909
f 908/908 909/909 910/910
f 913/913 908/908 910/910
f 913/913 912/912 908/908
f 914/914 915/915 913/913
f 912/912 913/913 915/915
f 901/901 886/886 876/876
f 901/901 916/916 886/886
f 916/916 884/884 886/886
f 917/917 901/901 902/902
f 916/916 901/901 917/917
f 911/911 917/917 902/902
f 917/917 884/884 916/916
f 891/891 884/884 917/917
f 891/891 917/917 918/918
f 911/911 918/918 917/917
f 919/919 891/891 918/918
f 912/912 915/915 911/911
f 915/915 920/920 911/911
f 918/918 911/911 920/920
f 919/919 918/918 920/920
f 620/620 619/619 622/622
f 622/622 619/619 707/707
f 622/622 707/707 711/711
f 711/711 621/621 622/622
f 665/665 621/621 775/775
f 711/711 775/775 621/621
f 711/711 743/743 775/775
f 775/775 743/743 773/773
f 773/773 743/743 745/745
f 670/670 662/662 665/665
f 775/775 670/670 665/665
f 675/675 669/669 921/921
f 921/921 669/669 922/922
f 923/923 670/670 775/775
f 924/924 922/922 669/669
f 775/775 925/925 923/923
f 926/926 675/675 921/921
f 922/922 927/927 921/921
f 926/926 921/921 927/927
f 675/675 926/926 684/684
f 684/684 926/926 928/928
f 929/929 928/928 927/927
f 928/928 926/926 927/927
f 929/929 927/927 922/922
f 924/924 930/930 922/922
f 929/929 922/922 930/930
f 929/929 930/930 931/931
f 685/685 684/684 932/932
f 684/684 928/928 932/932
f 933/933 928/928 929/929
f 932/932 928/928 933/933
f 934/934 932/932 933/933
f 799/799 685/685 932/932
f 434/434 685/685 799/799
f 934/934 799/799 932/932
f 934/934 933/933 935/935
f 936/936 799/799 934/934
f 933/933 929/929 935/935
f 935/935 929/929 931/931
f 934/934 935/935 809/809
f 923/923 925/925 938/938
f 925/925 775/775 776/776
f 803/803 925/925 776/776
f 938/938 925/925 803/803
f 924/924 937/937 930/930
f 939/939 930/930 937/937
f 805/805 938/938 803/803
f 931/931 930/930 939/939
f 935/935 931/931 810/810
f 931/931 939/939 810/810
f 804/804 812/812 937/937
f 937/937 812/812 939/939
f 812/812 810/810 939/939
f 809/809 935/935 810/810
f 811/811 810/810 812/812
f 940/940 941/941 942/942
f 943/943 857/857 856/856
f 858/858 857/857 943/943
f 856/856 942/942 943/943
f 856/856 853/853 852/852
f 940/940 856/856 852/852
f 856/856 940/940 942/942
f 942/942 944/944 943/943
f 943/943 944/944 945/945
f 946/946 942/942 941/941
f 946/946 944/944 942/942
f 947/947 944/944 946/946
f 947/947 945/945 944/944
f 948/948 945/945 947/947
f 946/946 949/949 947/947
f 950/950 947/947 949/949
f 950/950 948/948 947/947
f 907/907 858/858 943/943
f 951/951 907/907 943/943
f 907/907 905/905 858/858
f 907/907 952/952 910/910
f 952/952 907/907 951/951
f 914/914 910/910 952/952
f 945/945 951/951 943/943
f 951/951 945/945 952/952
f 952/952 953/953 914/914
f 910/910 914/914 913/913
f 954/954 915/915 914/914
f 945/945 953/953 952/952
f 948/948 955/955 945/945
f 955/955 953/953 945/945
f 955/955 956/956 953/953
f 726/726 727/727 833/833
f 957/957 958/958 833/833
f 959/959 958/958 957/957
f 957/957 960/960 959/959
f 790/790 793/793 413/413
f 793/793 790/790 961/961
f 798/798 962/962 797/797
f 962/962 963/963 797/797
f 798/798 794/794 964/964
f 965/965 798/798 964/964
f 966/966 798/798 965/965
f 793/793 964/964 794/794
f 961/961 964/964 793/793
f 962/962 798/798 966/966
f 965/965 964/964 967/967
f 968/968 962/962 966/966
f 965/965 969/969 966/966
f 969/969 965/965 967/967
f 970/970 966/966 969/969
f 970/970 969/969 971/971
f 430/430 790/790 412/412
f 972/972 790/790 430/430
f 430/430 431/431 973/973
f 973/973 431/431 686/686
f 972/972 430/430 973/973
f 972/972 961/961 790/790
f 974/974 972/972 973/973
f 973/973 686/686 975/975
f 687/687 975/975 686/686
f 975/975 687/687 976/976
f 687/687 427/427 432/432
f 799/799 976/976 687/687
f 976/976 799/799 936/936
f 975/975 976/976 977/977
f 961/961 967/967 964/964
f 978/978 961/961 972/972
f 967/967 961/961 978/978
f 978/978 972/972 974/974
f 979/979 967/967 978/978
f 979/979 978/978 974/974
f 979/979 971/971 967/967
f 980/980 936/936 934/934
f 980/980 976/976 936/936
f 981/981 934/934 809/809
f 809/809 808/808 981/981
f 980/980 934/934 981/981
f 982/982 981/981 808/808
f 974/974 973/973 975/975
f 977/977 974/974 975/975
f 976/976 980/980 977/977
f 981/981 982/982 977/977
f 979/979 974/974 983/983
f 977/977 983/983 974/974
f 977/977 982/982 983/983
f 983/983 982/982 984/984
f 985/985 983/983 984/984
f 981/981 977/977 980/980
f 967/967 971/971 969/969
f 986/986 971/971 979/979
f 986/986 979/979 985/985
f 985/985 979/979 983/983
f 963/963 801/801 797/797
f 987/987 801/801 963/963
f 962/962 987/987 963/963
f 987/987 962/962 988/988
f 987/987 988/988 801/801
f 988/988 962/962 968/968
f 989/989 801/801 988/988
f 957/957 727/727 801/801
f 727/727 957/957 833/833
f 989/989 988/988 990/990
f 966/966 970/970 968/968
f 970/970 991/991 968/968
f 990/990 988/988 968/968
f 968/968 991/991 990/990
f 989/989 990/990 992/992
f 990/990 993/993 992/992
f 993/993 990/990 991/991
f 991/991 970/970 993/993
f 970/970 994/994 993/993
f 993/993 994/994 992/992
f 970/970 995/995 994/994
f 996/996 957/957 801/801
f 989/989 996/996 801/801
f 957/957 996/996 960/960
f 989/989 997/997 996/996
f 989/989 992/992 997/997
f 994/994 998/998 992/992
f 998/998 994/994 999/999
f 808/808 810/810 1000/1000
f 1000/1000 810/810 811/811
f 982/982 808/808 1000/1000
f 1001/1001 1000/1000 811/811
f 1000/1000 1002/1002 982/982
f 984/984 982/982 1002/1002
f 1001/1001 811/811 813/813
f 890/890 813/813 816/816
f 1001/1001 813/813 890/890
f 1000/1000 1001/1001 1003/1003
f 1004/1004 1003/1003 1005/1005
f 1005/1005 890/890 1006/1006
f 1007/1007 1005/1005 1006/1006
f 1005/1005 1001/1001 890/890
f 1003/1003 1001/1001 1005/1005
f 970/970 971/971 995/995
f 971/971 986/986 995/995
f 1008/1008 986/986 1009/1009
f 986/986 985/985 1009/1009
f 985/985 984/984 1009/1009
f 1009/1009 1010/1010 1011/1011
f 1008/1008 995/995 986/986
f 1009/1009 1011/1011 1008/1008
f 1002/1002 1000/1000 1003/1003
f 1009/1009 984/984 1010/1010
f 1002/1002 1010/1010 984/984
f 995/995 999/999 994/994
f 999/999 1012/1012 998/998
f 999/999 995/995 1008/1008
f 999/999 1008/1008 1011/1011
f 1013/1013 999/999 1011/1011
f 1013/1013 1012/1012 999/999
f 1011/1011 1014/1014 1013/1013
f 1010/1010 1014/1014 1011/1011
f 1015/1015 1013/1013 1014/1014
f 1015/1015 1012/1012 1013/1013
f 1003/1003 1004/1004 1014/1014
f 1010/1010 1002/1002 1003/1003
f 1010/1010 1003/1003 1014/1014
f 1004/1004 1005/1005 1007/1007
f 1016/1016 1004/1004 1007/1007
f 1014/1014 1004/1004 1016/1016
f 1016/1016 1015/1015 1014/1014
f 992/992 998/998 1017/1017
f 1017/1017 997/997 992/992
f 1018/1018 1017/1017 998/998
f 1019/1019 1018/1018 998/998
f 998/998 1012/1012 1019/1019
f 1012/1012 1015/1015 1020/1020
f 958/958 831/831 833/833
f 958/958 1021/1021 831/831
f 832/832 1022/1022 835/835
f 832/832 831/831 1022/1022
f 1022/1022 831/831 1021/1021
f 1022/1022 1021/1021 958/958
f 1023/1023 838/838 835/835
f 1024/1024 1023/1023 835/835
f 835/835 1022/1022 1025/1025
f 1024/1024 835/835 1025/1025
f 1026/1026 1024/1024 1025/1025
f 958/958 1027/1027 1022/1022
f 959/959 1027/1027 958/958
f 1028/1028 1027/1027 959/959
f 1026/1026 1025/1025 1022/1022
f 1026/1026 1022/1022 1027/1027
f 1029/1029 1026/1026 1027/1027
f 1030/1030 1024/1024 1026/1026
f 1030/1030 1026/1026 1029/1029
f 1029/1029 1027/1027 1031/1031
f 1031/1031 1032/1032 1029/1029
f 1023/1023 1033/1033 838/838
f 1033/1033 847/847 838/838
f 1023/1023 1034/1034 1033/1033
f 849/849 1033/1033 1034/1034
f 849/849 847/847 1033/1033
f 1035/1035 1023/1023 1024/1024
f 1023/1023 1035/1035 1034/1034
f 1024/1024 1030/1030 1035/1035
f 854/854 851/851 849/849
f 1036/1036 854/854 849/849
f 1034/1034 1036/1036 849/849
f 1036/1036 1034/1034 1037/1037
f 854/854 1036/1036 1037/1037
f 1038/1038 1035/1035 1030/1030
f 1035/1035 1038/1038 1039/1039
f 1040/1040 1038/1038 1030/1030
f 1040/1040 1030/1030 1029/1029
f 1040/1040 1029/1029 1032/1032
f 1039/1039 1034/1034 1035/1035
f 1039/1039 1041/1041 1034/1034
f 1034/1034 1041/1041 1037/1037
f 1042/1042 1041/1041 1039/1039
f 1031/1031 1027/1027 1028/1028
f 1031/1031 1043/1043 1032/1032
f 1044/1044 1043/1043 1031/1031
f 1045/1045 1044/1044 1031/1031
f 1043/1043 1044/1044 1046/1046
f 1047/1047 1043/1043 1046/1046
f 1040/1040 1048/1048 1038/1038
f 1032/1032 1048/1048 1040/1040
f 1048/1048 1032/1032 1049/1049
f 1032/1032 1043/1043 1049/1049
f 1049/1049 1043/1043 1047/1047
f 1038/1038 1050/1050 1039/1039
f 1048/1048 1050/1050 1038/1038
f 1051/1051 1050/1050 1048/1048
f 1049/1049 1051/1051 1048/1048
f 1049/1049 1047/1047 1052/1052
f 1049/1049 1052/1052 1053/1053
f 1054/1054 1050/1050 1051/1051
f 1053/1053 1051/1051 1049/1049
f 1055/1055 1051/1051 1053/1053
f 1054/1054 1051/1051 1055/1055
f 1052/1052 1056/1056 1053/1053
f 1053/1053 1057/1057 1055/1055
f 1053/1053 1056/1056 1057/1057
f 1057/1057 1058/1058 1055/1055
f 1057/1057 1059/1059 1058/1058
f 959/959 960/960 1060/1060
f 1061/1061 960/960 996/996
f 960/960 1061/1061 1060/1060
f 1028/1028 959/959 1060/1060
f 1061/1061 1028/1028 1060/1060
f 1028/1028 1061/1061 1062/1062
f 996/996 997/997 1061/1061
f 1062/1062 1061/1061 997/997
f 1006/1006 890/890 887/887
f 1063/1063 1006/1006 887/887
f 1063/1063 887/887 893/893
f 1006/1006 1064/1064 1007/1007
f 1006/1006 1063/1063 1064/1064
f 1066/1066 894/894 892/892
f 1066/1066 892/892 1067/1067
f 1069/1069 893/893 1065/1065
f 1063/1063 893/893 1069/1069
f 1070/1070 1063/1063 1069/1069
f 1071/1071 1069/1069 1065/1065
f 1065/1065 1068/1068 1071/1071
f 1020/1020 1015/1015 1016/1016
f 1007/1007 1072/1072 1016/1016
f 1072/1072 1020/1020 1016/1016
f 1072/1072 1007/1007 1064/1064
f 1073/1073 1070/1070 1074/1074
f 1064/1064 1073/1073 1072/1072
f 1075/1075 1072/1072 1073/1073
f 1073/1073 1074/1074 1076/1076
f 1075/1075 1073/1073 1076/1076
f 1074/1074 1071/1071 1077/1077
f 1070/1070 1064/1064 1063/1063
f 1070/1070 1069/1069 1071/1071
f 1068/1068 1077/1077 1071/1071
f 1073/1073 1064/1064 1070/1070
f 1074/1074 1070/1070 1071/1071
f 1079/1079 1067/1067 919/919
f 892/892 891/891 919/919
f 919/919 1067/1067 892/892
f 920/920 1080/1080 919/919
f 1081/1081 920/920 915/915
f 1079/1079 919/919 1080/1080
f 1080/1080 920/920 1081/1081
f 1080/1080 1081/1081 1082/1082
f 1077/1077 1068/1068 1078/1078
f 1083/1083 1077/1077 1078/1078
f 1084/1084 1083/1083 1085/1085
f 1083/1083 1078/1078 1085/1085
f 1087/1087 1077/1077 1083/1083
f 1087/1087 1083/1083 1088/1088
f 1084/1084 1088/1088 1083/1083
f 1086/1086 1079/1079 1080/1080
f 1089/1089 1080/1080 1082/1082
f 1086/1086 1080/1080 1089/1089
f 1091/1091 1084/1084 1085/1085
f 1088/1088 1084/1084 1091/1091
f 1090/1090 1086/1086 1089/1089
f 1089/1089 1093/1093 1090/1090
f 1094/1094 1062/1062 997/997
f 1028/1028 1062/1062 1095/1095
f 1095/1095 1062/1062 1094/1094
f 1095/1095 1094/1094 1096/1096
f 1045/1045 1028/1028 1095/1095
f 997/997 1017/1017 1094/1094
f 1017/1017 1018/1018 1097/1097
f 1094/1094 1017/1017 1097/1097
f 1098/1098 1018/1018 1019/1019
f 1096/1096 1094/1094 1097/1097
f 1096/1096 1099/1099 1100/1100
f 1018/1018 1101/1101 1097/1097
f 1101/1101 1099/1099 1097/1097
f 1101/1101 1018/1018 1098/1098
f 1097/1097 1099/1099 1096/1096
f 1102/1102 1099/1099 1101/1101
f 1045/1045 1031/1031 1028/1028
f 1103/1103 1095/1095 1096/1096
f 1095/1095 1104/1104 1045/1045
f 1103/1103 1104/1104 1095/1095
f 1046/1046 1044/1044 1045/1045
f 1100/1100 1103/1103 1096/1096
f 1102/1102 1100/1100 1099/1099
f 1105/1105 1106/1106 1107/1107
f 1105/1105 1102/1102 1106/1106
f 1108/1108 1046/1046 1045/1045
f 1109/1109 1047/1047 1046/1046
f 1046/1046 1108/1108 1109/1109
f 1045/1045 1104/1104 1108/1108
f 1110/1110 1108/1108 1104/1104
f 1110/1110 1104/1104 1103/1103
f 1102/1102 1105/1105 1100/1100
f 1111/1111 1103/1103 1100/1100
f 1111/1111 1100/1100 1105/1105
f 1105/1105 1112/1112 1111/1111
f 1012/1012 1098/1098 1019/1019
f 1020/1020 1098/1098 1012/1012
f 1098/1098 1020/1020 1101/1101
f 1113/1113 1101/1101 1020/1020
f 1072/1072 1075/1075 1020/1020
f 1075/1075 1113/1113 1020/1020
f 1106/1106 1101/1101 1113/1113
f 1102/1102 1101/1101 1106/1106
f 1106/1106 1113/1113 1114/1114
f 1107/1107 1106/1106 1114/1114
f 1076/1076 1114/1114 1075/1075
f 1113/1113 1075/1075 1114/1114
f 1076/1076 1115/1115 1114/1114
f 1115/1115 1076/1076 1074/1074
f 1114/1114 1116/1116 1107/1107
f 1105/1105 1107/1107 1112/1112
f 1112/1112 1107/1107 1116/1116
f 1116/1116 1114/1114 1115/1115
f 1052/1052 1047/1047 1117/1117
f 1109/1109 1117/1117 1047/1047
f 1109/1109 1108/1108 1110/1110
f 1118/1118 1109/1109 1110/1110
f 1109/1109 1119/1119 1117/1117
f 1117/1117 1056/1056 1052/1052
f 1109/1109 1118/1118 1119/1119
f 1119/1119 1118/1118 1120/1120
f 1111/1111 1110/1110 1103/1103
f 1121/1121 1110/1110 1111/1111
f 1110/1110 1121/1121 1118/1118
f 1121/1121 1111/1111 1122/1122
f 1121/1121 1123/1123 1118/1118
f 1122/1122 1123/1123 1121/1121
f 1124/1124 1123/1123 1122/1122
f 1125/1125 1126/1126 1112/1112
f 1122/1122 1111/1111 1112/1112
f 1112/1112 1126/1126 1122/1122
f 1124/1124 1122/1122 1126/1126
f 1124/1124 1126/1126 1125/1125
f 1125/1125 1127/1127 1124/1124
f 1123/1123 1120/1120 1118/1118
f 1124/1124 1128/1128 1123/1123
f 1128/1128 1120/1120 1123/1123
f 1124/1124 1129/1129 1128/1128
f 1127/1127 1129/1129 1124/1124
f 1056/1056 1117/1117 1119/1119
f 1056/1056 1059/1059 1057/1057
f 1119/1119 1059/1059 1056/1056
f 1129/1129 1127/1127 1130/1130
f 1131/1131 1132/1132 1130/1130
f 1133/1133 1120/1120 1128/1128
f 1133/1133 1128/1128 1129/1129
f 1134/1134 1133/1133 1129/1129
f 1135/1135 1134/1134 1129/1129
f 1136/1136 1134/1134 1135/1135
f 1130/1130 1135/1135 1129/1129
f 1132/1132 1135/1135 1130/1130
f 1077/1077 1087/1087 1074/1074
f 1115/1115 1074/1074 1087/1087
f 1087/1087 1088/1088 1137/1137
f 1137/1137 1088/1088 1138/1138
f 1138/1138 1088/1088 1139/1139
f 1115/1115 1125/1125 1116/1116
f 1125/1125 1115/1115 1137/1137
f 1138/1138 1125/1125 1137/1137
f 1137/1137 1115/1115 1087/1087
f 1139/1139 1088/1088 1091/1091
f 1140/1140 1139/1139 1092/1092
f 1139/1139 1091/1091 1092/1092
f 1131/1131 1138/1138 1139/1139
f 1112/1112 1116/1116 1125/1125
f 1127/1127 1125/1125 1138/1138
f 1127/1127 1138/1138 1130/1130
f 1131/1131 1130/1130 1138/1138
f 1059/1059 1141/1141 1058/1058
f 1059/1059 1119/1119 1142/1142
f 1141/1141 1059/1059 1142/1142
f 1142/1142 1119/1119 1120/1120
f 1142/1142 1120/1120 1133/1133
f 1134/1134 1142/1142 1133/1133
f 1142/1142 1143/1143 1141/1141
f 1144/1144 1143/1143 1142/1142
f 1144/1144 1142/1142 1134/1134
f 1145/1145 1146/1146 1042/1042
f 854/854 940/940 852/852
f 1147/1147 941/941 940/940
f 1147/1147 940/940 854/854
f 1148/1148 854/854 1037/1037
f 1149/1149 1148/1148 1037/1037
f 1149/1149 1150/1150 1148/1148
f 1148/1148 1147/1147 854/854
f 1150/1150 1147/1147 1148/1148
f 1151/1151 1147/1147 1150/1150
f 1147/1147 1151/1151 941/941
f 1150/1150 1149/1149 1152/1152
f 1151/1151 1150/1150 1152/1152
f 1153/1153 1151/1151 1152/1152
f 1154/1154 1153/1153 1152/1152
f 1155/1155 946/946 941/941
f 1155/1155 941/941 1151/1151
f 949/949 946/946 1155/1155
f 1155/1155 1156/1156 949/949
f 1037/1037 1041/1041 1149/1149
f 1042/1042 1149/1149 1041/1041
f 1146/1146 1149/1149 1042/1042
f 1157/1157 1152/1152 1149/1149
f 1146/1146 1157/1157 1149/1149
f 1157/1157 1154/1154 1152/1152
f 1145/1145 1157/1157 1146/1146
f 1158/1158 1145/1145 1159/1159
f 1145/1145 1160/1160 1159/1159
f 1161/1161 1159/1159 1160/1160
f 1151/1151 1153/1153 1155/1155
f 1155/1155 1153/1153 1156/1156
f 1156/1156 1153/1153 1162/1162
f 1163/1163 1156/1156 1162/1162
f 1162/1162 1164/1164 1163/1163
f 1165/1165 1164/1164 1162/1162
f 950/950 949/949 1166/1166
f 1167/1167 1166/1166 949/949
f 1156/1156 1163/1163 949/949
f 949/949 1163/1163 1167/1167
f 1164/1164 1167/1167 1163/1163
f 1167/1167 1164/1164 1168/1168
f 1167/1167 1169/1169 1166/1166
f 1167/1167 1168/1168 1169/1169
f 1170/1170 1164/1164 1165/1165
f 1171/1171 1172/1172 1170/1170
f 1164/1164 1170/1170 1172/1172
f 1164/1164 1172/1172 1168/1168
f 1173/1173 1169/1169 1168/1168
f 1172/1172 1173/1173 1168/1168
f 1174/1174 1173/1173 1172/1172
f 1154/1154 1157/1157 1158/1158
f 1153/1153 1154/1154 1162/1162
f 1158/1158 1162/1162 1154/1154
f 1175/1175 1162/1162 1158/1158
f 1162/1162 1175/1175 1165/1165
f 1158/1158 1159/1159 1175/1175
f 1158/1158 1157/1157 1145/1145
f 1165/1165 1171/1171 1170/1170
f 1165/1165 1175/1175 1176/1176
f 1177/1177 1176/1176 1175/1175
f 1176/1176 1171/1171 1165/1165
f 1161/1161 1177/1177 1175/1175
f 1161/1161 1175/1175 1159/1159
f 1178/1178 1172/1172 1171/1171
f 1172/1172 1178/1178 1174/1174
f 1174/1174 1179/1179 1173/1173
f 1174/1174 1180/1180 1179/1179
f 1181/1181 1182/1182 1042/1042
f 1042/1042 1183/1183 1181/1181
f 1184/1184 1181/1181 1183/1183
f 1183/1183 1042/1042 1039/1039
f 1183/1183 1039/1039 1050/1050
f 1185/1185 1183/1183 1050/1050
f 1185/1185 1186/1186 1183/1183
f 1050/1050 1054/1054 1185/1185
f 1185/1185 1054/1054 1186/1186
f 1184/1184 1183/1183 1186/1186
f 1187/1187 1186/1186 1054/1054
f 1187/1187 1188/1188 1186/1186
f 1189/1189 1145/1145 1042/1042
f 1182/1182 1189/1189 1042/1042
f 1145/1145 1189/1189 1160/1160
f 1181/1181 1184/1184 1182/1182
f 1190/1190 1182/1182 1184/1184
f 1188/1188 1190/1190 1184/1184
f 1186/1186 1188/1188 1184/1184
f 1188/1188 1191/1191 1190/1190
f 1192/1192 1190/1190 1191/1191
f 1193/1193 1182/1182 1190/1190
f 1182/1182 1194/1194 1189/1189
f 1194/1194 1182/1182 1193/1193
f 1190/1190 1192/1192 1193/1193
f 1193/1193 1195/1195 1194/1194
f 1196/1196 915/915 954/954
f 1197/1197 954/954 914/914
f 1197/1197 914/914 953/953
f 956/956 1197/1197 953/953
f 950/950 955/955 948/948
f 1166/1166 1198/1198 950/950
f 950/950 1198/1198 955/955
f 955/955 1198/1198 956/956
f 1198/1198 1199/1199 956/956
f 1197/1197 956/956 1199/1199
f 1199/1199 954/954 1197/1197
f 954/954 1199/1199 1200/1200
f 954/954 1200/1200 1196/1196
f 1201/1201 1196/1196 1200/1200
f 1202/1202 1196/1196 1201/1201
f 1196/1196 1081/1081 915/915
f 1081/1081 1196/1196 1202/1202
f 1089/1089 1082/1082 1081/1081
f 1202/1202 1089/1089 1081/1081
f 1203/1203 1199/1199 1198/1198
f 1166/1166 1203/1203 1198/1198
f 1200/1200 1199/1199 1203/1203
f 1166/1166 1169/1169 1203/1203
f 1169/1169 1173/1173 1203/1203
f 1179/1179 1203/1203 1173/1173
f 1204/1204 1202/1202 1201/1201
f 1179/1179 1200/1200 1203/1203
f 1179/1179 1205/1205 1200/1200
f 1201/1201 1200/1200 1205/1205
f 1206/1206 1201/1201 1205/1205
f 1207/1207 1089/1089 1202/1202
f 1132/1132 1131/1131 1208/1208
f 1208/1208 1131/1131 1209/1209
f 1208/1208 1209/1209 1210/1210
f 1134/1134 1136/1136 1144/1144
f 1144/1144 1136/1136 1211/1211
f 1136/1136 1135/1135 1132/1132
f 1136/1136 1132/1132 1208/1208
f 1210/1210 1136/1136 1208/1208
f 1211/1211 1136/1136 1210/1210
f 1212/1212 1210/1210 1214/1214
f 1215/1215 1212/1212 1214/1214
f 1216/1216 1093/1093 1089/1089
f 1092/1092 1217/1217 1140/1140
f 1131/1131 1139/1139 1140/1140
f 1209/1209 1140/1140 1217/1217
f 1217/1217 1092/1092 1214/1214
f 1216/1216 1213/1213 1093/1093
f 1216/1216 1089/1089 1207/1207
f 1131/1131 1140/1140 1209/1209
f 1210/1210 1209/1209 1217/1217
f 1210/1210 1217/1217 1214/1214
f 1207/1207 1202/1202 1218/1218
f 1207/1207 1218/1218 1216/1216
f 1219/1219 1220/1220 1206/1206
f 1206/1206 1204/1204 1201/1201
f 1218/1218 1202/1202 1204/1204
f 1220/1220 1204/1204 1206/1206
f 1218/1218 1204/1204 1220/1220
f 1221/1221 1216/1216 1218/1218
f 1213/1213 1216/1216 1221/1221
f 1221/1221 1218/1218 1222/1222
f 1222/1222 1218/1218 1220/1220
f 1222/1222 1220/1220 1223/1223
f 1222/1222 1224/1224 1221/1221
f 1224/1224 1222/1222 1225/1225
f 1171/1171 1176/1176 1226/1226
f 1171/1171 1226/1226 1178/1178
f 1177/1177 1226/1226 1176/1176
f 1227/1227 1226/1226 1177/1177
f 1226/1226 1228/1228 1178/1178
f 1174/1174 1178/1178 1180/1180
f 1228/1228 1180/1180 1178/1178
f 1229/1229 1180/1180 1228/1228
f 1179/1179 1180/1180 1229/1229
f 1230/1230 1161/1161 1160/1160
f 1230/1230 1177/1177 1161/1161
f 1231/1231 1160/1160 1189/1189
f 1194/1194 1231/1231 1189/1189
f 1160/1160 1231/1231 1230/1230
f 1232/1232 1177/1177 1230/1230
f 1233/1233 1227/1227 1177/1177
f 1233/1233 1177/1177 1232/1232
f 1230/1230 1231/1231 1232/1232
f 1234/1234 1227/1227 1233/1233
f 1235/1235 1231/1231 1194/1194
f 1236/1236 1195/1195 1237/1237
f 1237/1237 1195/1195 1193/1193
f 1238/1238 1194/1194 1195/1195
f 1238/1238 1235/1235 1194/1194
f 1239/1239 1240/1240 1241/1241
f 1239/1239 1241/1241 1235/1235
f 1232/1232 1231/1231 1241/1241
f 1240/1240 1242/1242 1232/1232
f 1242/1242 1233/1233 1232/1232
f 1241/1241 1240/1240 1232/1232
f 1235/1235 1241/1241 1231/1231
f 1226/1226 1227/1227 1243/1243
f 1226/1226 1243/1243 1244/1244
f 1226/1226 1244/1244 1228/1228
f 1234/1234 1244/1244 1243/1243
f 1234/1234 1243/1243 1227/1227
f 1228/1228 1244/1244 1245/1245
f 1228/1228 1245/1245 1229/1229
f 1179/1179 1246/1246 1247/1247
f 1179/1179 1229/1229 1246/1246
f 1248/1248 1246/1246 1229/1229
f 1249/1249 1246/1246 1248/1248
f 1233/1233 1242/1242 1250/1250
f 1234/1234 1233/1233 1250/1250
f 1251/1251 1252/1252 1250/1250
f 1239/1239 1253/1253 1240/1240
f 1254/1254 1253/1253 1239/1239
f 1255/1255 1254/1254 1239/1239
f 1254/1254 1255/1255 1256/1256
f 1242/1242 1257/1257 1250/1250
f 1240/1240 1253/1253 1242/1242
f 1242/1242 1253/1253 1257/1257
f 1258/1258 1251/1251 1257/1257
f 1257/1257 1253/1253 1258/1258
f 1257/1257 1251/1251 1250/1250
f 1252/1252 1251/1251 1259/1259
f 1258/1258 1260/1260 1251/1251
f 1251/1251 1260/1260 1259/1259
f 1261/1261 1244/1244 1234/1234
f 1234/1234 1250/1250 1261/1261
f 1244/1244 1262/1262 1245/1245
f 1244/1244 1261/1261 1262/1262
f 1250/1250 1252/1252 1261/1261
f 1263/1263 1261/1261 1252/1252
f 1262/1262 1261/1261 1263/1263
f 1248/1248 1229/1229 1262/1262
f 1264/1264 1248/1248 1262/1262
f 1262/1262 1229/1229 1245/1245
f 1249/1249 1248/1248 1264/1264
f 1264/1264 1262/1262 1265/1265
f 1249/1249 1266/1266 1267/1267
f 1249/1249 1264/1264 1268/1268
f 1266/1266 1249/1249 1268/1268
f 1269/1269 1268/1268 1264/1264
f 1266/1266 1268/1268 1269/1269
f 1252/1252 1259/1259 1263/1263
f 1262/1262 1263/1263 1265/1265
f 1270/1270 1263/1263 1259/1259
f 1270/1270 1265/1265 1263/1263
f 1264/1264 1265/1265 1269/1269
f 1266/1266 1269/1269 1271/1271
f 1272/1272 1269/1269 1265/1265
f 1271/1271 1269/1269 1272/1272
f 1247/1247 1205/1205 1179/1179
f 1206/1206 1205/1205 1247/1247
f 1273/1273 1219/1219 1206/1206
f 1247/1247 1273/1273 1206/1206
f 1273/1273 1223/1223 1219/1219
f 1273/1273 1274/1274 1223/1223
f 1273/1273 1247/1247 1274/1274
f 1249/1249 1247/1247 1246/1246
f 1274/1274 1247/1247 1249/1249
f 1223/1223 1220/1220 1219/1219
f 1275/1275 1223/1223 1274/1274
f 1222/1222 1223/1223 1275/1275
f 1222/1222 1275/1275 1225/1225
f 1274/1274 1249/1249 1276/1276
f 1275/1275 1274/1274 1276/1276
f 1276/1276 1249/1249 1277/1277
f 1278/1278 1275/1275 1277/1277
f 1276/1276 1277/1277 1275/1275
f 1277/1277 1249/1249 1267/1267
f 1279/1279 1277/1277 1267/1267
f 1280/1280 1054/1054 1055/1055
f 1055/1055 1058/1058 1280/1280
f 1281/1281 1054/1054 1280/1280
f 1282/1282 1280/1280 1058/1058
f 1280/1280 1283/1283 1281/1281
f 1282/1282 1058/1058 1284/1284
f 1280/1280 1282/1282 1283/1283
f 1187/1187 1054/1054 1281/1281
f 1285/1285 1187/1187 1281/1281
f 1286/1286 1283/1283 1282/1282
f 1286/1286 1282/1282 1287/1287
f 1287/1287 1288/1288 1286/1286
f 1192/1192 1191/1191 1289/1289
f 1237/1237 1192/1192 1289/1289
f 1237/1237 1193/1193 1192/1192
f 1290/1290 1237/1237 1289/1289
f 1290/1290 1291/1291 1237/1237
f 1290/1290 1292/1292 1291/1291
f 1292/1292 1290/1290 1293/1293
f 1294/1294 1292/1292 1293/1293
f 1295/1295 1188/1188 1187/1187
f 1191/1191 1188/1188 1295/1295
f 1289/1289 1191/1191 1295/1295
f 1285/1285 1295/1295 1187/1187
f 1296/1296 1295/1295 1285/1285
f 1290/1290 1289/1289 1295/1295
f 1296/1296 1290/1290 1295/1295
f 1297/1297 1285/1285 1281/1281
f 1297/1297 1296/1296 1285/1285
f 1283/1283 1298/1298 1281/1281
f 1298/1298 1283/1283 1286/1286
f 1281/1281 1298/1298 1297/1297
f 1299/1299 1286/1286 1300/1300
f 1286/1286 1299/1299 1298/1298
f 1301/1301 1299/1299 1300/1300
f 1293/1293 1290/1290 1296/1296
f 1302/1302 1296/1296 1297/1297
f 1302/1302 1297/1297 1298/1298
f 1303/1303 1302/1302 1298/1298
f 1296/1296 1302/1302 1293/1293
f 1299/1299 1303/1303 1298/1298
f 1299/1299 1304/1304 1303/1303
f 1305/1305 1301/1301 1306/1306
f 1304/1304 1299/1299 1301/1301
f 1304/1304 1301/1301 1305/1305
f 1141/1141 1284/1284 1058/1058
f 1307/1307 1143/1143 1144/1144
f 1284/1284 1141/1141 1308/1308
f 1284/1284 1308/1308 1282/1282
f 1308/1308 1141/1141 1143/1143
f 1143/1143 1307/1307 1308/1308
f 1211/1211 1309/1309 1144/1144
f 1307/1307 1144/1144 1309/1309
f 1310/1310 1210/1210 1212/1212
f 1211/1211 1210/1210 1310/1310
f 1310/1310 1309/1309 1211/1211
f 1287/1287 1282/1282 1308/1308
f 1308/1308 1311/1311 1287/1287
f 1311/1311 1308/1308 1307/1307
f 1288/1288 1287/1287 1311/1311
f 1309/1309 1312/1312 1311/1311
f 1311/1311 1307/1307 1309/1309
f 1311/1311 1313/1313 1288/1288
f 1312/1312 1313/1313 1311/1311
f 1314/1314 1313/1313 1312/1312
f 1312/1312 1310/1310 1215/1215
f 1215/1215 1310/1310 1212/1212
f 1215/1215 1314/1314 1312/1312
f 1315/1315 1314/1314 1215/1215
f 1309/1309 1310/1310 1312/1312
f 1300/1300 1286/1286 1288/1288
f 1306/1306 1288/1288 1313/1313
f 1288/1288 1306/1306 1300/1300
f 1313/1313 1314/1314 1316/1316
f 1314/1314 1315/1315 1316/1316
f 1318/1318 1213/1213 1221/1221
f 1317/1317 1315/1315 1214/1214
f 1315/1315 1215/1215 1214/1214
f 1318/1318 1221/1221 1319/1319
f 1221/1221 1224/1224 1225/1225
f 1319/1319 1221/1221 1225/1225
f 1313/1313 1316/1316 1306/1306
f 1320/1320 1306/1306 1316/1316
f 1316/1316 1315/1315 1320/1320
f 1306/1306 1301/1301 1300/1300
f 1321/1321 1315/1315 1317/1317
f 1320/1320 1315/1315 1321/1321
f 1320/1320 1305/1305 1306/1306
f 1237/1237 1291/1291 1236/1236
f 1236/1236 1238/1238 1195/1195
f 1292/1292 1236/1236 1291/1291
f 1322/1322 1236/1236 1292/1292
f 1292/1292 1323/1323 1322/1322
f 1322/1322 1238/1238 1236/1236
f 1239/1239 1238/1238 1324/1324
f 1255/1255 1239/1239 1325/1325
f 1325/1325 1239/1239 1324/1324
f 1239/1239 1235/1235 1238/1238
f 1322/1322 1324/1324 1238/1238
f 1322/1322 1326/1326 1324/1324
f 1327/1327 1324/1324 1326/1326
f 1327/1327 1325/1325 1324/1324
f 1323/1323 1292/1292 1294/1294
f 1294/1294 1322/1322 1323/1323
f 1293/1293 1328/1328 1294/1294
f 1329/1329 1328/1328 1293/1293
f 1322/1322 1294/1294 1326/1326
f 1330/1330 1327/1327 1326/1326
f 1330/1330 1326/1326 1294/1294
f 1331/1331 1255/1255 1325/1325
f 1331/1331 1256/1256 1255/1255
f 1256/1256 1332/1332 1254/1254
f 1332/1332 1253/1253 1254/1254
f 1332/1332 1258/1258 1253/1253
f 1331/1331 1333/1333 1256/1256
f 1333/1333 1332/1332 1256/1256
f 1334/1334 1331/1331 1325/1325
f 1334/1334 1325/1325 1327/1327
f 1335/1335 1334/1334 1327/1327
f 1266/1266 1336/1336 1267/1267
f 1336/1336 1266/1266 1271/1271
f 1267/1267 1336/1336 1279/1279
f 1336/1336 1271/1271 1272/1272
f 1337/1337 1336/1336 1272/1272
f 1338/1338 1339/1339 1340/1340
f 1337/1337 1341/1341 1336/1336
f 1339/1339 1336/1336 1341/1341
f 1329/1329 1342/1342 1328/1328
f 1343/1343 1342/1342 1329/1329
f 1294/1294 1328/1328 1342/1342
f 1330/1330 1294/1294 1342/1342
f 1343/1343 1344/1344 1342/1342
f 1344/1344 1330/1330 1342/1342
f 1330/1330 1335/1335 1327/1327
f 1330/1330 1344/1344 1345/1345
f 1345/1345 1344/1344 1346/1346
f 1346/1346 1347/1347 1345/1345
f 1329/1329 1293/1293 1302/1302
f 1348/1348 1302/1302 1303/1303
f 1348/1348 1303/1303 1349/1349
f 1302/1302 1348/1348 1329/1329
f 1343/1343 1329/1329 1348/1348
f 1349/1349 1303/1303 1304/1304
f 1305/1305 1350/1350 1304/1304
f 1320/1320 1350/1350 1305/1305
f 1349/1349 1304/1304 1350/1350
f 1346/1346 1344/1344 1343/1343
f 1348/1348 1346/1346 1343/1343
f 1349/1349 1346/1346 1348/1348
f 1349/1349 1351/1351 1346/1346
f 1349/1349 1352/1352 1351/1351
f 1353/1353 1350/1350 1320/1320
f 1352/1352 1349/1349 1350/1350
f 1353/1353 1352/1352 1350/1350
f 1346/1346 1351/1351 1354/1354
f 1352/1352 1355/1355 1351/1351
f 1345/1345 1335/1335 1330/1330
f 1356/1356 1334/1334 1335/1335
f 1357/1357 1356/1356 1335/1335
f 1358/1358 1335/1335 1345/1345
f 1347/1347 1358/1358 1345/1345
f 1358/1358 1357/1357 1335/1335
f 1347/1347 1359/1359 1358/1358
f 1359/1359 1347/1347 1354/1354
f 1360/1360 1352/1352 1353/1353
f 1361/1361 1363/1363 1364/1364
f 1353/1353 1362/1362 1365/1365
f 1366/1366 1361/1361 1364/1364
f 1340/1340 1339/1339 1341/1341
f 1367/1367 1340/1340 1341/1341
f 1340/1340 1367/1367 1363/1363
f 1364/1364 1363/1363 1367/1367
f 1355/1355 1354/1354 1351/1351
f 1346/1346 1354/1354 1347/1347
f 1360/1360 1355/1355 1352/1352
f 1360/1360 1368/1368 1355/1355
f 1365/1365 1360/1360 1353/1353
f 1368/1368 1354/1354 1355/1355
f 1368/1368 1360/1360 1365/1365
f 1225/1225 1275/1275 1278/1278
f 1369/1369 1319/1319 1225/1225
f 1370/1370 1278/1278 1277/1277
f 1370/1370 1277/1277 1279/1279
f 1369/1369 1225/1225 1278/1278
f 1278/1278 1370/1370 1369/1369
f 1372/1372 1318/1318 1319/1319
f 1317/1317 1371/1371 1321/1321
f 1369/1369 1372/1372 1319/1319
f 1321/1321 1371/1371 1374/1374
f 1375/1375 1372/1372 1369/1369
f 1369/1369 1370/1370 1376/1376
f 1369/1369 1377/1377 1375/1375
f 1377/1377 1369/1369 1376/1376
f 1373/1373 1372/1372 1375/1375
f 1374/1374 1320/1320 1321/1321
f 1375/1375 1377/1377 1363/1363
f 1279/1279 1376/1376 1370/1370
f 1339/1339 1376/1376 1279/1279
f 1336/1336 1339/1339 1279/1279
f 1338/1338 1376/1376 1339/1339
f 1377/1377 1376/1376 1338/1338
f 1338/1338 1363/1363 1377/1377
f 1374/1374 1353/1353 1320/1320
f 1374/1374 1362/1362 1353/1353
f 1375/1375 1363/1363 1373/1373
f 1361/1361 1373/1373 1363/1363
f 1340/1340 1363/1363 1338/1338
f 32/32 44/44 39/39
f 201/201 499/499 194/194
f 229/229 195/195 196/196
f 196/196 230/230 229/229
f 273/273 280/280 163/163
f 288/288 287/287 281/281
f 288/288 564/564 287/287
f 564/564 288/288 289/289
f 289/289 329/329 564/564
f 326/326 289/289 286/286
f 329/329 289/289 326/326
f 564/564 329/329 613/613
f 335/335 330/330 334/334
f 334/334 328/328 333/333
f 334/334 333/333 701/701
f 457/457 44/44 32/32
f 163/163 32/32 51/51
f 458/458 32/32 163/163
f 458/458 457/457 32/32
f 458/458 163/163 280/280
f 457/457 456/456 44/44
f 497/497 499/499 201/201
f 497/497 201/201 200/200
f 501/501 217/217 218/218
f 196/196 194/194 230/230
f 518/518 462/462 476/476
f 501/501 218/218 521/521
f 521/521 218/218 522/522
f 268/268 522/522 218/218
f 523/523 515/515 514/514
f 523/523 524/524 515/515
f 356/356 527/527 523/523
f 272/272 528/528 527/527
f 458/458 280/280 459/459
f 280/280 556/556 459/459
f 287/287 556/556 280/280
f 483/483 567/567 518/518
f 567/567 519/519 518/518
f 248/248 306/306 267/267
f 272/272 307/307 528/528
f 704/704 705/705 1378/1378
f 1378/1378 706/706 704/704
f 692/692 1378/1378 705/705
f 1378/1378 708/708 706/706
f 1378/1378 710/710 708/708
f 700/700 692/692 697/697
f 700/700 1378/1378 692/692
f 710/710 1378/1378 700/700
f 1379/1379 1380/1380 1381/1381
f 1379/1379 1382/1382 1380/1380
f 1383/1383 1384/1384 1382/1382
f 1383/1383 1385/1385 1384/1384
f 1356/1356 1379/1379 1381/1381
f 1379/1379 1356/1356 1386/1386
f 1379/1379 1386/1386 1387/1387
f 1357/1357 1386/1386 1356/1356
f 1387/1387 1386/1386 1388/1388
f 1387/1387 1389/1389 1379/1379
f 1357/1357 1388/1388 1386/1386
f 1385/1385 1383/1383 1390/1390
f 1379/1379 1389/1389 1382/1382
f 1382/1382 1389/1389 1391/1391
f 1391/1391 1383/1383 1382/1382
f 1392/1392 1391/1391 1389/1389
f 1387/1387 1392/1392 1389/1389
f 1391/1391 1393/1393 1383/1383
f 1391/1391 1392/1392 1394/1394
f 1393/1393 1390/1390 1383/1383
f 1391/1391 1394/1394 1393/1393
f 1395/1395 1396/1396 1397/1397
f 1398/1398 1396/1396 1395/1395
f 1399/1399 1397/1397 1390/1390
f 1397/1397 1399/1399 1395/1395
f 1400/1400 1401/1401 1402/1402
f 1402/1402 1401/1401 1403/1403
f 1404/1404 1405/1405 1401/1401
f 1406/1406 1404/1404 1407/1407
f 1407/1407 1408/1408 1409/1409
f 1409/1409 1408/1408 1410/1410
f 1411/1411 1409/1409 1410/1410
f 1411/1411 1410/1410 1412/1412
f 1403/1403 1401/1401 1405/1405
f 1403/1403 1405/1405 1406/1406
f 1406/1406 1407/1407 1409/1409
f 1405/1405 1404/1404 1406/1406
f 1403/1403 1406/1406 1413/1413
f 1413/1413 1414/1414 1415/1415
f 1415/1415 1403/1403 1413/1413
f 1406/1406 1409/1409 1411/1411
f 1413/1413 1406/1406 1411/1411
f 1416/1416 1413/1413 1411/1411
f 1413/1413 1416/1416 1417/1417
f 1418/1418 1411/1411 1412/1412
f 1411/1411 1418/1418 1416/1416
f 1417/1417 1419/1419 1413/1413
f 1416/1416 1419/1419 1417/1417
f 1414/1414 1413/1413 1419/1419
f 1416/1416 1420/1420 1419/1419
f 1416/1416 1418/1418 1420/1420
f 1421/1421 1420/1420 1418/1418
f 1422/1422 1412/1412 1423/1423
f 1422/1422 1423/1423 1424/1424
f 1412/1412 1422/1422 1418/1418
f 1418/1418 1425/1425 1421/1421
f 1425/1425 1418/1418 1422/1422
f 1422/1422 1426/1426 1425/1425
f 1424/1424 1426/1426 1422/1422
f 1427/1427 1426/1426 1424/1424
f 1427/1427 1428/1428 1429/1429
f 1427/1427 1424/1424 1428/1428
f 1430/1430 1431/1431 1429/1429
f 1427/1427 1429/1429 1431/1431
f 1430/1430 1432/1432 1431/1431
f 1431/1431 1432/1432 1433/1433
f 1404/1404 1401/1401 1434/1434
f 1435/1435 1434/1434 1436/1436
f 1437/1437 1435/1435 1438/1438
f 1436/1436 1438/1438 1435/1435
f 1439/1439 1440/1440 1441/1441
f 1442/1442 1441/1441 1440/1440
f 1440/1440 1443/1443 1442/1442
f 1400/1400 1439/1439 1441/1441
f 1444/1444 1445/1445 1400/1400
f 1400/1400 1445/1445 1439/1439
f 1440/1440 1446/1446 1447/1447
f 1448/1448 1439/1439 1445/1445
f 1446/1446 1439/1439 1448/1448
f 1440/1440 1439/1439 1446/1446
f 1441/1441 1436/1436 1400/1400
f 1436/1436 1441/1441 1449/1449
f 1401/1401 1436/1436 1434/1434
f 1400/1400 1436/1436 1401/1401
f 1449/1449 1441/1441 1442/1442
f 1436/1436 1449/1449 1438/1438
f 1442/1442 1438/1438 1449/1449
f 1444/1444 1400/1400 1402/1402
f 1447/1447 1443/1443 1440/1440
f 1443/1443 1450/1450 1442/1442
f 1451/1451 1442/1442 1450/1450
f 1452/1452 1443/1443 1453/1453
f 1447/1447 1453/1453 1443/1443
f 1442/1442 1451/1451 1454/1454
f 1438/1438 1442/1442 1454/1454
f 1454/1454 1451/1451 1455/1455
f 1456/1456 1457/1457 1458/1458
f 1456/1456 1459/1459 1457/1457
f 1453/1453 1458/1458 1452/1452
f 1460/1460 1456/1456 1458/1458
f 1453/1453 1460/1460 1458/1458
f 1459/1459 1456/1456 1461/1461
f 1462/1462 1461/1461 1456/1456
f 1460/1460 1462/1462 1456/1456
f 1463/1463 1464/1464 1465/1465
f 1466/1466 1463/1463 1465/1465
f 1463/1463 1467/1467 1464/1464
f 1468/1468 1467/1467 1463/1463
f 1469/1469 1463/1463 1470/1470
f 1471/1471 1468/1468 1472/1472
f 1473/1473 1468/1468 1471/1471
f 1474/1474 1475/1475 1476/1476
f 1475/1475 1474/1474 1477/1477
f 1476/1476 1478/1478 1474/1474
f 1463/1463 1469/1469 1472/1472
f 1472/1472 1469/1469 1470/1470
f 1472/1472 1470/1470 1479/1479
f 1472/1472 1468/1468 1463/1463
f 1471/1471 1472/1472 1480/1480
f 1479/1479 1481/1481 1480/1480
f 1479/1479 1480/1480 1472/1472
f 1482/1482 1477/1477 1478/1478
f 1478/1478 1483/1483 1482/1482
f 1484/1484 1482/1482 1485/1485
f 1484/1484 1485/1485 1486/1486
f 1483/1483 1487/1487 1482/1482
f 1487/1487 1488/1488 1482/1482
f 1485/1485 1488/1488 1486/1486
f 1489/1489 1487/1487 1483/1483
f 1488/1488 1487/1487 1486/1486
f 1490/1490 1486/1486 1487/1487
f 1491/1491 1487/1487 1489/1489
f 1487/1487 1491/1491 1490/1490
f 1492/1492 1486/1486 1490/1490
f 1404/1404 1434/1434 1493/1493
f 1493/1493 1434/1434 1437/1437
f 1493/1493 1407/1407 1404/1404
f 1407/1407 1493/1493 1408/1408
f 1493/1493 1465/1465 1408/1408
f 1465/1465 1494/1494 1408/1408
f 1464/1464 1494/1494 1465/1465
f 1410/1410 1408/1408 1494/1494
f 1410/1410 1494/1494 1412/1412
f 1495/1495 1496/1496 1497/1497
f 1497/1497 1498/1498 1495/1495
f 1476/1476 1497/1497 1499/1499
f 1498/1498 1497/1497 1476/1476
f 1464/1464 1423/1423 1494/1494
f 1494/1494 1423/1423 1412/1412
f 1423/1423 1464/1464 1467/1467
f 1467/1467 1500/1500 1423/1423
f 1423/1423 1500/1500 1501/1501
f 1467/1467 1468/1468 1500/1500
f 1468/1468 1502/1502 1500/1500
f 1502/1502 1468/1468 1473/1473
f 1503/1503 1473/1473 1471/1471
f 1504/1504 1501/1501 1500/1500
f 1504/1504 1500/1500 1502/1502
f 1424/1424 1423/1423 1501/1501
f 1505/1505 1501/1501 1504/1504
f 1424/1424 1501/1501 1428/1428
f 1428/1428 1501/1501 1505/1505
f 1476/1476 1499/1499 1478/1478
f 1459/1459 1506/1506 1507/1507
f 1506/1506 1459/1459 1461/1461
f 1497/1497 1496/1496 1508/1508
f 1506/1506 1508/1508 1496/1496
f 1478/1478 1499/1499 1497/1497
f 1497/1497 1508/1508 1478/1478
f 1507/1507 1506/1506 1496/1496
f 1508/1508 1506/1506 1509/1509
f 1506/1506 1510/1510 1509/1509
f 1506/1506 1511/1511 1510/1510
f 1512/1512 1461/1461 1462/1462
f 1461/1461 1512/1512 1506/1506
f 1511/1511 1506/1506 1512/1512
f 1478/1478 1508/1508 1483/1483
f 1483/1483 1508/1508 1513/1513
f 1508/1508 1509/1509 1513/1513
f 1513/1513 1514/1514 1483/1483
f 1513/1513 1515/1515 1514/1514
f 1510/1510 1513/1513 1509/1509
f 1513/1513 1510/1510 1515/1515
f 1489/1489 1483/1483 1514/1514
f 1516/1516 1489/1489 1514/1514
f 1489/1489 1517/1517 1491/1491
f 1491/1491 1517/1517 1490/1490
f 1516/1516 1517/1517 1489/1489
f 1480/1480 1503/1503 1471/1471
f 1518/1518 1503/1503 1480/1480
f 1480/1480 1481/1481 1519/1519
f 1518/1518 1480/1480 1519/1519
f 1520/1520 1518/1518 1519/1519
f 1481/1481 1484/1484 1521/1521
f 1484/1484 1486/1486 1521/1521
f 1521/1521 1519/1519 1481/1481
f 1521/1521 1520/1520 1519/1519
f 1521/1521 1522/1522 1520/1520
f 1523/1523 1518/1518 1520/1520
f 1521/1521 1486/1486 1524/1524
f 1521/1521 1524/1524 1522/1522
f 1525/1525 1520/1520 1522/1522
f 1520/1520 1526/1526 1523/1523
f 1526/1526 1520/1520 1525/1525
f 1525/1525 1522/1522 1527/1527
f 1525/1525 1528/1528 1526/1526
f 1486/1486 1492/1492 1524/1524
f 1529/1529 1522/1522 1524/1524
f 1522/1522 1529/1529 1527/1527
f 1530/1530 1529/1529 1524/1524
f 1492/1492 1530/1530 1524/1524
f 1530/1530 1527/1527 1529/1529
f 1525/1525 1527/1527 1528/1528
f 1531/1531 1528/1528 1527/1527
f 1532/1532 1527/1527 1530/1530
f 1532/1532 1531/1531 1527/1527
f 1502/1502 1473/1473 1503/1503
f 1502/1502 1503/1503 1505/1505
f 1505/1505 1503/1503 1432/1432
f 1505/1505 1504/1504 1502/1502
f 1533/1533 1503/1503 1518/1518
f 1432/1432 1503/1503 1533/1533
f 1533/1533 1518/1518 1523/1523
f 1534/1534 1533/1533 1535/1535
f 1432/1432 1533/1533 1534/1534
f 1535/1535 1533/1533 1523/1523
f 1535/1535 1523/1523 1536/1536
f 1430/1430 1505/1505 1432/1432
f 1430/1430 1428/1428 1505/1505
f 1429/1429 1428/1428 1430/1430
f 1537/1537 1433/1433 1432/1432
f 1538/1538 1433/1433 1537/1537
f 1538/1538 1537/1537 1539/1539
f 1537/1537 1432/1432 1539/1539
f 1539/1539 1432/1432 1534/1534
f 1535/1535 1540/1540 1534/1534
f 1540/1540 1539/1539 1534/1534
f 1535/1535 1536/1536 1540/1540
f 1536/1536 1523/1523 1526/1526
f 1536/1536 1526/1526 1541/1541
f 1541/1541 1526/1526 1542/1542
f 1543/1543 1492/1492 1490/1490
f 1490/1490 1517/1517 1543/1543
f 1526/1526 1528/1528 1544/1544
f 1544/1544 1528/1528 1531/1531
f 1544/1544 1542/1542 1526/1526
f 1542/1542 1544/1544 1545/1545
f 1531/1531 1546/1546 1544/1544
f 1545/1545 1544/1544 1546/1546
f 1541/1541 1542/1542 1547/1547
f 1542/1542 1545/1545 1547/1547
f 1548/1548 1547/1547 1545/1545
f 1548/1548 1545/1545 1549/1549
f 1547/1547 1550/1550 1541/1541
f 1551/1551 1541/1541 1550/1550
f 1550/1550 1554/1554 1551/1551
f 1550/1550 1547/1547 1548/1548
f 1550/1550 1548/1548 1554/1554
f 1555/1555 1510/1510 1511/1511
f 1555/1555 1556/1556 1510/1510
f 1556/1556 1557/1557 1558/1558
f 1512/1512 1559/1559 1511/1511
f 1512/1512 1462/1462 1560/1560
f 1556/1556 1555/1555 1561/1561
f 1511/1511 1561/1561 1555/1555
f 1559/1559 1561/1561 1511/1511
f 1562/1562 1563/1563 1559/1559
f 1561/1561 1559/1559 1563/1563
f 1556/1556 1561/1561 1557/1557
f 1563/1563 1557/1557 1561/1561
f 1564/1564 1512/1512 1560/1560
f 1512/1512 1562/1562 1559/1559
f 1562/1562 1512/1512 1564/1564
f 1562/1562 1565/1565 1563/1563
f 1562/1562 1564/1564 1565/1565
f 1510/1510 1558/1558 1515/1515
f 1510/1510 1556/1556 1558/1558
f 1558/1558 1514/1514 1515/1515
f 1514/1514 1558/1558 1566/1566
f 1567/1567 1566/1566 1558/1558
f 1566/1566 1567/1567 1568/1568
f 1566/1566 1516/1516 1514/1514
f 1516/1516 1566/1566 1569/1569
f 1570/1570 1517/1517 1569/1569
f 1517/1517 1516/1516 1569/1569
f 1566/1566 1568/1568 1570/1570
f 1566/1566 1570/1570 1569/1569
f 1568/1568 1567/1567 1558/1558
f 1571/1571 1572/1572 1568/1568
f 1572/1572 1570/1570 1568/1568
f 1572/1572 1573/1573 1570/1570
f 1574/1574 1573/1573 1572/1572
f 1558/1558 1557/1557 1568/1568
f 1565/1565 1557/1557 1563/1563
f 1565/1565 1575/1575 1557/1557
f 1568/1568 1557/1557 1575/1575
f 1568/1568 1575/1575 1571/1571
f 1571/1571 1575/1575 1572/1572
f 1565/1565 1564/1564 1576/1576
f 1565/1565 1576/1576 1577/1577
f 1578/1578 1577/1577 1576/1576
f 1577/1577 1579/1579 1575/1575
f 1575/1575 1565/1565 1577/1577
f 1577/1577 1578/1578 1579/1579
f 1574/1574 1572/1572 1575/1575
f 1580/1580 1581/1581 1574/1574
f 1574/1574 1575/1575 1579/1579
f 1582/1582 1574/1574 1579/1579
f 1582/1582 1580/1580 1574/1574
f 1581/1581 1580/1580 1583/1583
f 1579/1579 1578/1578 1584/1584
f 1579/1579 1584/1584 1585/1585
f 1586/1586 1583/1583 1580/1580
f 1585/1585 1582/1582 1579/1579
f 1580/1580 1582/1582 1587/1587
f 1580/1580 1587/1587 1586/1586
f 1587/1587 1582/1582 1585/1585
f 1530/1530 1492/1492 1543/1543
f 1530/1530 1543/1543 1588/1588
f 1588/1588 1532/1532 1530/1530
f 1532/1532 1588/1588 1589/1589
f 1517/1517 1570/1570 1543/1543
f 1590/1590 1543/1543 1570/1570
f 1589/1589 1588/1588 1543/1543
f 1591/1591 1590/1590 1570/1570
f 1543/1543 1590/1590 1592/1592
f 1592/1592 1532/1532 1589/1589
f 1593/1593 1546/1546 1531/1531
f 1532/1532 1593/1593 1531/1531
f 1594/1594 1546/1546 1593/1593
f 1589/1589 1543/1543 1592/1592
f 1532/1532 1592/1592 1595/1595
f 1596/1596 1595/1595 1592/1592
f 1593/1593 1532/1532 1595/1595
f 1597/1597 1598/1598 1590/1590
f 1570/1570 1573/1573 1591/1591
f 1591/1591 1573/1573 1590/1590
f 1597/1597 1590/1590 1573/1573
f 1573/1573 1599/1599 1597/1597
f 1598/1598 1597/1597 1599/1599
f 1590/1590 1598/1598 1592/1592
f 1598/1598 1596/1596 1592/1592
f 1598/1598 1600/1600 1596/1596
f 1596/1596 1601/1601 1595/1595
f 1595/1595 1601/1601 1593/1593
f 1601/1601 1603/1603 1593/1593
f 1600/1600 1601/1601 1596/1596
f 1603/1603 1601/1601 1604/1604
f 1604/1604 1601/1601 1600/1600
f 1604/1604 1600/1600 1607/1607
f 1546/1546 1594/1594 1545/1545
f 1549/1549 1545/1545 1594/1594
f 1603/1603 1608/1608 1594/1594
f 1593/1593 1603/1603 1594/1594
f 1610/1610 1609/1609 1602/1602
f 1605/1605 1610/1610 1602/1602
f 1610/1610 1605/1605 1611/1611
f 1605/1605 1606/1606 1611/1611
f 1549/1549 1594/1594 1613/1613
f 1548/1548 1549/1549 1613/1613
f 1613/1613 1594/1594 1608/1608
f 1614/1614 1612/1612 1609/1609
f 1613/1613 1615/1615 1548/1548
f 1612/1612 1614/1614 1616/1616
f 1617/1617 1609/1609 1610/1610
f 1614/1614 1609/1609 1617/1617
f 1610/1610 1611/1611 1618/1618
f 1617/1617 1610/1610 1619/1619
f 1574/1574 1599/1599 1573/1573
f 1574/1574 1581/1581 1599/1599
f 1620/1620 1621/1621 1598/1598
f 1599/1599 1620/1620 1598/1598
f 1621/1621 1600/1600 1598/1598
f 1606/1606 1618/1618 1611/1611
f 1621/1621 1623/1623 1600/1600
f 1607/1607 1600/1600 1623/1623
f 1620/1620 1599/1599 1581/1581
f 1606/1606 1624/1624 1618/1618
f 1621/1621 1620/1620 1623/1623
f 1606/1606 1622/1622 1625/1625
f 1624/1624 1606/1606 1625/1625
f 1626/1626 1624/1624 1625/1625
f 1627/1627 1624/1624 1626/1626
f 1628/1628 1581/1581 1583/1583
f 1583/1583 1586/1586 1628/1628
f 1581/1581 1628/1628 1620/1620
f 1628/1628 1586/1586 1620/1620
f 1629/1629 1620/1620 1586/1586
f 1630/1630 1586/1586 1587/1587
f 1586/1586 1630/1630 1631/1631
f 1586/1586 1631/1631 1629/1629
f 1629/1629 1631/1631 1633/1633
f 1633/1633 1631/1631 1635/1635
f 1633/1633 1623/1623 1620/1620
f 1625/1625 1622/1622 1632/1632
f 1633/1633 1620/1620 1629/1629
f 1636/1636 1626/1626 1625/1625
f 1637/1637 1626/1626 1636/1636
f 1626/1626 1637/1637 1627/1627
f 1638/1638 1625/1625 1632/1632
f 1638/1638 1636/1636 1625/1625
f 1639/1639 1636/1636 1638/1638
f 1640/1640 1618/1618 1624/1624
f 1610/1610 1618/1618 1640/1640
f 1619/1619 1610/1610 1640/1640
f 1641/1641 1619/1619 1640/1640
f 1627/1627 1640/1640 1624/1624
f 1641/1641 1640/1640 1627/1627
f 1635/1635 1631/1631 1630/1630
f 1638/1638 1632/1632 1642/1642
f 1434/1434 1435/1435 1437/1437
f 1437/1437 1438/1438 1454/1454
f 1454/1454 1455/1455 1507/1507
f 1443/1443 1452/1452 1450/1450
f 1451/1451 1450/1450 1455/1455
f 1452/1452 1455/1455 1450/1450
f 1455/1455 1452/1452 1458/1458
f 1455/1455 1459/1459 1507/1507
f 1459/1459 1455/1455 1458/1458
f 1458/1458 1457/1457 1459/1459
f 1498/1498 1466/1466 1643/1643
f 1643/1643 1466/1466 1465/1465
f 1470/1470 1463/1463 1466/1466
f 1476/1476 1466/1466 1498/1498
f 1466/1466 1476/1476 1475/1475
f 1470/1470 1466/1466 1475/1475
f 1477/1477 1470/1470 1475/1475
f 1474/1474 1478/1478 1477/1477
f 1644/1644 1470/1470 1477/1477
f 1470/1470 1644/1644 1479/1479
f 1482/1482 1644/1644 1477/1477
f 1479/1479 1644/1644 1481/1481
f 1644/1644 1484/1484 1481/1481
f 1484/1484 1644/1644 1482/1482
f 1482/1482 1488/1488 1485/1485
f 1437/1437 1645/1645 1493/1493
f 1645/1645 1465/1465 1493/1493
f 1437/1437 1454/1454 1645/1645
f 1643/1643 1465/1465 1645/1645
f 1507/1507 1646/1646 1454/1454
f 1507/1507 1495/1495 1646/1646
f 1495/1495 1507/1507 1496/1496
f 1495/1495 1498/1498 1646/1646
f 1454/1454 1646/1646 1645/1645
f 1498/1498 1643/1643 1646/1646
f 1643/1643 1645/1645 1646/1646
f 1260/1260 1258/1258 1384/1384
f 1333/1333 1381/1381 1332/1332
f 1332/1332 1384/1384 1258/1258
f 1385/1385 1260/1260 1384/1384
f 1270/1270 1259/1259 1647/1647
f 1259/1259 1260/1260 1397/1397
f 1647/1647 1259/1259 1397/1397
f 1397/1397 1260/1260 1385/1385
f 1381/1381 1333/1333 1331/1331
f 1334/1334 1356/1356 1331/1331
f 1356/1356 1381/1381 1331/1331
f 1381/1381 1380/1380 1332/1332
f 1380/1380 1384/1384 1332/1332
f 1272/1272 1265/1265 1648/1648
f 1270/1270 1648/1648 1265/1265
f 1649/1649 1270/1270 1647/1647
f 1649/1649 1648/1648 1270/1270
f 1649/1649 1272/1272 1648/1648
f 1272/1272 1649/1649 1650/1650
f 1337/1337 1272/1272 1650/1650
f 1384/1384 1380/1380 1382/1382
f 1651/1651 1647/1647 1397/1397
f 1651/1651 1649/1649 1647/1647
f 1652/1652 1357/1357 1358/1358
f 1359/1359 1652/1652 1358/1358
f 1653/1653 1341/1341 1337/1337
f 1367/1367 1341/1341 1653/1653
f 1653/1653 1654/1654 1367/1367
f 1367/1367 1654/1654 1364/1364
f 1364/1364 1654/1654 1655/1655
f 1650/1650 1649/1649 1656/1656
f 1650/1650 1656/1656 1337/1337
f 1657/1657 1337/1337 1656/1656
f 1653/1653 1658/1658 1654/1654
f 1655/1655 1654/1654 1658/1658
f 1657/1657 1653/1653 1337/1337
f 1657/1657 1658/1658 1653/1653
f 1397/1397 1385/1385 1390/1390
f 1651/1651 1397/1397 1396/1396
f 1659/1659 1649/1649 1651/1651
f 1659/1659 1656/1656 1649/1649
f 1396/1396 1659/1659 1651/1651
f 1660/1660 1656/1656 1659/1659
f 1656/1656 1660/1660 1661/1661
f 1398/1398 1660/1660 1659/1659
f 1398/1398 1659/1659 1396/1396
f 1357/1357 1662/1662 1388/1388
f 1663/1663 1392/1392 1387/1387
f 1388/1388 1663/1663 1387/1387
f 1664/1664 1662/1662 1665/1665
f 1666/1666 1392/1392 1663/1663
f 1667/1667 1392/1392 1666/1666
f 1392/1392 1667/1667 1394/1394
f 1668/1668 1663/1663 1388/1388
f 1668/1668 1666/1666 1663/1663
f 1669/1669 1668/1668 1662/1662
f 1662/1662 1668/1668 1388/1388
f 1670/1670 1662/1662 1664/1664
f 1670/1670 1669/1669 1662/1662
f 1671/1671 1672/1672 1664/1664
f 1671/1671 1673/1673 1672/1672
f 1664/1664 1672/1672 1670/1670
f 1674/1674 1669/1669 1670/1670
f 1672/1672 1673/1673 1675/1675
f 1673/1673 1676/1676 1675/1675
f 1674/1674 1670/1670 1672/1672
f 1444/1444 1677/1677 1678/1678
f 1677/1677 1444/1444 1402/1402
f 1679/1679 1677/1677 1402/1402
f 1677/1677 1679/1679 1680/1680
f 1681/1681 1677/1677 1680/1680
f 1682/1682 1677/1677 1681/1681
f 1683/1683 1681/1681 1680/1680
f 1683/1683 1680/1680 1684/1684
f 1685/1685 1681/1681 1683/1683
f 1682/1682 1681/1681 1685/1685
f 1686/1686 1683/1683 1687/1687
f 1688/1688 1683/1683 1686/1686
f 1689/1689 1690/1690 1691/1691
f 1692/1692 1682/1682 1685/1685
f 1692/1692 1690/1690 1682/1682
f 1691/1691 1690/1690 1692/1692
f 1691/1691 1692/1692 1693/1693
f 1694/1694 1695/1695 1691/1691
f 1693/1693 1696/1696 1691/1691
f 1693/1693 1685/1685 1688/1688
f 1688/1688 1685/1685 1683/1683
f 1693/1693 1692/1692 1685/1685
f 1697/1697 1688/1688 1686/1686
f 1698/1698 1699/1699 1700/1700
f 1699/1699 1697/1697 1686/1686
f 1699/1699 1686/1686 1701/1701
f 1696/1696 1694/1694 1691/1691
f 1702/1702 1694/1694 1696/1696
f 1703/1703 1702/1702 1696/1696
f 1688/1688 1696/1696 1693/1693
f 1697/1697 1696/1696 1688/1688
f 1704/1704 1699/1699 1698/1698
f 1705/1705 1699/1699 1704/1704
f 1705/1705 1704/1704 1706/1706
f 1707/1707 1697/1697 1705/1705
f 1699/1699 1705/1705 1697/1697
f 1708/1708 1707/1707 1705/1705
f 1706/1706 1704/1704 1709/1709
f 1708/1708 1705/1705 1706/1706
f 1710/1710 1707/1707 1708/1708
f 1708/1708 1706/1706 1710/1710
f 1696/1696 1711/1711 1712/1712
f 1696/1696 1707/1707 1711/1711
f 1712/1712 1703/1703 1696/1696
f 1711/1711 1713/1713 1712/1712
f 1707/1707 1696/1696 1697/1697
f 1710/1710 1711/1711 1707/1707
f 1714/1714 1706/1706 1715/1715
f 1714/1714 1710/1710 1706/1706
f 1716/1716 1710/1710 1714/1714
f 1717/1717 1714/1714 1715/1715
f 1716/1716 1714/1714 1717/1717
f 1713/1713 1711/1711 1710/1710
f 1713/1713 1716/1716 1718/1718
f 1713/1713 1719/1719 1712/1712
f 1713/1713 1720/1720 1719/1719
f 1720/1720 1713/1713 1718/1718
f 1721/1721 1720/1720 1718/1718
f 1713/1713 1710/1710 1716/1716
f 1722/1722 1717/1717 1723/1723
f 1724/1724 1717/1717 1722/1722
f 1724/1724 1716/1716 1717/1717
f 1725/1725 1722/1722 1726/1726
f 1725/1725 1724/1724 1722/1722
f 1727/1727 1716/1716 1724/1724
f 1728/1728 1725/1725 1729/1729
f 1728/1728 1730/1730 1724/1724
f 1730/1730 1727/1727 1724/1724
f 1725/1725 1728/1728 1724/1724
f 1731/1731 1721/1721 1732/1732
f 1721/1721 1731/1731 1720/1720
f 1732/1732 1721/1721 1727/1727
f 1733/1733 1731/1731 1732/1732
f 1734/1734 1720/1720 1731/1731
f 1727/1727 1718/1718 1716/1716
f 1721/1721 1718/1718 1727/1727
f 1732/1732 1727/1727 1730/1730
f 1732/1732 1730/1730 1733/1733
f 1735/1735 1728/1728 1729/1729
f 1733/1733 1728/1728 1735/1735
f 1729/1729 1736/1736 1735/1735
f 1737/1737 1736/1736 1729/1729
f 1733/1733 1730/1730 1728/1728
f 1736/1736 1733/1733 1735/1735
f 1733/1733 1736/1736 1738/1738
f 1736/1736 1737/1737 1738/1738
f 1739/1739 1740/1740 1741/1741
f 1741/1741 1740/1740 1742/1742
f 1733/1733 1738/1738 1739/1739
f 1740/1740 1739/1739 1738/1738
f 1737/1737 1740/1740 1738/1738
f 1743/1743 1731/1731 1741/1741
f 1731/1731 1733/1733 1739/1739
f 1741/1741 1731/1731 1739/1739
f 1667/1667 1744/1744 1394/1394
f 1746/1746 1747/1747 1744/1744
f 1749/1749 1667/1667 1666/1666
f 1393/1393 1750/1750 1390/1390
f 1390/1390 1750/1750 1399/1399
f 1394/1394 1747/1747 1393/1393
f 1744/1744 1747/1747 1394/1394
f 1393/1393 1747/1747 1750/1750
f 1399/1399 1752/1752 1395/1395
f 1752/1752 1398/1398 1395/1395
f 1750/1750 1753/1753 1399/1399
f 1755/1755 1753/1753 1750/1750
f 1399/1399 1753/1753 1752/1752
f 1752/1752 1756/1756 1398/1398
f 1757/1757 1758/1758 1760/1760
f 1756/1756 1752/1752 1762/1762
f 1667/1667 1746/1746 1744/1744
f 1763/1763 1748/1748 1745/1745
f 1751/1751 1748/1748 1765/1765
f 1762/1762 1752/1752 1753/1753
f 1755/1755 1767/1767 1753/1753
f 1762/1762 1753/1753 1767/1767
f 1758/1758 1757/1757 1761/1761
f 1758/1758 1761/1761 1768/1768
f 1771/1771 1754/1754 1751/1751
f 1767/1767 1755/1755 1773/1773
f 1773/1773 1769/1769 1767/1767
f 1769/1769 1762/1762 1767/1767
f 1774/1774 1666/1666 1668/1668
f 1774/1774 1749/1749 1666/1666
f 1775/1775 1667/1667 1749/1749
f 1776/1776 1774/1774 1669/1669
f 1669/1669 1774/1774 1668/1668
f 1776/1776 1669/1669 1674/1674
f 1746/1746 1667/1667 1775/1775
f 1775/1775 1764/1764 1746/1746
f 1777/1777 1775/1775 1749/1749
f 1774/1774 1777/1777 1749/1749
f 1775/1775 1777/1777 1778/1778
f 1778/1778 1764/1764 1775/1775
f 1779/1779 1780/1780 1781/1781
f 1782/1782 1778/1778 1783/1783
f 1783/1783 1778/1778 1777/1777
f 1782/1782 1764/1764 1778/1778
f 1779/1779 1782/1782 1783/1783
f 1763/1763 1784/1784 1748/1748
f 1784/1784 1765/1765 1748/1748
f 1787/1787 1777/1777 1774/1774
f 1788/1788 1777/1777 1787/1787
f 1789/1789 1780/1780 1779/1779
f 1790/1790 1780/1780 1789/1789
f 1790/1790 1789/1789 1791/1791
f 1792/1792 1780/1780 1790/1790
f 1783/1783 1793/1793 1789/1789
f 1779/1779 1783/1783 1789/1789
f 1789/1789 1793/1793 1791/1791
f 1793/1793 1783/1783 1788/1788
f 1788/1788 1783/1783 1777/1777
f 1788/1788 1794/1794 1793/1793
f 1795/1795 1793/1793 1794/1794
f 1796/1796 1790/1790 1791/1791
f 1790/1790 1796/1796 1797/1797
f 1792/1792 1790/1790 1797/1797
f 1795/1795 1797/1797 1796/1796
f 1796/1796 1791/1791 1793/1793
f 1793/1793 1795/1795 1796/1796
f 1758/1758 1768/1768 1798/1798
f 1799/1799 1800/1800 1801/1801
f 1420/1420 1802/1802 1799/1799
f 1800/1800 1799/1799 1802/1802
f 1403/1403 1801/1801 1803/1803
f 1403/1403 1799/1799 1801/1801
f 1403/1403 1415/1415 1799/1799
f 1414/1414 1799/1799 1415/1415
f 1402/1402 1403/1403 1803/1803
f 1803/1803 1801/1801 1402/1402
f 1679/1679 1402/1402 1684/1684
f 1684/1684 1402/1402 1801/1801
f 1799/1799 1414/1414 1419/1419
f 1419/1419 1420/1420 1799/1799
f 1802/1802 1420/1420 1421/1421
f 1804/1804 1684/1684 1801/1801
f 1683/1683 1684/1684 1805/1805
f 1805/1805 1684/1684 1804/1804
f 1806/1806 1800/1800 1807/1807
f 1808/1808 1807/1807 1809/1809
f 1804/1804 1801/1801 1800/1800
f 1800/1800 1806/1806 1804/1804
f 1807/1807 1800/1800 1802/1802
f 1807/1807 1808/1808 1806/1806
f 1680/1680 1679/1679 1684/1684
f 1421/1421 1810/1810 1802/1802
f 1810/1810 1425/1425 1811/1811
f 1810/1810 1812/1812 1802/1802
f 1807/1807 1802/1802 1812/1812
f 1812/1812 1813/1813 1807/1807
f 1810/1810 1811/1811 1812/1812
f 1813/1813 1812/1812 1811/1811
f 1814/1814 1813/1813 1811/1811
f 1814/1814 1811/1811 1426/1426
f 1814/1814 1426/1426 1815/1815
f 1810/1810 1421/1421 1425/1425
f 1426/1426 1811/1811 1425/1425
f 1815/1815 1426/1426 1427/1427
f 1809/1809 1807/1807 1816/1816
f 1816/1816 1817/1817 1809/1809
f 1816/1816 1807/1807 1813/1813
f 1813/1813 1817/1817 1816/1816
f 1809/1809 1818/1818 1808/1808
f 1818/1818 1809/1809 1819/1819
f 1817/1817 1819/1819 1809/1809
f 1819/1819 1820/1820 1818/1818
f 1821/1821 1817/1817 1814/1814
f 1817/1817 1813/1813 1814/1814
f 1822/1822 1821/1821 1814/1814
f 1819/1819 1817/1817 1821/1821
f 1819/1819 1821/1821 1823/1823
f 1822/1822 1823/1823 1821/1821
f 1824/1824 1825/1825 1826/1826
f 1808/1808 1826/1826 1825/1825
f 1826/1826 1808/1808 1820/1820
f 1827/1827 1824/1824 1828/1828
f 1828/1828 1824/1824 1826/1826
f 1828/1828 1829/1829 1830/1830
f 1828/1828 1826/1826 1829/1829
f 1820/1820 1819/1819 1831/1831
f 1832/1832 1820/1820 1831/1831
f 1829/1829 1820/1820 1832/1832
f 1823/1823 1833/1833 1819/1819
f 1823/1823 1822/1822 1834/1834
f 1835/1835 1836/1836 1823/1823
f 1831/1831 1819/1819 1833/1833
f 1832/1832 1831/1831 1836/1836
f 1831/1831 1833/1833 1836/1836
f 1836/1836 1833/1833 1823/1823
f 1837/1837 1838/1838 1839/1839
f 1837/1837 1840/1840 1838/1838
f 1841/1841 1838/1838 1840/1840
f 1837/1837 1839/1839 1792/1792
f 1840/1840 1837/1837 1842/1842
f 1842/1842 1837/1837 1792/1792
f 1842/1842 1792/1792 1843/1843
f 1829/1829 1832/1832 1844/1844
f 1829/1829 1844/1844 1845/1845
f 1829/1829 1826/1826 1820/1820
f 1830/1830 1829/1829 1845/1845
f 1844/1844 1846/1846 1845/1845
f 1847/1847 1832/1832 1836/1836
f 1832/1832 1847/1847 1844/1844
f 1848/1848 1844/1844 1847/1847
f 1836/1836 1835/1835 1849/1849
f 1847/1847 1836/1836 1849/1849
f 1849/1849 1838/1838 1847/1847
f 1838/1838 1848/1848 1847/1847
f 1838/1838 1849/1849 1839/1839
f 1844/1844 1848/1848 1846/1846
f 1846/1846 1848/1848 1850/1850
f 1850/1850 1848/1848 1841/1841
f 1838/1838 1841/1841 1848/1848
f 1824/1824 1851/1851 1852/1852
f 1824/1824 1687/1687 1851/1851
f 1851/1851 1687/1687 1805/1805
f 1687/1687 1683/1683 1805/1805
f 1805/1805 1804/1804 1851/1851
f 1804/1804 1806/1806 1852/1852
f 1852/1852 1806/1806 1808/1808
f 1852/1852 1851/1851 1804/1804
f 1808/1808 1825/1825 1852/1852
f 1852/1852 1825/1825 1824/1824
f 1686/1686 1687/1687 1827/1827
f 1701/1701 1686/1686 1827/1827
f 1700/1700 1701/1701 1827/1827
f 1687/1687 1824/1824 1827/1827
f 1853/1853 1700/1700 1827/1827
f 1700/1700 1699/1699 1701/1701
f 1828/1828 1853/1853 1827/1827
f 1808/1808 1818/1818 1820/1820
f 1854/1854 1856/1856 1857/1857
f 1858/1858 1857/1857 1856/1856
f 1765/1765 1771/1771 1751/1751
f 1772/1772 1754/1754 1771/1771
f 1771/1771 1860/1860 1772/1772
f 1858/1858 1861/1861 1857/1857
f 1822/1822 1814/1814 1862/1862
f 1427/1427 1862/1862 1815/1815
f 1431/1431 1862/1862 1427/1427
f 1814/1814 1815/1815 1862/1862
f 1863/1863 1433/1433 1538/1538
f 1431/1431 1433/1433 1864/1864
f 1863/1863 1864/1864 1433/1433
f 1538/1538 1864/1864 1863/1863
f 1864/1864 1862/1862 1431/1431
f 1865/1865 1862/1862 1866/1866
f 1864/1864 1866/1866 1862/1862
f 1864/1864 1538/1538 1867/1867
f 1867/1867 1538/1538 1868/1868
f 1866/1866 1864/1864 1867/1867
f 1822/1822 1862/1862 1865/1865
f 1822/1822 1865/1865 1869/1869
f 1869/1869 1865/1865 1870/1870
f 1865/1865 1866/1866 1872/1872
f 1875/1875 1865/1865 1872/1872
f 1877/1877 1866/1866 1867/1867
f 1874/1874 1873/1873 1878/1878
f 1877/1877 1867/1867 1879/1879
f 1876/1876 1880/1880 1881/1881
f 1872/1872 1866/1866 1877/1877
f 1873/1873 1876/1876 1881/1881
f 1873/1873 1881/1881 1882/1882
f 1882/1882 1881/1881 1883/1883
f 1884/1884 1785/1785 1764/1764
f 1886/1886 1884/1884 1887/1887
f 1855/1855 1886/1886 1887/1887
f 1887/1887 1889/1889 1855/1855
f 1890/1890 1887/1887 1891/1891
f 1890/1890 1892/1892 1887/1887
f 1781/1781 1891/1891 1887/1887
f 1781/1781 1780/1780 1849/1849
f 1849/1849 1891/1891 1781/1781
f 1884/1884 1764/1764 1782/1782
f 1781/1781 1887/1887 1782/1782
f 1887/1887 1884/1884 1782/1782
f 1782/1782 1779/1779 1781/1781
f 1885/1885 1766/1766 1786/1786
f 1893/1893 1885/1885 1854/1854
f 1893/1893 1766/1766 1885/1885
f 1886/1886 1785/1785 1884/1884
f 1770/1770 1766/1766 1894/1894
f 1893/1893 1854/1854 1894/1894
f 1894/1894 1854/1854 1857/1857
f 1766/1766 1893/1893 1894/1894
f 1856/1856 1854/1854 1888/1888
f 1892/1892 1889/1889 1887/1887
f 1896/1896 1892/1892 1897/1897
f 1889/1889 1892/1892 1896/1896
f 1834/1834 1898/1898 1897/1897
f 1896/1896 1897/1897 1898/1898
f 1899/1899 1892/1892 1890/1890
f 1891/1891 1849/1849 1890/1890
f 1835/1835 1890/1890 1849/1849
f 1835/1835 1899/1899 1890/1890
f 1834/1834 1899/1899 1823/1823
f 1892/1892 1899/1899 1897/1897
f 1897/1897 1899/1899 1834/1834
f 1835/1835 1823/1823 1899/1899
f 1895/1895 1856/1856 1888/1888
f 1898/1898 1900/1900 1896/1896
f 1856/1856 1895/1895 1902/1902
f 1903/1903 1856/1856 1902/1902
f 1839/1839 1849/1849 1780/1780
f 1792/1792 1839/1839 1780/1780
f 1843/1843 1792/1792 1797/1797
f 1860/1860 1768/1768 1772/1772
f 1905/1905 1768/1768 1860/1860
f 1798/1798 1768/1768 1905/1905
f 1894/1894 1906/1906 1770/1770
f 1906/1906 1859/1859 1770/1770
f 1907/1907 1859/1859 1906/1906
f 1894/1894 1857/1857 1906/1906
f 1906/1906 1857/1857 1861/1861
f 1861/1861 1907/1907 1906/1906
f 1859/1859 1908/1908 1904/1904
f 1907/1907 1908/1908 1859/1859
f 1908/1908 1907/1907 1861/1861
f 1908/1908 1861/1861 1909/1909
f 1910/1910 1904/1904 1908/1908
f 1908/1908 1909/1909 1911/1911
f 1908/1908 1911/1911 1910/1910
f 1912/1912 1798/1798 1905/1905
f 1913/1913 1904/1904 1914/1914
f 1914/1914 1904/1904 1910/1910
f 1914/1914 1910/1910 1911/1911
f 1909/1909 1915/1915 1911/1911
f 1914/1914 1911/1911 1915/1915
f 1916/1916 1861/1861 1858/1858
f 1916/1916 1917/1917 1861/1861
f 1858/1858 1856/1856 1903/1903
f 1903/1903 1916/1916 1858/1858
f 1917/1917 1909/1909 1861/1861
f 1917/1917 1918/1918 1909/1909
f 1918/1918 1917/1917 1919/1919
f 1917/1917 1903/1903 1920/1920
f 1903/1903 1917/1917 1916/1916
f 1920/1920 1921/1921 1917/1917
f 1919/1919 1917/1917 1921/1921
f 1918/1918 1915/1915 1909/1909
f 1915/1915 1918/1918 1922/1922
f 1922/1922 1918/1918 1919/1919
f 1923/1923 1922/1922 1919/1919
f 1798/1798 1912/1912 1758/1758
f 1914/1914 1924/1924 1913/1913
f 1925/1925 1758/1758 1912/1912
f 1927/1927 1913/1913 1924/1924
f 1928/1928 1914/1914 1915/1915
f 1929/1929 1915/1915 1922/1922
f 1928/1928 1924/1924 1914/1914
f 1929/1929 1928/1928 1915/1915
f 1927/1927 1926/1926 1913/1913
f 1926/1926 1927/1927 1930/1930
f 1930/1930 1927/1927 1924/1924
f 1928/1928 1930/1930 1924/1924
f 1931/1931 1926/1926 1930/1930
f 1932/1932 1930/1930 1928/1928
f 1929/1929 1932/1932 1928/1928
f 1929/1929 1933/1933 1934/1934
f 1933/1933 1922/1922 1923/1923
f 1923/1923 1919/1919 1921/1921
f 1929/1929 1922/1922 1933/1933
f 1935/1935 1933/1933 1923/1923
f 1822/1822 1869/1869 1834/1834
f 1869/1869 1898/1898 1834/1834
f 1900/1900 1898/1898 1869/1869
f 1901/1901 1902/1902 1895/1895
f 1870/1870 1900/1900 1869/1869
f 1901/1901 1871/1871 1936/1936
f 1936/1936 1902/1902 1901/1901
f 1936/1936 1937/1937 1902/1902
f 1938/1938 1937/1937 1936/1936
f 1870/1870 1865/1865 1875/1875
f 1871/1871 1874/1874 1938/1938
f 1871/1871 1938/1938 1936/1936
f 1937/1937 1903/1903 1902/1902
f 1920/1920 1903/1903 1937/1937
f 1939/1939 1940/1940 1937/1937
f 1938/1938 1874/1874 1878/1878
f 1941/1941 1937/1937 1938/1938
f 1939/1939 1937/1937 1941/1941
f 1941/1941 1938/1938 1878/1878
f 1878/1878 1942/1942 1941/1941
f 1939/1939 1941/1941 1942/1942
f 1878/1878 1943/1943 1942/1942
f 1937/1937 1940/1940 1920/1920
f 1921/1921 1920/1920 1940/1940
f 1921/1921 1940/1940 1944/1944
f 1945/1945 1921/1921 1944/1944
f 1944/1944 1939/1939 1942/1942
f 1939/1939 1944/1944 1940/1940
f 1943/1943 1944/1944 1942/1942
f 1946/1946 1945/1945 1944/1944
f 1946/1946 1944/1944 1943/1943
f 1878/1878 1873/1873 1947/1947
f 1882/1882 1947/1947 1873/1873
f 1947/1947 1882/1882 1948/1948
f 1943/1943 1878/1878 1947/1947
f 1949/1949 1947/1947 1950/1950
f 1948/1948 1950/1950 1947/1947
f 1883/1883 1948/1948 1882/1882
f 1943/1943 1947/1947 1949/1949
f 1950/1950 1948/1948 1951/1951
f 1952/1952 1950/1950 1951/1951
f 1950/1950 1952/1952 1949/1949
f 1953/1953 1943/1943 1949/1949
f 1949/1949 1952/1952 1954/1954
f 1955/1955 1949/1949 1954/1954
f 1952/1952 1955/1955 1954/1954
f 1956/1956 1955/1955 1952/1952
f 1923/1923 1921/1921 1957/1957
f 1921/1921 1945/1945 1957/1957
f 1957/1957 1945/1945 1958/1958
f 1959/1959 1958/1958 1945/1945
f 1946/1946 1943/1943 1953/1953
f 1946/1946 1953/1953 1960/1960
f 1959/1959 1945/1945 1946/1946
f 1946/1946 1960/1960 1961/1961
f 1959/1959 1946/1946 1961/1961
f 1962/1962 1961/1961 1960/1960
f 1935/1935 1923/1923 1957/1957
f 1935/1935 1957/1957 1958/1958
f 1963/1963 1935/1935 1958/1958
f 1964/1964 1958/1958 1965/1965
f 1958/1958 1959/1959 1965/1965
f 1966/1966 1965/1965 1959/1959
f 1961/1961 1967/1967 1959/1959
f 1966/1966 1959/1959 1967/1967
f 1967/1967 1961/1961 1962/1962
f 1968/1968 1953/1953 1949/1949
f 1968/1968 1960/1960 1953/1953
f 1962/1962 1960/1960 1968/1968
f 1949/1949 1955/1955 1968/1968
f 1969/1969 1955/1955 1956/1956
f 1969/1969 1968/1968 1955/1955
f 1968/1968 1969/1969 1962/1962
f 1962/1962 1969/1969 1970/1970
f 1971/1971 1967/1967 1962/1962
f 1972/1972 1973/1973 1974/1974
f 1974/1974 1975/1975 1972/1972
f 1976/1976 1974/1974 1977/1977
f 1976/1976 1977/1977 1978/1978
f 1974/1974 1979/1979 1980/1980
f 1979/1979 1974/1974 1976/1976
f 1975/1975 1981/1981 1972/1972
f 1982/1982 1983/1983 1981/1981
f 1982/1982 1981/1981 1975/1975
f 1975/1975 1974/1974 1980/1980
f 1984/1984 1975/1975 1980/1980
f 1985/1985 1672/1672 1986/1986
f 1985/1985 1674/1674 1672/1672
f 1675/1675 1986/1986 1672/1672
f 1987/1987 1986/1986 1675/1675
f 1676/1676 1987/1987 1675/1675
f 1988/1988 1987/1987 1676/1676
f 1989/1989 1776/1776 1674/1674
f 1989/1989 1674/1674 1985/1985
f 1988/1988 1991/1991 1992/1992
f 1987/1987 1988/1988 1992/1992
f 1994/1994 1985/1985 1986/1986
f 1987/1987 1994/1994 1986/1986
f 1774/1774 1776/1776 1787/1787
f 1989/1989 1787/1787 1776/1776
f 1995/1995 1788/1788 1787/1787
f 1787/1787 1989/1989 1995/1995
f 1996/1996 1795/1795 1794/1794
f 1997/1997 1996/1996 1794/1794
f 1998/1998 1795/1795 1996/1996
f 1998/1998 1996/1996 1997/1997
f 1843/1843 1797/1797 1998/1998
f 1998/1998 1797/1797 1795/1795
f 1998/1998 1999/1999 1843/1843
f 1843/1843 1999/1999 2000/2000
f 1794/1794 2001/2001 1997/1997
f 2001/2001 1794/1794 1788/1788
f 1995/1995 2001/2001 1788/1788
f 1995/1995 2002/2002 2001/2001
f 1997/1997 2002/2002 2003/2003
f 1997/1997 2001/2001 2002/2002
f 2003/2003 2004/2004 1997/1997
f 2005/2005 1995/1995 1989/1989
f 2006/2006 2005/2005 1989/1989
f 2006/2006 2007/2007 2005/2005
f 2002/2002 1995/1995 2005/2005
f 2005/2005 2007/2007 2002/2002
f 2008/2008 2004/2004 2003/2003
f 2009/2009 2008/2008 2003/2003
f 2007/2007 2003/2003 2002/2002
f 2010/2010 2009/2009 2003/2003
f 2010/2010 2003/2003 2011/2011
f 2011/2011 2003/2003 2007/2007
f 2011/2011 2007/2007 2012/2012
f 2004/2004 1998/1998 1997/1997
f 1999/1999 1998/1998 2004/2004
f 2004/2004 2013/2013 1999/1999
f 2013/2013 2004/2004 2008/2008
f 2013/2013 2000/2000 1999/1999
f 2014/2014 2000/2000 2013/2013
f 2015/2015 2013/2013 2008/2008
f 2016/2016 2015/2015 2008/2008
f 2014/2014 2013/2013 2015/2015
f 1992/1992 1991/1991 2019/2019
f 2021/2021 2022/2022 1925/1925
f 2020/2020 1926/1926 1931/1931
f 2023/2023 2017/2017 2025/2025
f 2021/2021 2025/2025 2022/2022
f 2021/2021 2023/2023 2025/2025
f 1990/1990 2025/2025 2017/2017
f 2020/2020 2026/2026 2024/2024
f 2006/2006 1989/1989 1985/1985
f 2006/2006 1985/1985 1994/1994
f 1987/1987 2027/2027 1994/1994
f 2028/2028 2006/2006 1994/1994
f 1994/1994 2029/2029 2028/2028
f 2006/2006 2028/2028 2007/2007
f 2012/2012 2007/2007 2028/2028
f 2028/2028 2029/2029 2012/2012
f 2012/2012 2029/2029 2031/2031
f 2012/2012 2031/2031 2032/2032
f 2011/2011 2012/2012 2032/2032
f 2029/2029 1994/1994 2027/2027
f 2031/2031 2033/2033 2032/2032
f 2027/2027 1987/1987 1992/1992
f 2029/2029 2027/2027 2031/2031
f 1992/1992 2031/2031 2027/2027
f 1993/1993 2018/2018 2035/2035
f 2018/2018 2024/2024 2026/2026
f 2036/2036 2018/2018 2026/2026
f 2035/2035 2018/2018 2036/2036
f 2036/2036 2026/2026 2037/2037
f 2038/2038 2036/2036 2037/2037
f 2035/2035 2036/2036 2038/2038
f 2038/2038 2039/2039 2035/2035
f 2034/2034 2030/2030 2040/2040
f 2030/2030 1993/1993 2035/2035
f 2040/2040 2030/2030 2039/2039
f 2041/2041 2040/2040 2039/2039
f 2039/2039 2030/2030 2035/2035
f 2042/2042 2039/2039 2038/2038
f 2041/2041 2039/2039 2042/2042
f 2043/2043 2041/2041 2042/2042
f 2010/2010 2044/2044 2009/2009
f 2045/2045 2046/2046 2047/2047
f 2048/2048 2046/2046 2049/2049
f 2015/2015 2016/2016 2045/2045
f 2045/2045 2016/2016 2046/2046
f 2049/2049 2046/2046 2016/2016
f 1978/1978 2050/2050 2048/2048
f 2048/2048 2051/2051 1978/1978
f 2049/2049 2016/2016 2052/2052
f 2051/2051 2048/2048 2049/2049
f 2049/2049 2053/2053 2051/2051
f 2044/2044 2008/2008 2009/2009
f 2052/2052 2008/2008 2044/2044
f 2054/2054 2052/2052 2044/2044
f 2010/2010 2055/2055 2044/2044
f 2054/2054 2044/2044 2055/2055
f 2052/2052 2016/2016 2008/2008
f 2049/2049 2052/2052 2053/2053
f 2053/2053 2052/2052 2054/2054
f 2053/2053 2054/2054 2057/2057
f 2060/2060 2057/2057 2054/2054
f 2055/2055 2060/2060 2054/2054
f 2061/2061 2059/2059 2056/2056
f 2059/2059 2061/2061 2058/2058
f 2061/2061 2056/2056 2062/2062
f 1978/1978 1979/1979 1976/1976
f 2063/2063 1978/1978 2051/2051
f 1979/1979 1978/1978 2063/2063
f 1984/1984 1979/1979 2063/2063
f 1980/1980 1979/1979 1984/1984
f 2053/2053 2064/2064 2051/2051
f 2065/2065 1984/1984 2063/2063
f 2066/2066 1984/1984 2065/2065
f 2065/2065 2063/2063 2067/2067
f 2067/2067 2063/2063 2051/2051
f 2067/2067 2051/2051 2068/2068
f 2066/2066 2065/2065 2067/2067
f 2066/2066 2067/2067 2070/2070
f 2070/2070 2067/2067 2068/2068
f 2072/2072 2053/2053 2057/2057
f 2058/2058 2074/2074 2073/2073
f 2064/2064 2068/2068 2051/2051
f 2068/2068 2064/2064 2076/2076
f 2076/2076 2064/2064 2053/2053
f 2076/2076 2053/2053 2072/2072
f 2074/2074 2077/2077 2073/2073
f 2073/2073 2078/2078 2075/2075
f 2078/2078 2073/2073 2077/2077
f 2074/2074 2058/2058 2079/2079
f 2079/2079 2058/2058 2061/2061
f 2079/2079 2080/2080 2074/2074
f 2077/2077 2074/2074 2081/2081
f 2081/2081 2074/2074 2080/2080
f 2069/2069 2075/2075 2078/2078
f 2078/2078 2082/2082 2069/2069
f 2082/2082 2078/2078 2083/2083
f 2071/2071 2069/2069 2082/2082
f 2077/2077 2083/2083 2078/2078
f 2083/2083 2077/2077 2081/2081
f 2084/2084 2082/2082 2083/2083
f 2084/2084 2083/2083 2081/2081
f 2085/2085 2011/2011 2032/2032
f 2011/2011 2055/2055 2010/2010
f 2011/2011 2085/2085 2055/2055
f 2087/2087 2032/2032 2033/2033
f 2085/2085 2032/2032 2087/2087
f 2062/2062 2056/2056 2086/2086
f 2062/2062 2089/2089 2061/2061
f 2089/2089 2062/2062 2090/2090
f 2086/2086 2088/2088 2091/2091
f 2086/2086 2091/2091 2062/2062
f 2090/2090 2062/2062 2091/2091
f 2088/2088 2034/2034 2040/2040
f 2091/2091 2088/2088 2040/2040
f 2040/2040 2043/2043 2091/2091
f 2043/2043 2040/2040 2041/2041
f 2079/2079 2061/2061 2092/2092
f 2092/2092 2061/2061 2093/2093
f 2080/2080 2079/2079 2092/2092
f 2094/2094 2080/2080 2092/2092
f 2092/2092 2093/2093 2095/2095
f 2094/2094 2092/2092 2095/2095
f 2095/2095 2093/2093 2096/2096
f 2081/2081 2080/2080 2094/2094
f 2097/2097 2081/2081 2094/2094
f 2097/2097 2094/2094 2095/2095
f 2084/2084 2081/2081 2097/2097
f 2098/2098 2084/2084 2097/2097
f 2098/2098 2097/2097 2099/2099
f 2097/2097 2095/2095 2099/2099
f 2100/2100 2095/2095 2096/2096
f 2099/2099 2095/2095 2100/2100
f 2100/2100 2096/2096 2101/2101
f 2101/2101 2096/2096 2102/2102
f 2099/2099 2100/2100 2101/2101
f 2103/2103 2099/2099 2101/2101
f 1704/1704 1853/1853 1709/1709
f 2104/2104 1853/1853 1828/1828
f 1709/1709 1853/1853 2104/2104
f 2105/2105 1828/1828 2106/2106
f 2107/2107 2108/2108 2109/2109
f 2110/2110 2111/2111 2107/2107
f 2108/2108 2107/2107 2111/2111
f 2112/2112 1709/1709 2104/2104
f 2113/2113 2112/2112 2104/2104
f 2114/2114 2113/2113 2115/2115
f 2112/2112 2116/2116 2117/2117
f 1723/1723 2117/2117 2116/2116
f 2116/2116 2112/2112 2118/2118
f 1723/1723 2116/2116 2119/2119
f 2119/2119 2116/2116 2118/2118
f 2120/2120 2112/2112 2113/2113
f 2118/2118 2112/2112 2120/2120
f 2120/2120 2113/2113 2114/2114
f 2118/2118 2120/2120 2114/2114
f 2121/2121 2104/2104 1828/1828
f 2104/2104 2121/2121 2115/2115
f 2113/2113 2104/2104 2115/2115
f 2121/2121 1828/1828 2105/2105
f 2122/2122 2121/2121 2105/2105
f 2122/2122 2105/2105 2109/2109
f 2123/2123 2115/2115 2121/2121
f 2114/2114 2115/2115 2123/2123
f 2124/2124 2114/2114 2123/2123
f 2121/2121 2122/2122 2108/2108
f 2108/2108 2122/2122 2109/2109
f 2123/2123 2121/2121 2108/2108
f 2111/2111 2123/2123 2108/2108
f 2125/2125 2126/2126 2106/2106
f 1850/1850 2127/2127 2128/2128
f 2127/2127 1850/1850 1841/1841
f 2129/2129 1840/1840 1842/1842
f 1840/1840 2129/2129 1841/1841
f 2130/2130 1841/1841 2129/2129
f 2129/2129 1842/1842 2131/2131
f 2127/2127 2130/2130 2132/2132
f 2132/2132 2130/2130 2133/2133
f 2130/2130 2127/2127 1841/1841
f 2128/2128 2134/2134 2126/2126
f 2134/2134 2128/2128 2127/2127
f 2126/2126 2125/2125 2128/2128
f 2133/2133 2130/2130 2129/2129
f 2133/2133 2129/2129 2131/2131
f 1830/1830 2106/2106 1828/1828
f 2106/2106 1830/1830 2125/2125
f 1846/1846 1830/1830 1845/1845
f 2125/2125 1830/1830 1846/1846
f 1846/1846 2128/2128 2125/2125
f 2128/2128 1846/1846 1850/1850
f 2105/2105 2106/2106 2135/2135
f 2107/2107 2105/2105 2135/2135
f 2109/2109 2105/2105 2107/2107
f 2135/2135 2136/2136 2107/2107
f 2106/2106 2136/2136 2135/2135
f 2136/2136 2106/2106 2126/2126
f 2110/2110 2107/2107 2136/2136
f 2110/2110 2136/2136 2137/2137
f 2137/2137 2136/2136 2138/2138
f 2110/2110 2137/2137 2139/2139
f 2132/2132 2134/2134 2127/2127
f 2140/2140 2132/2132 2133/2133
f 2140/2140 2133/2133 2141/2141
f 2140/2140 2138/2138 2132/2132
f 2126/2126 2134/2134 2138/2138
f 2138/2138 2134/2134 2132/2132
f 2136/2136 2126/2126 2138/2138
f 2138/2138 2142/2142 2137/2137
f 2142/2142 2138/2138 2143/2143
f 2143/2143 2138/2138 2140/2140
f 2137/2137 2142/2142 2139/2139
f 2142/2142 2143/2143 2144/2144
f 2145/2145 2140/2140 2141/2141
f 2144/2144 2140/2140 2145/2145
f 2144/2144 2143/2143 2140/2140
f 2146/2146 2144/2144 2145/2145
f 1704/1704 1700/1700 1853/1853
f 1698/1698 1700/1700 1704/1704
f 1715/1715 1706/1706 2112/2112
f 2112/2112 1706/1706 1709/1709
f 2117/2117 1715/1715 2112/2112
f 1717/1717 1715/1715 2117/2117
f 1723/1723 1717/1717 2117/2117
f 2147/2147 2148/2148 2149/2149
f 2149/2149 2148/2148 2111/2111
f 2110/2110 2149/2149 2111/2111
f 2147/2147 2149/2149 2150/2150
f 2150/2150 2151/2151 2152/2152
f 2150/2150 2149/2149 2151/2151
f 2151/2151 2153/2153 2152/2152
f 2154/2154 2152/2152 2153/2153
f 2155/2155 2118/2118 2114/2114
f 2148/2148 2155/2155 2114/2114
f 2156/2156 2155/2155 2148/2148
f 1722/1722 1723/1723 2119/2119
f 2119/2119 2156/2156 1726/1726
f 1726/1726 1722/1722 2119/2119
f 2118/2118 2155/2155 2119/2119
f 2156/2156 2119/2119 2155/2155
f 2157/2157 2156/2156 2147/2147
f 2158/2158 1726/1726 2156/2156
f 2158/2158 2156/2156 2159/2159
f 1725/1725 2158/2158 2159/2159
f 2124/2124 2123/2123 2111/2111
f 2148/2148 2124/2124 2111/2111
f 2114/2114 2124/2124 2148/2148
f 2156/2156 2148/2148 2147/2147
f 2147/2147 2160/2160 2157/2157
f 2161/2161 2147/2147 2150/2150
f 2162/2162 2163/2163 2161/2161
f 2152/2152 2154/2154 2150/2150
f 2161/2161 2150/2150 2154/2154
f 2154/2154 2164/2164 2165/2165
f 2162/2162 2161/2161 2154/2154
f 2165/2165 2162/2162 2154/2154
f 2166/2166 2162/2162 2165/2165
f 2167/2167 2165/2165 2164/2164
f 2167/2167 2164/2164 2168/2168
f 2169/2169 2165/2165 2167/2167
f 2170/2170 2169/2169 2167/2167
f 2171/2171 2167/2167 2168/2168
f 2163/2163 2172/2172 2157/2157
f 2163/2163 2157/2157 2160/2160
f 2163/2163 2166/2166 2172/2172
f 2157/2157 2159/2159 2156/2156
f 2159/2159 2157/2157 2173/2173
f 2173/2173 1729/1729 2159/2159
f 2157/2157 2172/2172 2173/2173
f 2174/2174 2172/2172 2166/2166
f 2174/2174 2175/2175 2172/2172
f 2176/2176 2175/2175 2174/2174
f 2176/2176 2172/2172 2175/2175
f 2177/2177 2172/2172 2176/2176
f 2178/2178 2173/2173 2177/2177
f 2172/2172 2177/2177 2173/2173
f 2160/2160 2147/2147 2161/2161
f 2163/2163 2160/2160 2161/2161
f 2162/2162 2166/2166 2163/2163
f 2166/2166 2179/2179 2174/2174
f 2169/2169 2166/2166 2165/2165
f 2179/2179 2166/2166 2169/2169
f 2180/2180 2181/2181 2182/2182
f 2151/2151 2149/2149 2110/2110
f 2151/2151 2110/2110 2181/2181
f 2110/2110 2139/2139 2181/2181
f 2182/2182 2181/2181 2139/2139
f 2153/2153 2181/2181 2180/2180
f 2180/2180 2182/2182 2183/2183
f 2183/2183 2182/2182 2139/2139
f 2180/2180 2183/2183 1973/1973
f 2153/2153 2151/2151 2181/2181
f 2139/2139 2142/2142 2184/2184
f 2185/2185 2184/2184 2142/2142
f 2186/2186 2184/2184 2185/2185
f 2144/2144 2146/2146 2187/2187
f 2185/2185 2142/2142 2144/2144
f 2185/2185 2144/2144 2187/2187
f 2185/2185 2187/2187 2188/2188
f 2186/2186 2185/2185 2188/2188
f 1973/1973 2183/2183 2189/2189
f 2189/2189 2184/2184 2186/2186
f 2184/2184 2189/2189 2183/2183
f 1977/1977 2189/2189 2186/2186
f 2183/2183 2139/2139 2184/2184
f 1973/1973 2189/2189 1977/1977
f 2186/2186 2188/2188 1977/1977
f 1977/1977 2188/2188 2050/2050
f 1977/1977 1974/1974 1973/1973
f 1978/1978 1977/1977 2050/2050
f 2153/2153 2180/2180 2190/2190
f 2154/2154 2153/2153 2164/2164
f 2153/2153 2190/2190 2164/2164
f 2168/2168 2164/2164 2190/2190
f 2168/2168 2190/2190 2191/2191
f 2192/2192 2190/2190 2180/2180
f 1972/1972 2190/2190 2192/2192
f 2191/2191 2190/2190 1983/1983
f 1983/1983 2190/2190 1972/1972
f 2192/2192 2180/2180 1973/1973
f 1972/1972 2192/2192 1973/1973
f 1983/1983 1972/1972 1981/1981
f 1726/1726 2158/2158 1725/1725
f 1729/1729 1725/1725 2159/2159
f 1737/1737 1729/1729 2173/2173
f 2178/2178 1737/1737 2173/2173
f 2000/2000 2193/2193 1843/1843
f 2193/2193 1842/1842 1843/1843
f 2193/2193 2131/2131 1842/1842
f 2133/2133 2131/2131 2193/2193
f 2000/2000 2014/2014 2193/2193
f 2193/2193 2141/2141 2133/2133
f 2141/2141 2193/2193 2014/2014
f 2015/2015 2141/2141 2014/2014
f 2047/2047 2145/2145 2141/2141
f 2145/2145 2047/2047 2146/2146
f 2047/2047 2141/2141 2045/2045
f 2015/2015 2045/2045 2141/2141
f 1931/1931 1930/1930 1932/1932
f 1932/1932 2194/2194 1931/1931
f 2194/2194 1932/1932 2195/2195
f 2196/2196 2194/2194 2195/2195
f 1929/1929 2195/2195 1932/1932
f 1934/1934 2195/2195 1929/1929
f 2026/2026 1931/1931 2194/2194
f 2026/2026 2020/2020 1931/1931
f 2037/2037 2026/2026 2194/2194
f 2196/2196 2195/2195 1934/1934
f 1934/1934 1933/1933 2197/2197
f 2197/2197 1933/1933 1935/1935
f 2197/2197 1935/1935 1963/1963
f 1934/1934 2197/2197 2198/2198
f 2198/2198 2197/2197 1963/1963
f 2199/2199 1963/1963 1964/1964
f 2200/2200 2201/2201 2038/2038
f 2201/2201 2200/2200 2202/2202
f 1934/1934 2198/2198 2202/2202
f 1934/1934 2202/2202 2200/2200
f 2202/2202 2198/2198 2199/2199
f 2199/2199 2198/2198 1963/1963
f 1963/1963 1958/1958 1964/1964
f 1965/1965 2203/2203 1964/1964
f 1966/1966 1967/1967 2204/2204
f 1971/1971 2204/2204 1967/1967
f 2047/2047 2187/2187 2146/2146
f 2047/2047 2046/2046 2187/2187
f 2187/2187 2046/2046 2048/2048
f 2187/2187 2048/2048 2188/2188
f 2050/2050 2188/2188 2048/2048
f 2090/2090 2091/2091 2043/2043
f 2205/2205 2089/2089 2090/2090
f 2205/2205 2090/2090 2206/2206
f 2038/2038 2207/2207 2042/2042
f 2042/2042 2208/2208 2043/2043
f 2207/2207 2038/2038 2201/2201
f 2207/2207 2201/2201 2209/2209
f 2207/2207 2208/2208 2042/2042
f 2208/2208 2207/2207 2209/2209
f 2208/2208 2209/2209 2210/2210
f 2206/2206 2090/2090 2043/2043
f 2206/2206 2211/2211 2205/2205
f 2206/2206 2043/2043 2208/2208
f 2210/2210 2206/2206 2208/2208
f 2212/2212 2206/2206 2210/2210
f 2211/2211 2206/2206 2212/2212
f 2210/2210 2213/2213 2212/2212
f 2209/2209 2201/2201 2214/2214
f 2209/2209 2213/2213 2210/2210
f 2089/2089 2093/2093 2061/2061
f 2093/2093 2089/2089 2205/2205
f 2093/2093 2205/2205 2215/2215
f 2205/2205 2216/2216 2215/2215
f 2216/2216 2205/2205 2217/2217
f 2215/2215 2096/2096 2093/2093
f 2096/2096 2215/2215 2216/2216
f 2205/2205 2218/2218 2217/2217
f 2211/2211 2218/2218 2205/2205
f 2218/2218 2211/2211 2219/2219
f 2216/2216 2217/2217 2218/2218
f 2216/2216 2218/2218 2219/2219
f 2219/2219 2211/2211 2220/2220
f 2220/2220 2221/2221 2222/2222
f 2211/2211 2212/2212 2221/2221
f 2221/2221 2220/2220 2211/2211
f 2096/2096 2216/2216 2102/2102
f 2102/2102 2216/2216 2219/2219
f 2101/2101 2102/2102 2219/2219
f 2223/2223 2219/2219 2220/2220
f 2101/2101 2219/2219 2223/2223
f 2222/2222 2223/2223 2220/2220
f 2224/2224 1740/1740 1737/1737
f 2224/2224 1737/1737 2178/2178
f 2178/2178 2225/2225 2224/2224
f 2226/2226 1742/1742 2224/2224
f 2224/2224 1742/1742 1740/1740
f 2224/2224 2225/2225 2227/2227
f 2228/2228 2226/2226 2224/2224
f 2228/2228 2224/2224 2229/2229
f 2226/2226 2228/2228 2230/2230
f 1741/1741 1742/1742 2231/2231
f 2226/2226 2231/2231 1742/1742
f 2226/2226 2232/2232 2231/2231
f 1743/1743 1741/1741 2231/2231
f 2233/2233 1743/1743 2231/2231
f 2230/2230 2232/2232 2226/2226
f 2232/2232 2230/2230 2234/2234
f 2231/2231 2232/2232 2234/2234
f 2235/2235 2234/2234 2230/2230
f 2231/2231 2236/2236 2233/2233
f 2234/2234 2236/2236 2231/2231
f 2235/2235 2236/2236 2234/2234
f 2229/2229 2224/2224 2227/2227
f 2237/2237 2228/2228 2229/2229
f 2235/2235 2228/2228 2238/2238
f 2228/2228 2235/2235 2230/2230
f 2238/2238 2236/2236 2235/2235
f 2238/2238 2239/2239 2236/2236
f 2240/2240 2238/2238 2228/2228
f 2228/2228 2241/2241 2240/2240
f 2242/2242 2238/2238 2240/2240
f 2242/2242 2240/2240 2243/2243
f 2244/2244 2238/2238 2242/2242
f 2244/2244 2242/2242 2243/2243
f 2241/2241 2243/2243 2240/2240
f 2245/2245 2243/2243 2241/2241
f 2244/2244 2243/2243 2245/2245
f 2246/2246 2244/2244 2245/2245
f 2247/2247 2191/2191 1983/1983
f 2247/2247 1983/1983 1982/1982
f 2247/2247 1982/1982 2248/2248
f 1975/1975 1984/1984 1982/1982
f 2249/2249 1982/1982 1984/1984
f 2249/2249 1984/1984 2250/2250
f 2250/2250 1984/1984 2251/2251
f 2252/2252 1982/1982 2251/2251
f 2250/2250 1982/1982 2249/2249
f 2251/2251 1982/1982 2250/2250
f 2253/2253 2248/2248 2254/2254
f 2255/2255 2254/2254 2248/2248
f 2256/2256 2255/2255 2257/2257
f 2258/2258 2256/2256 2257/2257
f 2259/2259 2256/2256 2258/2258
f 2256/2256 2254/2254 2255/2255
f 2260/2260 2256/2256 2259/2259
f 2261/2261 2251/2251 2262/2262
f 2248/2248 1982/1982 2252/2252
f 2263/2263 2248/2248 2252/2252
f 2248/2248 2263/2263 2255/2255
f 2261/2261 2252/2252 2251/2251
f 2264/2264 2265/2265 2257/2257
f 2264/2264 2252/2252 2261/2261
f 2266/2266 2267/2267 2264/2264
f 2264/2264 2261/2261 2266/2266
f 2265/2265 2264/2264 2267/2267
f 2257/2257 2255/2255 2263/2263
f 2264/2264 2263/2263 2252/2252
f 2257/2257 2263/2263 2264/2264
f 2268/2268 2269/2269 2260/2260
f 2270/2270 2259/2259 2258/2258
f 2259/2259 2268/2268 2260/2260
f 2270/2270 2268/2268 2259/2259
f 2270/2270 2271/2271 2268/2268
f 2272/2272 2273/2273 2268/2268
f 2272/2272 2268/2268 2271/2271
f 2274/2274 2271/2271 2275/2275
f 2274/2274 2272/2272 2271/2271
f 2276/2276 2274/2274 2277/2277
f 2276/2276 2272/2272 2274/2274
f 2271/2271 2257/2257 2265/2265
f 2279/2279 2265/2265 2267/2267
f 2280/2280 2271/2271 2265/2265
f 2280/2280 2265/2265 2279/2279
f 2271/2271 2270/2270 2258/2258
f 2271/2271 2258/2258 2257/2257
f 2275/2275 2271/2271 2280/2280
f 2280/2280 2281/2281 2275/2275
f 2279/2279 2283/2283 2280/2280
f 2281/2281 2280/2280 2283/2283
f 2284/2284 2285/2285 2286/2286
f 2287/2287 2286/2286 2276/2276
f 2277/2277 2287/2287 2276/2276
f 2286/2286 2272/2272 2276/2276
f 2277/2277 2288/2288 2287/2287
f 2284/2284 2286/2286 2287/2287
f 2289/2289 2287/2287 2288/2288
f 2289/2289 2284/2284 2287/2287
f 2290/2290 2284/2284 2289/2289
f 2274/2274 2291/2291 2277/2277
f 2291/2291 2274/2274 2275/2275
f 2291/2291 2275/2275 2281/2281
f 2292/2292 2291/2291 2281/2281
f 2294/2294 2295/2295 2281/2281
f 2294/2294 2281/2281 2283/2283
f 2297/2297 2293/2293 2282/2282
f 2296/2296 2293/2293 2297/2297
f 2298/2298 2296/2296 2297/2297
f 2292/2292 2281/2281 2295/2295
f 2288/2288 2277/2277 2291/2291
f 2288/2288 2291/2291 2299/2299
f 2300/2300 2288/2288 2299/2299
f 2300/2300 2291/2291 2292/2292
f 2300/2300 2299/2299 2291/2291
f 2300/2300 2292/2292 2301/2301
f 2289/2289 2288/2288 2300/2300
f 2300/2300 2301/2301 2302/2302
f 2292/2292 2295/2295 2303/2303
f 2301/2301 2292/2292 2303/2303
f 2305/2305 2304/2304 2296/2296
f 2306/2306 2308/2308 2070/2070
f 1984/1984 2066/2066 2251/2251
f 2308/2308 2066/2066 2070/2070
f 2251/2251 2066/2066 2262/2262
f 2262/2262 2308/2308 2310/2310
f 2310/2310 2308/2308 2306/2306
f 2262/2262 2066/2066 2308/2308
f 2311/2311 2307/2307 2071/2071
f 2312/2312 2311/2311 2071/2071
f 2313/2313 2312/2312 2071/2071
f 2313/2313 2071/2071 2082/2082
f 2313/2313 2082/2082 2084/2084
f 2313/2313 2084/2084 2314/2314
f 2311/2311 2312/2312 2307/2307
f 2312/2312 2315/2315 2307/2307
f 2307/2307 2315/2315 2309/2309
f 2316/2316 2312/2312 2313/2313
f 2315/2315 2312/2312 2316/2316
f 2317/2317 2318/2318 2319/2319
f 2317/2317 2319/2319 2320/2320
f 2320/2320 2319/2319 2321/2321
f 2320/2320 2321/2321 2322/2322
f 2323/2323 2320/2320 2322/2322
f 2261/2261 2262/2262 2324/2324
f 2325/2325 2324/2324 2262/2262
f 2324/2324 2326/2326 2261/2261
f 2326/2326 2324/2324 2325/2325
f 2327/2327 2261/2261 2326/2326
f 2325/2325 2262/2262 2310/2310
f 2310/2310 2328/2328 2325/2325
f 2327/2327 2326/2326 2330/2330
f 2327/2327 2266/2266 2261/2261
f 2266/2266 2327/2327 2267/2267
f 2332/2332 2327/2327 2335/2335
f 2327/2327 2332/2332 2267/2267
f 2330/2330 2326/2326 2325/2325
f 2325/2325 2328/2328 2330/2330
f 2335/2335 2327/2327 2330/2330
f 2331/2331 2329/2329 2336/2336
f 2334/2334 2331/2331 2336/2336
f 2315/2315 2337/2337 2309/2309
f 2309/2309 2319/2319 2329/2329
f 2337/2337 2338/2338 2309/2309
f 2319/2319 2309/2309 2338/2338
f 2315/2315 2316/2316 2322/2322
f 2322/2322 2316/2316 2339/2339
f 2315/2315 2322/2322 2337/2337
f 2336/2336 2329/2329 2319/2319
f 2318/2318 2336/2336 2319/2319
f 2322/2322 2321/2321 2337/2337
f 2321/2321 2338/2338 2337/2337
f 2319/2319 2338/2338 2321/2321
f 2313/2313 2314/2314 2340/2340
f 2314/2314 2084/2084 2098/2098
f 2341/2341 2314/2314 2098/2098
f 2340/2340 2314/2314 2341/2341
f 2341/2341 2098/2098 2099/2099
f 2099/2099 2103/2103 2342/2342
f 2341/2341 2099/2099 2342/2342
f 2342/2342 2343/2343 2341/2341
f 2340/2340 2341/2341 2343/2343
f 2344/2344 2343/2343 2342/2342
f 2339/2339 2316/2316 2345/2345
f 2316/2316 2313/2313 2345/2345
f 2340/2340 2345/2345 2313/2313
f 2346/2346 2340/2340 2347/2347
f 2339/2339 2345/2345 2348/2348
f 2345/2345 2340/2340 2346/2346
f 2347/2347 2349/2349 2346/2346
f 2348/2348 2345/2345 2346/2346
f 2348/2348 2346/2346 2349/2349
f 2349/2349 2350/2350 2348/2348
f 2343/2343 2347/2347 2340/2340
f 2347/2347 2344/2344 2351/2351
f 2352/2352 2347/2347 2351/2351
f 2344/2344 2347/2347 2343/2343
f 2344/2344 2342/2342 2103/2103
f 2344/2344 2103/2103 2101/2101
f 2344/2344 2101/2101 2223/2223
f 2353/2353 2223/2223 2354/2354
f 2352/2352 2351/2351 2355/2355
f 2223/2223 2351/2351 2344/2344
f 2355/2355 2351/2351 2353/2353
f 2353/2353 2351/2351 2223/2223
f 2356/2356 2320/2320 2323/2323
f 2357/2357 2358/2358 2356/2356
f 2339/2339 2348/2348 2323/2323
f 2323/2323 2322/2322 2339/2339
f 2323/2323 2348/2348 2359/2359
f 2359/2359 2348/2348 2350/2350
f 2360/2360 2323/2323 2359/2359
f 2349/2349 2347/2347 2350/2350
f 2352/2352 2361/2361 2347/2347
f 2350/2350 2347/2347 2361/2361
f 2359/2359 2350/2350 2361/2361
f 2360/2360 2359/2359 2362/2362
f 2355/2355 2359/2359 2361/2361
f 2323/2323 2360/2360 2357/2357
f 2356/2356 2323/2323 2357/2357
f 2363/2363 2358/2358 2357/2357
f 2363/2363 2357/2357 2360/2360
f 2363/2363 2360/2360 2362/2362
f 2352/2352 2355/2355 2361/2361
f 2355/2355 2353/2353 2364/2364
f 2362/2362 2359/2359 2355/2355
f 2365/2365 2355/2355 2364/2364
f 2364/2364 2353/2353 2366/2366
f 2365/2365 2364/2364 2366/2366
f 2362/2362 2355/2355 2367/2367
f 2367/2367 2355/2355 2365/2365
f 2368/2368 2363/2363 2362/2362
f 2368/2368 2362/2362 2367/2367
f 2367/2367 2365/2365 2369/2369
f 2369/2369 2370/2370 2367/2367
f 2371/2371 2333/2333 2334/2334
f 2372/2372 2373/2373 2334/2334
f 2371/2371 2334/2334 2373/2373
f 2374/2374 2333/2333 2375/2375
f 2371/2371 2373/2373 2376/2376
f 2375/2375 2333/2333 2371/2371
f 2371/2371 2376/2376 2375/2375
f 2372/2372 2336/2336 2318/2318
f 2372/2372 2318/2318 2317/2317
f 2317/2317 2377/2377 2372/2372
f 2377/2377 2317/2317 2378/2378
f 2320/2320 2378/2378 2317/2317
f 2320/2320 2356/2356 2378/2378
f 2379/2379 2378/2378 2356/2356
f 2380/2380 2378/2378 2379/2379
f 2376/2376 2373/2373 2372/2372
f 2381/2381 2376/2376 2372/2372
f 2381/2381 2372/2372 2377/2377
f 2376/2376 2381/2381 2375/2375
f 2378/2378 2382/2382 2377/2377
f 2381/2381 2377/2377 2382/2382
f 2382/2382 2378/2378 2380/2380
f 2380/2380 2383/2383 2382/2382
f 2267/2267 2332/2332 2279/2279
f 2334/2334 2336/2336 2372/2372
f 2278/2278 2374/2374 2282/2282
f 2374/2374 2278/2278 2333/2333
f 2282/2282 2384/2384 2297/2297
f 2374/2374 2384/2384 2282/2282
f 2385/2385 2384/2384 2386/2386
f 2387/2387 2385/2385 2388/2388
f 2389/2389 2390/2390 2391/2391
f 2392/2392 2390/2390 2389/2389
f 2393/2393 2394/2394 2395/2395
f 2393/2393 2396/2396 2394/2394
f 2393/2393 2395/2395 2392/2392
f 2397/2397 2393/2393 2392/2392
f 2388/2388 2385/2385 2386/2386
f 2394/2394 2388/2388 2386/2386
f 2387/2387 2388/2388 2394/2394
f 2394/2394 2396/2396 2387/2387
f 2392/2392 2395/2395 2390/2390
f 2379/2379 2356/2356 2358/2358
f 2363/2363 2398/2398 2358/2358
f 2379/2379 2358/2358 2398/2398
f 2398/2398 2363/2363 2368/2368
f 2399/2399 2398/2398 2368/2368
f 2399/2399 2379/2379 2398/2398
f 2400/2400 2380/2380 2379/2379
f 2380/2380 2400/2400 2383/2383
f 2401/2401 2402/2402 2399/2399
f 2403/2403 2404/2404 2402/2402
f 2404/2404 2403/2403 2405/2405
f 2403/2403 2406/2406 2407/2407
f 2408/2408 2403/2403 2407/2407
f 2409/2409 2407/2407 2410/2410
f 2401/2401 2368/2368 2367/2367
f 2368/2368 2401/2401 2399/2399
f 2401/2401 2367/2367 2370/2370
f 2411/2411 2401/2401 2370/2370
f 2412/2412 2389/2389 2413/2413
f 2413/2413 2404/2404 2414/2414
f 2413/2413 2414/2414 2412/2412
f 2397/2397 2392/2392 2415/2415
f 2415/2415 2416/2416 2397/2397
f 2417/2417 2418/2418 2415/2415
f 2418/2418 2419/2419 2415/2415
f 2420/2420 2417/2417 2414/2414
f 2421/2421 2417/2417 2422/2422
f 2392/2392 2389/2389 2412/2412
f 2392/2392 2412/2412 2415/2415
f 2412/2412 2417/2417 2415/2415
f 2412/2412 2414/2414 2417/2417
f 2403/2403 2423/2423 2405/2405
f 2414/2414 2404/2404 2405/2405
f 2414/2414 2405/2405 2424/2424
f 2405/2405 2425/2425 2424/2424
f 2423/2423 2425/2425 2405/2405
f 2423/2423 2403/2403 2408/2408
f 2408/2408 2407/2407 2409/2409
f 2408/2408 2426/2426 2423/2423
f 2425/2425 2423/2423 2426/2426
f 2426/2426 2408/2408 2409/2409
f 2424/2424 2427/2427 2420/2420
f 2428/2428 2422/2422 2427/2427
f 2420/2420 2422/2422 2417/2417
f 2422/2422 2420/2420 2427/2427
f 2427/2427 2424/2424 2429/2429
f 2428/2428 2427/2427 2429/2429
f 2414/2414 2424/2424 2420/2420
f 2424/2424 2425/2425 2429/2429
f 2425/2425 2426/2426 2430/2430
f 2429/2429 2425/2425 2430/2430
f 2431/2431 2429/2429 2430/2430
f 2179/2179 2169/2169 2170/2170
f 2170/2170 2432/2432 2179/2179
f 2170/2170 2167/2167 2171/2171
f 2433/2433 2170/2170 2171/2171
f 2432/2432 2434/2434 2179/2179
f 2435/2435 2434/2434 2432/2432
f 2433/2433 2432/2432 2170/2170
f 2433/2433 2436/2436 2432/2432
f 2437/2437 2432/2432 2436/2436
f 2174/2174 2438/2438 2176/2176
f 2439/2439 2174/2174 2440/2440
f 2438/2438 2174/2174 2439/2439
f 2177/2177 2441/2441 2225/2225
f 2438/2438 2441/2441 2177/2177
f 2176/2176 2438/2438 2177/2177
f 2440/2440 2434/2434 2439/2439
f 2442/2442 2438/2438 2439/2439
f 2442/2442 2441/2441 2438/2438
f 2440/2440 2174/2174 2179/2179
f 2434/2434 2440/2440 2179/2179
f 2435/2435 2439/2439 2434/2434
f 2443/2443 2437/2437 2436/2436
f 2444/2444 2435/2435 2445/2445
f 2432/2432 2437/2437 2435/2435
f 2435/2435 2437/2437 2445/2445
f 2446/2446 2447/2447 2443/2443
f 2446/2446 2443/2443 2269/2269
f 2447/2447 2437/2437 2443/2443
f 2448/2448 2437/2437 2447/2447
f 2444/2444 2439/2439 2435/2435
f 2444/2444 2442/2442 2439/2439
f 2449/2449 2441/2441 2442/2442
f 2449/2449 2227/2227 2441/2441
f 2449/2449 2442/2442 2444/2444
f 2227/2227 2449/2449 2450/2450
f 2168/2168 2191/2191 2247/2247
f 2247/2247 2171/2171 2168/2168
f 2433/2433 2171/2171 2247/2247
f 2253/2253 2247/2247 2248/2248
f 2436/2436 2433/2433 2247/2247
f 2253/2253 2436/2436 2247/2247
f 2253/2253 2254/2254 2436/2436
f 2256/2256 2436/2436 2254/2254
f 2260/2260 2436/2436 2256/2256
f 2269/2269 2443/2443 2260/2260
f 2436/2436 2260/2260 2443/2443
f 2225/2225 2178/2178 2177/2177
f 2227/2227 2225/2225 2441/2441
f 2237/2237 2229/2229 2227/2227
f 2450/2450 2237/2237 2227/2227
f 2451/2451 2237/2237 2450/2450
f 2446/2446 2448/2448 2447/2447
f 2452/2452 2446/2446 2273/2273
f 2446/2446 2452/2452 2448/2448
f 2448/2448 2445/2445 2437/2437
f 2453/2453 2452/2452 2454/2454
f 2455/2455 2456/2456 2445/2445
f 2448/2448 2452/2452 2455/2455
f 2445/2445 2448/2448 2455/2455
f 2453/2453 2455/2455 2452/2452
f 2457/2457 2455/2455 2453/2453
f 2456/2456 2458/2458 2449/2449
f 2450/2450 2449/2449 2458/2458
f 2451/2451 2450/2450 2458/2458
f 2459/2459 2458/2458 2460/2460
f 2459/2459 2451/2451 2458/2458
f 2456/2456 2449/2449 2444/2444
f 2456/2456 2444/2444 2445/2445
f 2461/2461 2457/2457 2454/2454
f 2457/2457 2453/2453 2454/2454
f 2462/2462 2457/2457 2461/2461
f 2455/2455 2457/2457 2462/2462
f 2463/2463 2464/2464 2455/2455
f 2463/2463 2455/2455 2462/2462
f 2465/2465 2463/2463 2462/2462
f 2466/2466 2463/2463 2465/2465
f 2458/2458 2456/2456 2464/2464
f 2464/2464 2460/2460 2458/2458
f 2459/2459 2460/2460 2467/2467
f 2468/2468 2467/2467 2464/2464
f 2467/2467 2460/2460 2464/2464
f 2469/2469 2467/2467 2468/2468
f 2470/2470 2459/2459 2467/2467
f 2471/2471 2467/2467 2469/2469
f 2470/2470 2467/2467 2471/2471
f 2472/2472 2470/2470 2471/2471
f 2456/2456 2455/2455 2464/2464
f 2469/2469 2464/2464 2463/2463
f 2469/2469 2468/2468 2464/2464
f 2469/2469 2463/2463 2466/2466
f 2273/2273 2446/2446 2269/2269
f 2273/2273 2269/2269 2268/2268
f 2454/2454 2452/2452 2273/2273
f 2273/2273 2473/2473 2454/2454
f 2273/2273 2272/2272 2473/2473
f 2286/2286 2473/2473 2272/2272
f 2454/2454 2285/2285 2461/2461
f 2285/2285 2454/2454 2473/2473
f 2285/2285 2473/2473 2286/2286
f 2461/2461 2285/2285 2474/2474
f 2462/2462 2461/2461 2474/2474
f 2474/2474 2285/2285 2284/2284
f 2474/2474 2475/2475 2462/2462
f 2475/2475 2474/2474 2284/2284
f 2228/2228 2237/2237 2451/2451
f 2241/2241 2228/2228 2451/2451
f 2241/2241 2451/2451 2459/2459
f 2476/2476 2241/2241 2459/2459
f 2241/2241 2476/2476 2245/2245
f 2476/2476 2459/2459 2470/2470
f 2470/2470 2472/2472 2476/2476
f 2476/2476 2477/2477 2245/2245
f 2477/2477 2246/2246 2245/2245
f 2354/2354 2223/2223 2222/2222
f 2222/2222 2478/2478 2354/2354
f 2479/2479 2480/2480 2481/2481
f 2482/2482 2480/2480 2479/2479
f 2482/2482 2483/2483 2484/2484
f 2483/2483 2482/2482 2479/2479
f 2485/2485 2475/2475 2486/2486
f 2290/2290 2289/2289 2487/2487
f 2290/2290 2475/2475 2284/2284
f 2488/2488 2290/2290 2487/2487
f 2489/2489 2290/2290 2488/2488
f 2475/2475 2290/2290 2486/2486
f 2489/2489 2486/2486 2290/2290
f 2489/2489 2485/2485 2486/2486
f 2489/2489 2488/2488 2490/2490
f 2491/2491 2489/2489 2490/2490
f 2487/2487 2300/2300 2302/2302
f 2487/2487 2302/2302 2492/2492
f 2493/2493 2487/2487 2492/2492
f 2301/2301 2303/2303 2302/2302
f 2494/2494 2302/2302 2303/2303
f 2302/2302 2494/2494 2492/2492
f 2300/2300 2487/2487 2289/2289
f 2488/2488 2487/2487 2493/2493
f 2493/2493 2492/2492 2497/2497
f 2498/2498 2488/2488 2493/2493
f 2500/2500 2498/2498 2501/2501
f 2498/2498 2493/2493 2501/2501
f 2501/2501 2493/2493 2497/2497
f 2496/2496 2495/2495 2480/2480
f 2497/2497 2492/2492 2494/2494
f 2482/2482 2496/2496 2480/2480
f 2502/2502 2496/2496 2482/2482
f 2502/2502 2482/2482 2484/2484
f 2503/2503 2502/2502 2484/2484
f 2488/2488 2498/2498 2490/2490
f 2504/2504 2490/2490 2498/2498
f 2505/2505 2490/2490 2504/2504
f 2505/2505 2491/2491 2490/2490
f 2507/2507 2505/2505 2509/2509
f 2510/2510 2505/2505 2507/2507
f 2511/2511 2510/2510 2507/2507
f 2512/2512 2510/2510 2511/2511
f 2498/2498 2500/2500 2504/2504
f 2502/2502 2503/2503 2499/2499
f 2499/2499 2503/2503 2513/2513
f 2514/2514 2499/2499 2513/2513
f 2515/2515 2484/2484 2483/2483
f 2503/2503 2484/2484 2515/2515
f 2503/2503 2515/2515 2513/2513
f 2500/2500 2509/2509 2504/2504
f 2509/2509 2505/2505 2504/2504
f 2513/2513 2516/2516 2514/2514
f 2514/2514 2508/2508 2499/2499
f 2506/2506 2508/2508 2517/2517
f 2517/2517 2514/2514 2516/2516
f 2517/2517 2508/2508 2514/2514
f 2516/2516 2513/2513 2515/2515
f 2516/2516 2518/2518 2517/2517
f 2519/2519 2517/2517 2518/2518
f 2516/2516 2515/2515 2520/2520
f 2516/2516 2520/2520 2518/2518
f 2521/2521 2511/2511 2507/2507
f 2521/2521 2512/2512 2511/2511
f 2519/2519 2506/2506 2517/2517
f 2518/2518 2523/2523 2519/2519
f 2523/2523 2524/2524 2519/2519
f 2519/2519 2522/2522 2506/2506
f 2525/2525 2522/2522 2519/2519
f 2524/2524 2523/2523 2527/2527
f 2525/2525 2519/2519 2524/2524
f 2528/2528 2525/2525 2524/2524
f 2528/2528 2529/2529 2525/2525
f 2524/2524 2527/2527 2528/2528
f 2527/2527 2531/2531 2528/2528
f 2532/2532 2385/2385 2533/2533
f 2387/2387 2533/2533 2385/2385
f 2533/2533 2534/2534 2532/2532
f 2535/2535 2534/2534 2536/2536
f 2537/2537 2538/2538 2534/2534
f 2538/2538 2537/2537 2481/2481
f 2483/2483 2481/2481 2537/2537
f 2539/2539 2483/2483 2537/2537
f 2479/2479 2481/2481 2483/2483
f 2534/2534 2535/2535 2537/2537
f 2536/2536 2534/2534 2533/2533
f 2537/2537 2535/2535 2539/2539
f 2396/2396 2540/2540 2541/2541
f 2533/2533 2541/2541 2540/2540
f 2540/2540 2393/2393 2397/2397
f 2540/2540 2396/2396 2393/2393
f 2542/2542 2540/2540 2397/2397
f 2542/2542 2397/2397 2543/2543
f 2396/2396 2541/2541 2387/2387
f 2533/2533 2387/2387 2541/2541
f 2544/2544 2536/2536 2533/2533
f 2544/2544 2533/2533 2540/2540
f 2545/2545 2546/2546 2547/2547
f 2546/2546 2540/2540 2542/2542
f 2544/2544 2540/2540 2546/2546
f 2542/2542 2547/2547 2546/2546
f 2548/2548 2546/2546 2545/2545
f 2548/2548 2544/2544 2546/2546
f 2549/2549 2535/2535 2536/2536
f 2550/2550 2535/2535 2549/2549
f 2550/2550 2549/2549 2551/2551
f 2515/2515 2483/2483 2539/2539
f 2550/2550 2539/2539 2535/2535
f 2552/2552 2539/2539 2550/2550
f 2553/2553 2552/2552 2550/2550
f 2553/2553 2550/2550 2551/2551
f 2552/2552 2515/2515 2539/2539
f 2520/2520 2515/2515 2552/2552
f 2518/2518 2520/2520 2554/2554
f 2551/2551 2555/2555 2553/2553
f 2555/2555 2554/2554 2553/2553
f 2553/2553 2520/2520 2552/2552
f 2520/2520 2553/2553 2554/2554
f 2536/2536 2556/2556 2549/2549
f 2536/2536 2544/2544 2556/2556
f 2556/2556 2544/2544 2548/2548
f 2551/2551 2549/2549 2556/2556
f 2551/2551 2556/2556 2555/2555
f 2555/2555 2556/2556 2548/2548
f 2548/2548 2557/2557 2555/2555
f 2555/2555 2558/2558 2559/2559
f 2559/2559 2554/2554 2555/2555
f 2543/2543 2416/2416 2415/2415
f 2397/2397 2416/2416 2543/2543
f 2543/2543 2415/2415 2419/2419
f 2547/2547 2542/2542 2543/2543
f 2418/2418 2421/2421 2419/2419
f 2418/2418 2417/2417 2421/2421
f 2422/2422 2560/2560 2421/2421
f 2543/2543 2421/2421 2561/2561
f 2543/2543 2419/2419 2421/2421
f 2543/2543 2562/2562 2547/2547
f 2547/2547 2562/2562 2545/2545
f 2543/2543 2557/2557 2562/2562
f 2557/2557 2543/2543 2561/2561
f 2562/2562 2548/2548 2545/2545
f 2557/2557 2548/2548 2562/2562
f 2421/2421 2560/2560 2561/2561
f 2563/2563 2561/2561 2560/2560
f 2557/2557 2561/2561 2563/2563
f 2564/2564 2557/2557 2563/2563
f 2560/2560 2422/2422 2565/2565
f 2566/2566 2428/2428 2429/2429
f 2422/2422 2428/2428 2565/2565
f 2567/2567 2428/2428 2566/2566
f 2567/2567 2565/2565 2428/2428
f 2566/2566 2429/2429 2431/2431
f 2566/2566 2568/2568 2567/2567
f 2431/2431 2568/2568 2566/2566
f 2567/2567 2560/2560 2565/2565
f 2563/2563 2560/2560 2567/2567
f 2569/2569 2563/2563 2567/2567
f 2564/2564 2563/2563 2569/2569
f 2569/2569 2567/2567 2568/2568
f 2570/2570 2564/2564 2569/2569
f 2569/2569 2568/2568 2571/2571
f 2570/2570 2569/2569 2571/2571
f 2570/2570 2571/2571 2572/2572
f 2555/2555 2557/2557 2564/2564
f 2558/2558 2555/2555 2564/2564
f 2558/2558 2564/2564 2570/2570
f 2558/2558 2570/2570 2573/2573
f 2574/2574 2570/2570 2572/2572
f 2523/2523 2518/2518 2554/2554
f 2554/2554 2559/2559 2523/2523
f 2527/2527 2523/2523 2559/2559
f 2559/2559 2531/2531 2527/2527
f 2575/2575 2531/2531 2559/2559
f 2559/2559 2558/2558 2576/2576
f 2559/2559 2576/2576 2575/2575
f 2576/2576 2558/2558 2573/2573
f 2577/2577 2465/2465 2462/2462
f 2577/2577 2466/2466 2465/2465
f 2578/2578 2466/2466 2577/2577
f 2579/2579 2472/2472 2471/2471
f 2580/2580 2472/2472 2579/2579
f 2581/2581 2580/2580 2582/2582
f 2583/2583 2469/2469 2466/2466
f 2583/2583 2466/2466 2578/2578
f 2469/2469 2583/2583 2471/2471
f 2583/2583 2579/2579 2471/2471
f 2583/2583 2584/2584 2579/2579
f 2584/2584 2583/2583 2578/2578
f 2578/2578 2585/2585 2584/2584
f 2586/2586 2584/2584 2585/2585
f 2585/2585 2578/2578 2577/2577
f 2586/2586 2585/2585 2577/2577
f 2582/2582 2579/2579 2584/2584
f 2582/2582 2580/2580 2579/2579
f 2586/2586 2582/2582 2584/2584
f 2581/2581 2582/2582 2586/2586
f 2587/2587 2577/2577 2588/2588
f 2586/2586 2577/2577 2587/2587
f 2589/2589 2586/2586 2587/2587
f 2586/2586 2590/2590 2581/2581
f 2581/2581 2591/2591 2592/2592
f 2590/2590 2591/2591 2581/2581
f 2586/2586 2589/2589 2590/2590
f 2589/2589 2593/2593 2590/2590
f 2475/2475 2485/2485 2577/2577
f 2577/2577 2462/2462 2475/2475
f 2491/2491 2577/2577 2485/2485
f 2491/2491 2485/2485 2489/2489
f 2577/2577 2491/2491 2594/2594
f 2505/2505 2594/2594 2491/2491
f 2505/2505 2588/2588 2594/2594
f 2588/2588 2577/2577 2594/2594
f 2595/2595 2587/2587 2588/2588
f 2588/2588 2505/2505 2510/2510
f 2512/2512 2588/2588 2510/2510
f 2595/2595 2588/2588 2512/2512
f 2595/2595 2589/2589 2587/2587
f 2596/2596 2589/2589 2595/2595
f 2597/2597 2476/2476 2472/2472
f 2597/2597 2472/2472 2580/2580
f 2597/2597 2580/2580 2598/2598
f 2597/2597 2477/2477 2476/2476
f 2597/2597 2598/2598 2477/2477
f 2592/2592 2580/2580 2581/2581
f 2591/2591 2599/2599 2592/2592
f 2599/2599 2598/2598 2580/2580
f 2580/2580 2592/2592 2599/2599
f 2599/2599 2477/2477 2598/2598
f 2600/2600 2599/2599 2591/2591
f 2477/2477 2599/2599 2601/2601
f 2602/2602 2601/2601 2599/2599
f 2246/2246 2477/2477 2601/2601
f 2600/2600 2602/2602 2599/2599
f 2602/2602 2600/2600 2591/2591
f 2590/2590 2602/2602 2591/2591
f 2603/2603 2602/2602 2590/2590
f 2602/2602 2603/2603 2604/2604
f 2605/2605 2601/2601 2602/2602
f 2601/2601 2605/2605 2606/2606
f 2605/2605 2602/2602 2607/2607
f 2608/2608 2590/2590 2593/2593
f 2609/2609 2608/2608 2610/2610
f 2611/2611 2590/2590 2608/2608
f 2609/2609 2611/2611 2608/2608
f 2610/2610 2611/2611 2609/2609
f 2608/2608 2612/2612 2610/2610
f 2603/2603 2611/2611 2610/2610
f 2613/2613 2614/2614 2610/2610
f 2615/2615 2603/2603 2610/2610
f 2615/2615 2610/2610 2614/2614
f 2616/2616 2617/2617 2595/2595
f 2512/2512 2521/2521 2595/2595
f 2526/2526 2595/2595 2521/2521
f 2616/2616 2595/2595 2526/2526
f 2596/2596 2595/2595 2617/2617
f 2608/2608 2589/2589 2596/2596
f 2526/2526 2617/2617 2616/2616
f 2618/2618 2617/2617 2526/2526
f 2596/2596 2617/2617 2612/2612
f 2618/2618 2612/2612 2617/2617
f 2608/2608 2593/2593 2589/2589
f 2596/2596 2612/2612 2608/2608
f 2613/2613 2610/2610 2612/2612
f 2530/2530 2618/2618 2526/2526
f 2619/2619 2621/2621 2529/2529
f 2618/2618 2622/2622 2612/2612
f 2622/2622 2618/2618 2530/2530
f 2530/2530 2620/2620 2622/2622
f 2620/2620 2623/2623 2622/2622
f 2619/2619 2529/2529 2528/2528
f 2528/2528 2531/2531 2619/2619
f 2619/2619 2624/2624 2621/2621
f 2531/2531 2624/2624 2619/2619
f 2531/2531 2625/2625 2624/2624
f 2623/2623 2612/2612 2622/2622
f 2623/2623 2613/2613 2612/2612
f 2615/2615 2614/2614 2613/2613
f 2613/2613 2626/2626 2615/2615
f 2624/2624 2627/2627 2621/2621
f 2628/2628 2623/2623 2620/2620
f 2623/2623 2630/2630 2613/2613
f 2630/2630 2626/2626 2613/2613
f 2628/2628 2630/2630 2623/2623
f 2629/2629 2621/2621 2627/2627
f 2624/2624 2625/2625 2627/2627
f 2625/2625 2631/2631 2627/2627
f 2603/2603 2590/2590 2611/2611
f 2604/2604 2603/2603 2632/2632
f 2632/2632 2607/2607 2604/2604
f 2602/2602 2604/2604 2607/2607
f 2605/2605 2607/2607 2633/2633
f 2633/2633 2634/2634 2605/2605
f 2634/2634 2633/2633 2635/2635
f 2635/2635 2633/2633 2636/2636
f 2637/2637 2636/2636 2607/2607
f 2636/2636 2633/2633 2607/2607
f 2638/2638 2635/2635 2636/2636
f 2636/2636 2637/2637 2638/2638
f 2603/2603 2615/2615 2632/2632
f 2615/2615 2626/2626 2639/2639
f 2632/2632 2640/2640 2607/2607
f 2640/2640 2637/2637 2607/2607
f 2641/2641 2642/2642 2637/2637
f 2641/2641 2637/2637 2640/2640
f 2643/2643 2642/2642 2641/2641
f 2632/2632 2615/2615 2639/2639
f 2644/2644 2639/2639 2626/2626
f 2630/2630 2644/2644 2626/2626
f 2632/2632 2639/2639 2640/2640
f 2640/2640 2639/2639 2645/2645
f 2640/2640 2645/2645 2641/2641
f 2646/2646 2643/2643 2641/2641
f 2643/2643 2646/2646 2642/2642
f 2573/2573 2570/2570 2574/2574
f 2625/2625 2531/2531 2575/2575
f 2625/2625 2647/2647 2631/2631
f 2625/2625 2575/2575 2647/2647
f 2647/2647 2575/2575 2648/2648
f 2647/2647 2648/2648 2649/2649
f 2648/2648 2576/2576 2573/2573
f 2648/2648 2575/2575 2576/2576
f 2573/2573 2574/2574 2650/2650
f 2650/2650 2648/2648 2573/2573
f 2649/2649 2648/2648 2650/2650
f 2631/2631 2647/2647 2651/2651
f 2652/2652 2647/2647 2649/2649
f 2649/2649 2653/2653 2652/2652
f 2654/2654 2653/2653 2649/2649
f 2652/2652 2653/2653 2655/2655
f 2656/2656 2655/2655 2653/2653
f 2653/2653 2654/2654 2657/2657
f 2656/2656 2653/2653 2657/2657
f 2658/2658 1446/1446 1448/1448
f 2659/2659 2658/2658 1448/1448
f 2660/2660 2658/2658 2659/2659
f 1446/1446 2661/2661 1447/1447
f 1453/1453 1447/1447 2661/2661
f 2662/2662 2661/2661 1446/1446
f 2663/2663 1453/1453 2661/2661
f 1446/1446 2658/2658 2662/2662
f 2664/2664 2662/2662 2658/2658
f 2658/2658 2660/2660 2664/2664
f 2662/2662 2665/2665 2661/2661
f 2664/2664 2666/2666 2662/2662
f 2665/2665 2662/2662 2666/2666
f 2667/2667 2665/2665 2666/2666
f 2668/2668 2664/2664 2660/2660
f 2660/2660 1690/1690 2668/2668
f 2668/2668 1690/1690 2669/2669
f 2669/2669 2670/2670 2668/2668
f 2671/2671 2664/2664 2668/2668
f 2670/2670 2671/2671 2668/2668
f 2671/2671 2666/2666 2664/2664
f 2672/2672 2666/2666 2671/2671
f 2670/2670 2669/2669 2673/2673
f 2670/2670 2672/2672 2671/2671
f 2674/2674 2672/2672 2670/2670
f 2673/2673 2674/2674 2670/2670
f 1678/1678 1448/1448 1445/1445
f 2675/2675 1448/1448 1678/1678
f 1678/1678 1445/1445 1444/1444
f 2659/2659 1448/1448 2675/2675
f 1690/1690 2660/2660 2675/2675
f 1677/1677 1682/1682 2675/2675
f 1682/1682 1690/1690 2675/2675
f 1677/1677 2675/2675 1678/1678
f 2660/2660 2659/2659 2675/2675
f 2676/2676 2677/2677 2667/2667
f 2678/2678 1453/1453 2663/2663
f 2678/2678 2679/2679 1453/1453
f 2677/2677 2663/2663 2665/2665
f 2665/2665 2663/2663 2661/2661
f 2677/2677 2678/2678 2663/2663
f 2678/2678 2677/2677 2680/2680
f 2665/2665 2667/2667 2677/2677
f 2678/2678 2680/2680 2679/2679
f 2680/2680 2677/2677 2676/2676
f 2681/2681 2679/2679 2680/2680
f 2666/2666 2676/2676 2667/2667
f 2682/2682 2676/2676 2666/2666
f 2682/2682 2666/2666 2672/2672
f 2683/2683 2682/2682 2672/2672
f 2684/2684 2680/2680 2676/2676
f 2685/2685 2676/2676 2682/2682
f 2685/2685 2684/2684 2676/2676
f 2672/2672 2674/2674 2683/2683
f 2686/2686 2683/2683 2674/2674
f 2683/2683 2685/2685 2682/2682
f 2684/2684 2681/2681 2680/2680
f 2687/2687 2681/2681 2684/2684
f 2685/2685 2687/2687 2684/2684
f 2681/2681 2687/2687 2688/2688
f 2689/2689 2685/2685 2683/2683
f 2690/2690 2689/2689 2683/2683
f 2687/2687 2685/2685 2691/2691
f 2689/2689 2691/2691 2685/2685
f 2691/2691 2689/2689 2693/2693
f 2694/2694 2679/2679 2681/2681
f 2681/2681 2688/2688 2694/2694
f 1453/1453 2679/2679 1460/1460
f 1460/1460 2679/2679 2695/2695
f 2694/2694 2695/2695 2679/2679
f 1460/1460 2695/2695 1462/1462
f 2696/2696 2669/2669 2697/2697
f 2698/2698 2673/2673 2669/2669
f 2698/2698 2686/2686 2673/2673
f 2674/2674 2673/2673 2686/2686
f 2698/2698 2669/2669 2696/2696
f 2698/2698 2699/2699 2686/2686
f 1694/1694 2700/2700 2697/2697
f 2701/2701 2696/2696 2697/2697
f 2697/2697 2700/2700 2701/2701
f 2702/2702 2703/2703 2700/2700
f 2703/2703 2701/2701 2700/2700
f 2704/2704 2698/2698 2701/2701
f 2701/2701 2698/2698 2696/2696
f 2705/2705 2699/2699 2698/2698
f 2706/2706 2701/2701 2703/2703
f 2701/2701 2706/2706 2704/2704
f 2698/2698 2704/2704 2705/2705
f 2707/2707 2705/2705 2704/2704
f 2697/2697 1690/1690 1689/1689
f 2697/2697 2669/2669 1690/1690
f 1689/1689 1695/1695 2697/2697
f 1691/1691 1695/1695 1689/1689
f 2697/2697 1695/1695 1694/1694
f 2702/2702 2700/2700 1694/1694
f 1703/1703 1694/1694 1702/1702
f 1694/1694 1703/1703 2702/2702
f 1703/1703 2703/2703 2702/2702
f 2686/2686 2699/2699 2690/2690
f 2708/2708 2690/2690 2699/2699
f 2683/2683 2686/2686 2690/2690
f 2689/2689 2709/2709 2692/2692
f 2689/2689 2710/2710 2709/2709
f 2710/2710 2689/2689 2690/2690
f 2711/2711 2710/2710 2690/2690
f 2690/2690 2708/2708 2711/2711
f 2712/2712 2708/2708 2699/2699
f 2699/2699 2705/2705 2712/2712
f 2713/2713 2712/2712 2705/2705
f 2707/2707 2713/2713 2705/2705
f 2714/2714 2712/2712 2713/2713
f 2713/2713 2707/2707 2714/2714
f 2712/2712 2711/2711 2708/2708
f 2714/2714 2711/2711 2712/2712
f 2711/2711 2714/2714 2715/2715
f 2710/2710 2711/2711 2715/2715
f 2714/2714 2716/2716 2715/2715
f 2717/2717 2715/2715 2716/2716
f 2718/2718 2719/2719 2688/2688
f 2720/2720 2688/2688 2719/2719
f 2687/2687 2691/2691 2718/2718
f 2718/2718 2688/2688 2687/2687
f 2719/2719 2718/2718 2720/2720
f 2722/2722 2691/2691 2693/2693
f 2722/2722 2718/2718 2691/2691
f 2718/2718 2724/2724 2720/2720
f 2720/2720 2694/2694 2688/2688
f 2694/2694 2720/2720 2725/2725
f 2726/2726 2727/2727 2725/2725
f 2725/2725 2720/2720 2726/2726
f 2727/2727 2726/2726 2720/2720
f 2720/2720 2724/2724 2728/2728
f 2727/2727 2720/2720 2728/2728
f 2730/2730 2727/2727 2728/2728
f 1462/1462 2695/2695 2732/2732
f 2695/2695 2694/2694 2732/2732
f 2732/2732 2694/2694 2725/2725
f 1462/1462 2732/2732 1560/1560
f 2733/2733 2725/2725 2727/2727
f 2732/2732 2725/2725 1560/1560
f 2733/2733 1560/1560 2725/2725
f 1560/1560 2733/2733 2734/2734
f 2733/2733 2735/2735 2734/2734
f 2736/2736 2733/2733 2727/2727
f 2727/2727 2730/2730 2737/2737
f 2738/2738 2740/2740 2731/2731
f 2741/2741 1560/1560 2734/2734
f 2742/2742 2734/2734 2735/2735
f 2743/2743 2744/2744 2734/2734
f 2734/2734 2742/2742 2743/2743
f 2745/2745 2743/2743 2742/2742
f 2745/2745 2744/2744 2743/2743
f 2744/2744 2745/2745 2746/2746
f 2737/2737 2736/2736 2727/2727
f 2737/2737 2735/2735 2733/2733
f 2733/2733 2736/2736 2737/2737
f 2735/2735 2737/2737 2747/2747
f 2737/2737 2742/2742 2747/2747
f 2737/2737 2730/2730 2739/2739
f 2737/2737 2739/2739 2742/2742
f 2742/2742 2735/2735 2747/2747
f 2745/2745 2742/2742 2746/2746
f 2740/2740 2748/2748 2749/2749
f 2739/2739 2751/2751 2742/2742
f 2740/2740 2749/2749 2750/2750
f 2752/2752 2749/2749 2748/2748
f 2753/2753 2742/2742 2751/2751
f 2753/2753 2746/2746 2742/2742
f 2744/2744 2746/2746 2753/2753
f 2749/2749 2752/2752 2750/2750
f 2750/2750 2752/2752 2754/2754
f 2754/2754 2752/2752 2755/2755
f 2722/2722 2724/2724 2718/2718
f 2756/2756 2721/2721 2692/2692
f 2757/2757 2692/2692 2709/2709
f 2709/2709 2710/2710 2757/2757
f 2710/2710 2715/2715 2757/2757
f 2757/2757 2756/2756 2692/2692
f 2756/2756 2758/2758 2721/2721
f 2758/2758 2723/2723 2721/2721
f 2759/2759 2723/2723 2758/2758
f 2758/2758 2756/2756 2760/2760
f 2758/2758 2760/2760 2761/2761
f 2729/2729 2723/2723 2759/2759
f 2757/2757 2715/2715 2762/2762
f 2756/2756 2757/2757 2762/2762
f 2763/2763 2756/2756 2762/2762
f 2764/2764 2715/2715 2717/2717
f 2764/2764 2762/2762 2715/2715
f 2764/2764 2765/2765 2762/2762
f 2760/2760 2756/2756 2763/2763
f 2763/2763 2762/2762 2765/2765
f 2765/2765 2760/2760 2763/2763
f 2765/2765 2766/2766 2760/2760
f 2765/2765 2764/2764 2767/2767
f 2768/2768 2765/2765 2767/2767
f 2769/2769 2766/2766 2765/2765
f 2768/2768 2769/2769 2765/2765
f 2770/2770 2769/2769 2768/2768
f 2761/2761 2759/2759 2758/2758
f 2729/2729 2738/2738 2731/2731
f 2771/2771 2729/2729 2759/2759
f 2759/2759 2761/2761 2771/2771
f 2738/2738 2729/2729 2771/2771
f 2761/2761 2760/2760 2772/2772
f 2772/2772 2771/2771 2761/2761
f 2771/2771 2773/2773 2738/2738
f 2774/2774 2771/2771 2772/2772
f 2774/2774 2773/2773 2771/2771
f 2775/2775 2773/2773 2774/2774
f 2772/2772 2760/2760 2776/2776
f 2766/2766 2776/2776 2760/2760
f 2770/2770 2766/2766 2769/2769
f 2770/2770 2776/2776 2766/2766
f 2770/2770 2777/2777 2776/2776
f 2778/2778 2772/2772 2776/2776
f 2777/2777 2778/2778 2776/2776
f 2779/2779 2777/2777 2770/2770
f 2779/2779 2780/2780 2777/2777
f 2774/2774 2772/2772 2778/2778
f 2780/2780 2778/2778 2777/2777
f 2781/2781 2782/2782 2780/2780
f 2780/2780 2782/2782 2778/2778
f 2780/2780 2779/2779 2781/2781
f 2740/2740 2738/2738 2748/2748
f 2752/2752 2748/2748 2773/2773
f 2748/2748 2738/2738 2773/2773
f 2783/2783 2752/2752 2773/2773
f 2755/2755 2752/2752 2783/2783
f 2773/2773 2775/2775 2783/2783
f 2775/2775 2774/2774 2784/2784
f 2774/2774 2778/2778 2784/2784
f 2778/2778 2782/2782 2784/2784
f 2781/2781 2785/2785 2786/2786
f 2781/2781 2786/2786 2782/2782
f 2787/2787 2788/2788 2786/2786
f 2789/2789 2703/2703 2790/2790
f 2789/2789 2706/2706 2703/2703
f 2791/2791 2706/2706 2789/2789
f 2792/2792 2704/2704 2706/2706
f 2792/2792 2707/2707 2704/2704
f 2791/2791 2792/2792 2706/2706
f 1719/1719 2793/2793 2791/2791
f 2793/2793 2794/2794 2791/2791
f 2795/2795 2792/2792 2791/2791
f 2794/2794 2795/2795 2791/2791
f 2794/2794 2796/2796 2795/2795
f 2796/2796 2794/2794 2793/2793
f 1712/1712 2703/2703 1703/1703
f 2790/2790 2703/2703 1712/1712
f 1719/1719 2789/2789 2790/2790
f 2790/2790 1712/1712 1719/1719
f 2791/2791 2789/2789 1719/1719
f 1720/1720 2793/2793 1719/1719
f 2707/2707 2795/2795 2797/2797
f 2797/2797 2714/2714 2707/2707
f 2795/2795 2707/2707 2792/2792
f 2717/2717 2714/2714 2797/2797
f 2717/2717 2716/2716 2714/2714
f 2798/2798 2717/2717 2797/2797
f 2799/2799 2717/2717 2798/2798
f 2797/2797 2795/2795 2800/2800
f 2797/2797 2800/2800 2801/2801
f 2800/2800 2795/2795 2796/2796
f 2802/2802 2801/2801 2800/2800
f 2798/2798 2797/2797 2801/2801
f 2798/2798 2801/2801 2799/2799
f 2803/2803 2799/2799 2801/2801
f 2804/2804 2801/2801 2802/2802
f 2804/2804 2803/2803 2801/2801
f 2796/2796 2805/2805 2800/2800
f 2806/2806 2800/2800 2805/2805
f 1734/1734 2793/2793 1720/1720
f 2805/2805 2793/2793 1734/1734
f 2796/2796 2793/2793 2805/2805
f 2805/2805 1734/1734 2807/2807
f 1731/1731 1743/1743 1734/1734
f 2807/2807 1734/1734 1743/1743
f 2806/2806 2805/2805 2808/2808
f 2809/2809 2802/2802 2800/2800
f 2809/2809 2800/2800 2806/2806
f 2810/2810 2809/2809 2806/2806
f 2809/2809 2804/2804 2802/2802
f 2811/2811 2809/2809 2810/2810
f 2812/2812 2809/2809 2811/2811
f 2813/2813 2812/2812 2811/2811
f 2810/2810 2814/2814 2811/2811
f 2815/2815 2816/2816 2813/2813
f 2808/2808 2817/2817 2806/2806
f 2814/2814 2810/2810 2806/2806
f 2814/2814 2806/2806 2817/2817
f 2818/2818 2817/2817 2808/2808
f 2819/2819 2818/2818 2808/2808
f 2820/2820 2818/2818 2819/2819
f 2818/2818 2820/2820 2821/2821
f 2821/2821 2817/2817 2818/2818
f 2822/2822 2817/2817 2821/2821
f 2822/2822 2814/2814 2817/2817
f 2823/2823 2815/2815 2813/2813
f 2814/2814 2813/2813 2811/2811
f 2813/2813 2814/2814 2823/2823
f 2824/2824 2823/2823 2814/2814
f 2824/2824 2815/2815 2823/2823
f 2822/2822 2824/2824 2814/2814
f 2825/2825 2824/2824 2822/2822
f 2826/2826 2824/2824 2825/2825
f 2825/2825 2822/2822 2826/2826
f 2717/2717 2827/2827 2764/2764
f 2827/2827 2767/2767 2764/2764
f 2717/2717 2799/2799 2827/2827
f 2828/2828 2767/2767 2827/2827
f 2828/2828 2829/2829 2767/2767
f 2827/2827 2830/2830 2828/2828
f 2829/2829 2768/2768 2767/2767
f 2831/2831 2770/2770 2768/2768
f 2831/2831 2768/2768 2829/2829
f 2803/2803 2827/2827 2799/2799
f 2832/2832 2828/2828 2830/2830
f 2828/2828 2832/2832 2833/2833
f 2834/2834 2832/2832 2830/2830
f 2830/2830 2827/2827 2803/2803
f 2835/2835 2830/2830 2803/2803
f 2803/2803 2804/2804 2809/2809
f 2803/2803 2809/2809 2836/2836
f 2835/2835 2803/2803 2836/2836
f 2835/2835 2834/2834 2830/2830
f 2836/2836 2837/2837 2835/2835
f 2835/2835 2837/2837 2834/2834
f 2828/2828 2833/2833 2829/2829
f 2838/2838 2829/2829 2833/2833
f 2832/2832 2838/2838 2833/2833
f 2839/2839 2829/2829 2838/2838
f 2839/2839 2831/2831 2829/2829
f 2838/2838 2832/2832 2834/2834
f 2840/2840 2838/2838 2834/2834
f 2841/2841 2838/2838 2840/2840
f 2841/2841 2842/2842 2838/2838
f 2843/2843 2844/2844 2841/2841
f 2844/2844 2845/2845 2841/2841
f 2843/2843 2845/2845 2844/2844
f 2779/2779 2770/2770 2831/2831
f 2846/2846 2779/2779 2831/2831
f 2847/2847 2779/2779 2846/2846
f 2847/2847 2785/2785 2779/2779
f 2846/2846 2831/2831 2848/2848
f 2839/2839 2848/2848 2831/2831
f 2848/2848 2847/2847 2846/2846
f 2839/2839 2838/2838 2848/2848
f 2847/2847 2848/2848 2849/2849
f 2850/2850 2847/2847 2849/2849
f 2785/2785 2781/2781 2779/2779
f 2851/2851 2787/2787 2786/2786
f 2851/2851 2788/2788 2787/2787
f 2785/2785 2851/2851 2786/2786
f 2852/2852 2785/2785 2847/2847
f 2850/2850 2852/2852 2847/2847
f 2842/2842 2850/2850 2848/2848
f 2842/2842 2848/2848 2838/2838
f 2849/2849 2848/2848 2850/2850
f 2850/2850 2853/2853 2852/2852
f 2842/2842 2841/2841 2845/2845
f 2854/2854 2842/2842 2845/2845
f 2842/2842 2854/2854 2855/2855
f 2853/2853 2850/2850 2842/2842
f 2853/2853 2842/2842 2855/2855
f 2852/2852 2851/2851 2785/2785
f 2852/2852 2856/2856 2851/2851
f 2857/2857 2852/2852 2853/2853
f 2857/2857 2856/2856 2852/2852
f 2858/2858 2856/2856 2859/2859
f 2853/2853 2855/2855 2857/2857
f 2859/2859 2856/2856 2857/2857
f 2860/2860 2836/2836 2809/2809
f 2837/2837 2836/2836 2860/2860
f 2861/2861 2837/2837 2860/2860
f 2837/2837 2840/2840 2834/2834
f 2840/2840 2837/2837 2861/2861
f 2812/2812 2860/2860 2809/2809
f 2861/2861 2860/2860 2812/2812
f 2812/2812 2813/2813 2816/2816
f 2862/2862 2841/2841 2840/2840
f 2816/2816 2861/2861 2812/2812
f 2815/2815 2861/2861 2816/2816
f 2815/2815 2840/2840 2861/2861
f 2862/2862 2840/2840 2815/2815
f 2863/2863 2862/2862 2815/2815
f 2862/2862 2843/2843 2841/2841
f 2864/2864 2843/2843 2862/2862
f 2843/2843 2864/2864 2865/2865
f 2865/2865 2866/2866 2843/2843
f 2867/2867 2866/2866 2868/2868
f 2815/2815 2824/2824 2863/2863
f 2864/2864 2862/2862 2863/2863
f 2864/2864 2863/2863 2869/2869
f 2826/2826 2863/2863 2824/2824
f 2826/2826 2869/2869 2863/2863
f 2826/2826 2870/2870 2869/2869
f 2871/2871 2869/2869 2870/2870
f 2872/2872 2871/2871 2870/2870
f 2873/2873 2871/2871 2872/2872
f 2865/2865 2864/2864 2869/2869
f 2874/2874 2865/2865 2869/2869
f 2874/2874 2868/2868 2865/2865
f 2868/2868 2866/2866 2865/2865
f 2875/2875 2868/2868 2874/2874
f 2869/2869 2871/2871 2874/2874
f 2875/2875 2874/2874 2871/2871
f 2871/2871 2873/2873 2875/2875
f 2873/2873 2876/2876 2875/2875
f 2877/2877 2868/2868 2875/2875
f 2877/2877 2878/2878 2868/2868
f 2843/2843 2854/2854 2845/2845
f 2867/2867 2843/2843 2866/2866
f 2867/2867 2855/2855 2854/2854
f 2843/2843 2867/2867 2854/2854
f 2879/2879 2880/2880 2855/2855
f 2857/2857 2855/2855 2880/2880
f 2880/2880 2859/2859 2857/2857
f 2878/2878 2867/2867 2868/2868
f 2878/2878 2855/2855 2867/2867
f 2878/2878 2879/2879 2855/2855
f 2881/2881 2882/2882 2879/2879
f 2883/2883 2878/2878 2877/2877
f 2878/2878 2883/2883 2879/2879
f 2881/2881 2879/2879 2883/2883
f 1868/1868 1538/1538 1539/1539
f 2884/2884 1868/1868 1539/1539
f 2884/2884 1539/1539 1540/1540
f 1879/1879 1868/1868 2884/2884
f 2886/2886 2884/2884 1540/1540
f 2885/2885 2888/2888 1880/1880
f 2886/2886 1540/1540 2889/2889
f 2889/2889 1540/1540 1536/1536
f 2889/2889 1536/1536 2892/2892
f 2893/2893 2887/2887 2890/2890
f 2893/2893 2890/2890 2894/2894
f 1867/1867 1868/1868 1879/1879
f 1880/1880 2888/2888 2895/2895
f 1880/1880 2895/2895 1883/1883
f 2888/2888 2885/2885 2895/2895
f 2895/2895 2885/2885 2887/2887
f 1880/1880 1883/1883 1881/1881
f 2896/2896 2887/2887 2893/2893
f 2895/2895 2887/2887 2896/2896
f 2897/2897 2896/2896 2893/2893
f 2898/2898 2895/2895 2896/2896
f 2898/2898 2899/2899 2895/2895
f 2896/2896 2897/2897 2900/2900
f 2898/2898 2896/2896 2900/2900
f 2901/2901 2898/2898 2900/2900
f 2901/2901 2900/2900 2902/2902
f 2892/2892 1536/1536 1541/1541
f 2892/2892 1541/1541 1551/1551
f 2890/2890 2891/2891 2894/2894
f 1552/1552 2894/2894 2891/2891
f 1554/1554 1548/1548 1615/1615
f 1616/1616 2903/2903 1553/1553
f 2904/2904 1552/1552 1553/1553
f 1552/1552 2904/2904 2905/2905
f 2904/2904 1553/1553 2906/2906
f 2907/2907 2904/2904 2906/2906
f 2906/2906 1553/1553 2903/2903
f 2907/2907 2906/2906 2903/2903
f 2908/2908 2904/2904 2907/2907
f 2893/2893 2894/2894 2909/2909
f 2900/2900 2893/2893 2909/2909
f 2893/2893 2900/2900 2897/2897
f 2909/2909 2894/2894 2905/2905
f 2900/2900 2909/2909 2910/2910
f 2900/2900 2910/2910 2911/2911
f 2902/2902 2900/2900 2911/2911
f 2909/2909 2912/2912 2910/2910
f 2910/2910 2913/2913 2914/2914
f 2913/2913 2910/2910 2912/2912
f 2905/2905 2894/2894 1552/1552
f 2909/2909 2905/2905 2912/2912
f 2905/2905 2904/2904 2908/2908
f 2913/2913 2912/2912 2905/2905
f 2915/2915 2905/2905 2916/2916
f 2916/2916 2905/2905 2908/2908
f 2916/2916 2908/2908 2917/2917
f 2905/2905 2915/2915 2913/2913
f 2915/2915 2918/2918 2913/2913
f 2918/2918 2915/2915 2916/2916
f 1951/1951 1948/1948 1883/1883
f 1951/1951 1883/1883 2919/2919
f 1883/1883 2895/2895 2899/2899
f 2920/2920 1883/1883 2899/2899
f 2920/2920 2919/2919 1883/1883
f 2899/2899 2921/2921 2920/2920
f 2921/2921 2899/2899 2922/2922
f 2921/2921 2922/2922 2920/2920
f 1952/1952 1951/1951 2919/2919
f 1956/1956 1952/1952 2919/2919
f 2922/2922 2899/2899 2898/2898
f 2923/2923 2922/2922 2898/2898
f 2898/2898 2901/2901 2923/2923
f 2741/2741 1564/1564 1560/1560
f 2741/2741 2734/2734 2924/2924
f 2741/2741 1576/1576 1564/1564
f 2741/2741 2924/2924 1576/1576
f 2924/2924 2925/2925 1576/1576
f 2926/2926 2925/2925 2924/2924
f 2744/2744 2924/2924 2734/2734
f 2927/2927 2924/2924 2744/2744
f 1576/1576 2925/2925 2928/2928
f 2928/2928 2925/2925 2929/2929
f 1576/1576 2928/2928 1578/1578
f 2753/2753 2927/2927 2744/2744
f 2927/2927 2926/2926 2924/2924
f 2926/2926 2927/2927 2930/2930
f 2932/2932 2933/2933 2926/2926
f 2926/2926 2930/2930 2932/2932
f 2932/2932 2934/2934 2933/2933
f 2926/2926 2929/2929 2925/2925
f 2929/2929 2933/2933 2928/2928
f 2928/2928 2933/2933 1578/1578
f 2933/2933 2934/2934 1578/1578
f 2934/2934 2935/2935 1578/1578
f 1578/1578 2935/2935 2936/2936
f 2926/2926 2933/2933 2929/2929
f 2936/2936 2934/2934 2937/2937
f 2936/2936 2935/2935 2934/2934
f 2930/2930 2927/2927 2753/2753
f 2753/2753 2939/2939 2930/2930
f 2932/2932 2930/2930 2939/2939
f 2936/2936 1584/1584 1578/1578
f 2940/2940 1585/1585 1584/1584
f 2940/2940 1587/1587 1585/1585
f 2941/2941 1616/1616 1614/1614
f 1616/1616 2942/2942 2903/2903
f 2942/2942 1616/1616 2941/2941
f 2942/2942 2941/2941 2903/2903
f 2943/2943 2903/2903 2941/2941
f 2944/2944 1614/1614 2945/2945
f 2943/2943 2907/2907 2903/2903
f 2943/2943 2946/2946 2907/2907
f 1614/1614 2946/2946 2941/2941
f 2943/2943 2941/2941 2946/2946
f 1614/1614 2944/2944 2946/2946
f 2947/2947 2946/2946 2944/2944
f 2947/2947 2944/2944 2948/2948
f 2945/2945 1614/1614 1617/1617
f 2945/2945 1617/1617 2949/2949
f 1617/1617 1619/1619 2950/2950
f 2950/2950 2949/2949 1617/1617
f 2944/2944 2945/2945 2949/2949
f 2949/2949 2948/2948 2944/2944
f 2950/2950 2948/2948 2949/2949
f 2951/2951 2907/2907 2946/2946
f 2917/2917 2908/2908 2907/2907
f 2917/2917 2907/2907 2951/2951
f 2946/2946 2947/2947 2948/2948
f 2952/2952 2946/2946 2948/2948
f 2951/2951 2946/2946 2952/2952
f 2918/2918 2916/2916 2917/2917
f 2917/2917 2951/2951 2953/2953
f 2953/2953 2918/2918 2917/2917
f 2951/2951 2952/2952 2954/2954
f 2953/2953 2951/2951 2954/2954
f 2950/2950 2954/2954 2948/2948
f 2954/2954 2952/2952 2948/2948
f 2955/2955 2954/2954 2950/2950
f 2956/2956 2954/2954 2955/2955
f 2955/2955 2957/2957 2956/2956
f 2953/2953 2954/2954 2956/2956
f 2953/2953 2956/2956 2957/2957
f 2958/2958 2955/2955 2950/2950
f 2959/2959 2955/2955 2958/2958
f 2955/2955 2959/2959 2957/2957
f 1636/1636 1639/1639 1637/1637
f 1639/1639 2960/2960 1637/1637
f 2960/2960 1639/1639 2961/2961
f 2962/2962 2960/2960 2963/2963
f 2962/2962 1637/1637 2960/2960
f 2962/2962 2964/2964 2965/2965
f 2964/2964 2962/2962 2963/2963
f 2966/2966 2964/2964 2963/2963
f 2967/2967 2964/2964 2966/2966
f 2966/2966 2968/2968 2967/2967
f 2950/2950 1619/1619 2969/2969
f 2969/2969 1619/1619 1641/1641
f 1641/1641 1627/1627 1637/1637
f 1641/1641 1637/1637 2970/2970
f 2969/2969 1641/1641 2970/2970
f 2971/2971 2969/2969 2972/2972
f 2973/2973 2969/2969 2970/2970
f 2969/2969 2973/2973 2972/2972
f 2973/2973 2971/2971 2972/2972
f 2965/2965 2970/2970 1637/1637
f 2965/2965 2973/2973 2970/2970
f 2962/2962 2965/2965 1637/1637
f 2950/2950 2969/2969 2971/2971
f 2967/2967 2974/2974 2971/2971
f 2975/2975 2971/2971 2974/2974
f 2958/2958 2950/2950 2971/2971
f 2975/2975 2958/2958 2971/2971
f 2965/2965 2967/2967 2973/2973
f 2971/2971 2973/2973 2967/2967
f 2967/2967 2965/2965 2964/2964
f 2976/2976 2967/2967 2977/2977
f 2974/2974 2967/2967 2976/2976
f 2978/2978 2918/2918 2953/2953
f 2953/2953 2957/2957 2959/2959
f 2953/2953 2959/2959 2979/2979
f 2978/2978 2953/2953 2979/2979
f 2980/2980 2959/2959 2981/2981
f 2982/2982 2981/2981 2959/2959
f 2979/2979 2959/2959 2980/2980
f 2979/2979 2980/2980 2981/2981
f 2983/2983 2979/2979 2981/2981
f 2984/2984 2979/2979 2983/2983
f 2984/2984 2983/2983 2985/2985
f 2985/2985 2983/2983 2986/2986
f 2985/2985 2986/2986 2987/2987
f 2988/2988 2967/2967 2968/2968
f 2989/2989 2990/2990 2988/2988
f 2991/2991 2989/2989 2992/2992
f 2993/2993 2992/2992 2994/2994
f 2995/2995 2992/2992 2993/2993
f 2993/2993 2996/2996 2995/2995
f 2997/2997 2995/2995 2996/2996
f 2998/2998 2975/2975 2974/2974
f 2998/2998 2999/2999 2975/2975
f 2976/2976 2999/2999 2998/2998
f 3000/3000 2999/2999 2976/2976
f 2982/2982 2959/2959 2958/2958
f 2999/2999 2958/2958 2975/2975
f 2982/2982 2958/2958 2999/2999
f 3001/3001 2981/2981 2982/2982
f 2983/2983 2981/2981 3001/3001
f 3001/3001 2982/2982 2999/2999
f 3001/3001 2999/2999 3002/3002
f 3003/3003 2983/2983 3001/3001
f 3003/3003 3001/3001 3004/3004
f 3004/3004 3001/3001 3002/3002
f 3003/3003 3004/3004 3002/3002
f 3000/3000 3002/3002 2999/2999
f 2990/2990 2976/2976 2977/2977
f 2998/2998 2974/2974 2976/2976
f 2990/2990 2977/2977 2967/2967
f 2967/2967 2988/2988 2990/2990
f 3005/3005 3000/3000 2976/2976
f 2991/2991 2990/2990 2989/2989
f 3005/3005 2990/2990 2991/2991
f 3005/3005 2976/2976 2990/2990
f 2986/2986 3003/3003 3006/3006
f 2986/2986 2983/2983 3003/3003
f 3002/3002 3006/3006 3003/3003
f 3006/3006 3002/3002 3000/3000
f 3006/3006 3007/3007 2986/2986
f 2987/2987 2986/2986 3007/3007
f 3007/3007 3008/3008 2987/2987
f 3000/3000 3007/3007 3006/3006
f 3007/3007 3000/3000 3009/3009
f 3010/3010 3007/3007 3009/3009
f 3008/3008 3007/3007 3010/3010
f 3009/3009 3000/3000 3005/3005
f 2992/2992 2995/2995 2991/2991
f 2995/2995 3005/3005 2991/2991
f 3009/3009 3005/3005 2995/2995
f 3009/3009 3011/3011 3012/3012
f 2997/2997 3009/3009 2995/2995
f 3011/3011 3009/3009 2997/2997
f 3013/3013 3011/3011 2997/2997
f 2858/2858 2859/2859 3014/3014
f 3014/3014 2859/2859 3015/3015
f 3016/3016 3017/3017 3014/3014
f 3015/3015 2859/2859 2880/2880
f 3014/3014 3015/3015 3016/3016
f 3016/3016 3018/3018 3017/3017
f 3019/3019 3017/3017 3018/3018
f 2882/2882 2880/2880 2879/2879
f 2882/2882 3015/3015 2880/2880
f 3020/3020 3015/3015 2882/2882
f 3016/3016 3015/3015 3018/3018
f 3021/3021 3019/3019 3018/3018
f 3019/3019 3021/3021 3022/3022
f 3020/3020 3018/3018 3015/3015
f 3021/3021 3018/3018 3023/3023
f 3023/3023 3018/3018 3020/3020
f 3024/3024 3021/3021 3023/3023
f 3025/3025 3021/3021 3024/3024
f 3021/3021 3026/3026 3022/3022
f 3025/3025 3026/3026 3021/3021
f 3027/3027 3028/3028 3026/3026
f 3029/3029 3028/3028 3030/3030
f 3028/3028 3031/3031 3030/3030
f 2997/2997 3032/3032 3013/3013
f 3013/3013 3033/3033 3034/3034
f 3035/3035 3034/3034 3033/3033
f 3034/3034 3035/3035 3036/3036
f 3008/3008 3037/3037 2987/2987
f 3037/3037 3038/3038 2987/2987
f 3008/3008 3039/3039 3037/3037
f 3040/3040 3038/3038 3037/3037
f 3041/3041 3037/3037 3039/3039
f 3008/3008 3042/3042 3039/3039
f 3010/3010 3009/3009 3043/3043
f 3043/3043 3009/3009 3012/3012
f 3012/3012 3011/3011 3044/3044
f 3044/3044 3011/3011 3013/3013
f 3013/3013 3034/3034 3044/3044
f 3043/3043 3008/3008 3010/3010
f 3012/3012 3044/3044 3043/3043
f 3045/3045 3043/3043 3044/3044
f 3036/3036 3044/3044 3034/3034
f 3046/3046 3044/3044 3036/3036
f 3046/3046 3045/3045 3044/3044
f 3042/3042 3008/3008 3043/3043
f 3042/3042 3043/3043 3047/3047
f 3041/3041 3040/3040 3037/3037
f 3048/3048 3040/3040 3041/3041
f 3041/3041 3049/3049 3048/3048
f 3049/3049 3041/3041 3039/3039
f 3042/3042 3050/3050 3039/3039
f 3051/3051 3042/3042 3047/3047
f 3050/3050 3042/3042 3051/3051
f 3049/3049 3039/3039 3052/3052
f 3053/3053 3049/3049 3052/3052
f 3054/3054 3053/3053 3052/3052
f 3050/3050 3055/3055 3052/3052
f 3052/3052 3039/3039 3050/3050
f 3047/3047 3043/3043 3045/3045
f 3051/3051 3045/3045 3056/3056
f 3051/3051 3047/3047 3045/3045
f 3036/3036 3057/3057 3046/3046
f 3056/3056 3046/3046 3057/3057
f 3057/3057 3036/3036 3035/3035
f 3056/3056 3057/3057 3058/3058
f 3046/3046 3056/3056 3045/3045
f 3050/3050 3051/3051 3059/3059
f 3056/3056 3058/3058 3060/3060
f 3061/3061 3062/3062 3063/3063
f 3060/3060 3058/3058 3062/3062
f 3064/3064 3062/3062 3061/3061
f 3060/3060 3064/3064 3065/3065
f 3064/3064 3060/3060 3062/3062
f 3030/3030 3061/3061 3063/3063
f 3030/3030 3063/3063 3029/3029
f 3066/3066 3061/3061 3030/3030
f 3031/3031 3066/3066 3030/3030
f 3067/3067 3064/3064 3061/3061
f 3068/3068 3069/3069 3067/3067
f 3067/3067 3065/3065 3064/3064
f 3069/3069 3065/3065 3067/3067
f 3054/3054 3052/3052 3055/3055
f 3054/3054 3070/3070 3071/3071
f 3072/3072 3071/3071 3070/3070
f 3055/3055 3073/3073 3070/3070
f 3070/3070 3054/3054 3055/3055
f 3074/3074 3070/3070 3073/3073
f 3056/3056 3059/3059 3051/3051
f 3060/3060 3059/3059 3056/3056
f 3065/3065 3059/3059 3060/3060
f 3075/3075 3073/3073 3059/3059
f 3076/3076 3073/3073 3075/3075
f 3075/3075 3059/3059 3065/3065
f 3050/3050 3059/3059 3055/3055
f 3059/3059 3073/3073 3055/3055
f 3075/3075 3077/3077 3074/3074
f 3077/3077 3078/3078 3074/3074
f 3079/3079 3080/3080 3072/3072
f 3074/3074 3076/3076 3075/3075
f 3074/3074 3073/3073 3076/3076
f 3078/3078 3070/3070 3074/3074
f 3070/3070 3078/3078 3072/3072
f 3079/3079 3072/3072 3078/3078
f 3081/3081 3082/3082 3079/3079
f 3083/3083 3081/3081 3079/3079
f 3084/3084 3081/3081 3083/3083
f 3083/3083 3079/3079 3078/3078
f 3065/3065 3069/3069 3075/3075
f 3085/3085 3075/3075 3069/3069
f 3077/3077 3075/3075 3085/3085
f 3086/3086 2755/2755 2783/2783
f 2784/2784 3087/3087 2775/2775
f 2775/2775 3086/3086 2783/2783
f 3087/3087 3086/3086 2775/2775
f 3088/3088 3087/3087 2784/2784
f 2755/2755 3086/3086 2754/2754
f 3086/3086 3089/3089 2754/2754
f 3090/3090 3089/3089 3086/3086
f 3086/3086 3087/3087 3091/3091
f 3091/3091 3090/3090 3086/3086
f 3092/3092 3091/3091 3087/3087
f 3093/3093 3090/3090 3091/3091
f 3092/3092 3093/3093 3091/3091
f 3093/3093 3092/3092 3094/3094
f 3088/3088 2784/2784 2782/2782
f 2788/2788 3088/3088 2782/2782
f 3095/3095 3088/3088 2788/2788
f 3088/3088 3092/3092 3087/3087
f 2786/2786 2788/2788 2782/2782
f 3095/3095 3092/3092 3088/3088
f 3095/3095 3096/3096 3092/3092
f 3096/3096 3097/3097 3092/3092
f 3098/3098 3096/3096 2788/2788
f 3096/3096 3095/3095 2788/2788
f 3098/3098 3097/3097 3096/3096
f 3097/3097 3094/3094 3092/3092
f 3098/3098 2788/2788 2851/2851
f 2856/2856 3098/3098 2851/2851
f 2856/2856 3099/3099 3098/3098
f 3100/3100 3098/3098 3099/3099
f 3099/3099 3101/3101 3100/3100
f 3101/3101 3098/3098 3100/3100
f 2856/2856 2858/2858 3099/3099
f 3101/3101 3099/3099 2858/2858
f 3102/3102 3101/3101 2858/2858
f 3103/3103 2936/2936 2937/2937
f 2754/2754 3089/3089 2938/2938
f 2931/2931 2938/2938 3089/3089
f 3089/3089 3104/3104 2931/2931
f 2931/2931 3104/3104 3106/3106
f 2934/2934 2932/2932 2937/2937
f 2937/2937 2932/2932 3107/3107
f 2937/2937 3107/3107 3103/3103
f 3103/3103 3108/3108 2936/2936
f 2932/2932 3103/3103 3107/3107
f 3103/3103 2932/2932 3105/3105
f 3109/3109 3106/3106 3104/3104
f 3103/3103 3105/3105 3110/3110
f 3108/3108 3103/3103 3110/3110
f 3109/3109 3111/3111 3106/3106
f 3111/3111 3109/3109 3112/3112
f 3114/3114 3112/3112 3109/3109
f 2940/2940 1584/1584 3115/3115
f 2936/2936 3115/3115 1584/1584
f 2936/2936 3108/3108 3115/3115
f 3115/3115 3108/3108 3116/3116
f 3117/3117 1587/1587 2940/2940
f 1587/1587 3117/3117 3118/3118
f 1630/1630 1587/1587 3118/3118
f 3117/3117 3119/3119 3118/3118
f 3120/3120 3119/3119 3117/3117
f 3120/3120 3117/3117 2940/2940
f 2940/2940 3115/3115 3120/3120
f 3121/3121 3119/3119 3120/3120
f 3123/3123 3124/3124 3122/3122
f 3110/3110 3116/3116 3108/3108
f 3115/3115 3116/3116 3120/3120
f 3120/3120 3116/3116 3125/3125
f 3113/3113 3125/3125 3116/3116
f 3126/3126 3112/3112 3127/3127
f 3113/3113 3116/3116 3110/3110
f 3128/3128 3112/3112 3114/3114
f 3128/3128 3127/3127 3112/3112
f 3121/3121 3120/3120 3125/3125
f 3129/3129 3122/3122 3126/3126
f 3126/3126 3127/3127 3129/3129
f 3130/3130 3123/3123 3131/3131
f 3132/3132 3131/3131 3123/3123
f 3129/3129 3123/3123 3122/3122
f 3129/3129 3127/3127 3132/3132
f 3132/3132 3123/3123 3129/3129
f 3133/3133 3131/3131 3132/3132
f 3134/3134 3133/3133 3132/3132
f 3089/3089 3090/3090 3104/3104
f 3109/3109 3104/3104 3090/3090
f 3135/3135 3109/3109 3090/3090
f 3093/3093 3135/3135 3090/3090
f 3135/3135 3093/3093 3136/3136
f 3094/3094 3136/3136 3093/3093
f 3135/3135 3137/3137 3109/3109
f 3137/3137 3114/3114 3109/3109
f 3114/3114 3137/3137 3138/3138
f 3136/3136 3137/3137 3135/3135
f 3139/3139 3137/3137 3136/3136
f 3139/3139 3140/3140 3138/3138
f 3141/3141 3139/3139 3142/3142
f 3139/3139 3138/3138 3137/3137
f 3098/3098 3143/3143 3097/3097
f 3097/3097 3136/3136 3094/3094
f 3144/3144 3139/3139 3136/3136
f 3142/3142 3139/3139 3144/3144
f 3136/3136 3097/3097 3144/3144
f 3145/3145 3142/3142 3144/3144
f 3146/3146 3127/3127 3140/3140
f 3140/3140 3114/3114 3138/3138
f 3140/3140 3128/3128 3114/3114
f 3140/3140 3127/3127 3128/3128
f 3141/3141 3140/3140 3139/3139
f 3147/3147 3140/3140 3141/3141
f 3147/3147 3146/3146 3140/3140
f 3134/3134 3132/3132 3127/3127
f 3146/3146 3134/3134 3127/3127
f 3148/3148 3134/3134 3149/3149
f 3150/3150 3149/3149 3151/3151
f 3146/3146 3149/3149 3134/3134
f 3146/3146 3151/3151 3149/3149
f 3149/3149 3152/3152 3148/3148
f 3150/3150 3153/3153 3149/3149
f 3153/3153 3152/3152 3149/3149
f 3154/3154 3153/3153 3155/3155
f 3141/3141 3142/3142 3145/3145
f 3147/3147 3141/3141 3145/3145
f 3156/3156 3146/3146 3147/3147
f 3156/3156 3147/3147 3157/3157
f 3151/3151 3146/3146 3156/3156
f 3153/3153 3150/3150 3156/3156
f 3156/3156 3150/3150 3151/3151
f 3153/3153 3156/3156 3155/3155
f 1630/1630 3118/3118 1635/1635
f 1642/1642 1632/1632 1634/1634
f 3158/3158 3159/3159 1642/1642
f 3160/3160 1642/1642 3159/3159
f 3118/3118 3119/3119 1635/1635
f 3158/3158 1642/1642 1634/1634
f 3119/3119 3121/3121 1635/1635
f 3124/3124 1634/1634 3122/3122
f 3124/3124 3158/3158 1634/1634
f 3130/3130 3158/3158 3124/3124
f 3130/3130 3159/3159 3158/3158
f 3161/3161 3159/3159 3130/3130
f 3161/3161 3160/3160 3159/3159
f 1639/1639 1638/1638 3160/3160
f 3160/3160 1638/1638 1642/1642
f 2961/2961 1639/1639 3160/3160
f 2963/2963 2960/2960 2961/2961
f 3161/3161 2961/2961 3160/3160
f 2963/2963 2961/2961 3161/3161
f 3162/3162 3161/3161 3130/3130
f 3163/3163 3161/3161 3162/3162
f 3162/3162 3130/3130 3131/3131
f 3164/3164 3162/3162 3131/3131
f 3131/3131 3133/3133 3164/3164
f 3148/3148 3164/3164 3133/3133
f 3164/3164 3163/3163 3162/3162
f 3165/3165 3163/3163 3164/3164
f 3166/3166 3164/3164 3148/3148
f 3161/3161 3163/3163 2963/2963
f 2963/2963 3163/3163 3167/3167
f 2963/2963 3167/3167 2966/2966
f 3165/3165 3167/3167 3163/3163
f 2988/2988 3167/3167 3165/3165
f 2968/2968 2966/2966 3167/3167
f 2968/2968 3167/3167 2988/2988
f 3130/3130 3124/3124 3123/3123
f 3133/3133 3134/3134 3148/3148
f 3168/3168 3166/3166 3148/3148
f 3164/3164 3166/3166 3165/3165
f 3166/3166 3169/3169 3165/3165
f 3169/3169 3166/3166 3168/3168
f 3152/3152 3170/3170 3148/3148
f 3170/3170 3168/3168 3148/3148
f 3168/3168 3170/3170 3171/3171
f 2989/2989 2988/2988 3165/3165
f 3169/3169 2989/2989 3165/3165
f 2992/2992 2989/2989 3169/3169
f 3169/3169 2994/2994 2992/2992
f 3153/3153 3170/3170 3152/3152
f 3172/3172 3171/3171 3170/3170
f 3170/3170 3153/3153 3172/3172
f 3173/3173 3172/3172 3153/3153
f 3174/3174 3168/3168 3171/3171
f 3172/3172 3174/3174 3171/3171
f 3168/3168 3174/3174 2994/2994
f 3175/3175 3172/3172 3173/3173
f 3173/3173 3153/3153 3175/3175
f 3174/3174 3172/3172 2994/2994
f 2994/2994 3169/3169 3168/3168
f 2994/2994 3032/3032 2993/2993
f 2996/2996 2993/2993 3032/3032
f 3032/3032 2994/2994 3172/3172
f 3032/3032 2997/2997 2996/2996
f 3101/3101 3143/3143 3098/3098
f 3101/3101 3102/3102 3143/3143
f 3176/3176 3102/3102 2858/2858
f 3143/3143 3102/3102 3177/3177
f 3178/3178 3102/3102 3176/3176
f 3178/3178 3177/3177 3102/3102
f 3179/3179 3177/3177 3178/3178
f 3144/3144 3143/3143 3180/3180
f 3180/3180 3143/3143 3177/3177
f 3180/3180 3177/3177 3179/3179
f 3181/3181 3180/3180 3179/3179
f 3144/3144 3097/3097 3143/3143
f 3180/3180 3145/3145 3144/3144
f 3182/3182 3145/3145 3180/3180
f 3178/3178 3176/3176 2858/2858
f 3183/3183 3178/3178 2858/2858
f 3014/3014 3183/3183 2858/2858
f 3183/3183 3184/3184 3178/3178
f 3178/3178 3184/3184 3179/3179
f 3185/3185 3186/3186 3179/3179
f 3187/3187 3184/3184 3017/3017
f 3187/3187 3188/3188 3184/3184
f 3188/3188 3179/3179 3184/3184
f 3188/3188 3185/3185 3179/3179
f 3189/3189 3157/3157 3190/3190
f 3191/3191 3189/3189 3190/3190
f 3182/3182 3180/3180 3181/3181
f 3181/3181 3191/3191 3182/3182
f 3191/3191 3190/3190 3182/3182
f 3192/3192 3191/3191 3181/3181
f 3193/3193 3189/3189 3191/3191
f 3193/3193 3191/3191 3192/3192
f 3189/3189 3155/3155 3156/3156
f 3154/3154 3155/3155 3189/3189
f 3194/3194 3153/3153 3154/3154
f 3193/3193 3154/3154 3189/3189
f 3195/3195 3154/3154 3193/3193
f 3196/3196 3154/3154 3195/3195
f 3196/3196 3194/3194 3154/3154
f 3182/3182 3147/3147 3145/3145
f 3182/3182 3157/3157 3147/3147
f 3190/3190 3157/3157 3182/3182
f 3189/3189 3156/3156 3157/3157
f 3179/3179 3186/3186 3181/3181
f 3186/3186 3192/3192 3181/3181
f 3197/3197 3192/3192 3186/3186
f 3198/3198 3193/3193 3192/3192
f 3199/3199 3198/3198 3192/3192
f 3197/3197 3185/3185 3199/3199
f 3186/3186 3185/3185 3197/3197
f 3192/3192 3197/3197 3199/3199
f 3198/3198 3195/3195 3193/3193
f 3198/3198 3196/3196 3195/3195
f 3200/3200 3201/3201 3202/3202
f 3202/3202 3198/3198 3203/3203
f 3198/3198 3202/3202 3196/3196
f 3196/3196 3202/3202 3201/3201
f 3017/3017 3184/3184 3183/3183
f 3017/3017 3183/3183 3014/3014
f 3187/3187 3185/3185 3188/3188
f 3204/3204 3187/3187 3017/3017
f 3204/3204 3205/3205 3187/3187
f 3019/3019 3204/3204 3017/3017
f 3187/3187 3199/3199 3185/3185
f 3206/3206 3199/3199 3187/3187
f 3187/3187 3205/3205 3206/3206
f 3204/3204 3206/3206 3205/3205
f 3198/3198 3199/3199 3206/3206
f 3028/3028 3203/3203 3206/3206
f 3019/3019 3022/3022 3204/3204
f 3022/3022 3206/3206 3204/3204
f 3026/3026 3028/3028 3206/3206
f 3206/3206 3203/3203 3198/3198
f 3202/3202 3203/3203 3200/3200
f 3063/3063 3203/3203 3029/3029
f 3022/3022 3026/3026 3206/3206
f 3029/3029 3203/3203 3028/3028
f 3194/3194 3175/3175 3153/3153
f 3175/3175 3207/3207 3172/3172
f 3208/3208 3175/3175 3194/3194
f 3207/3207 3175/3175 3208/3208
f 3209/3209 3207/3207 3208/3208
f 3032/3032 3172/3172 3207/3207
f 3032/3032 3207/3207 3210/3210
f 3211/3211 3032/3032 3210/3210
f 3211/3211 3033/3033 3032/3032
f 3033/3033 3013/3013 3032/3032
f 3211/3211 3212/3212 3033/3033
f 3212/3212 3211/3211 3210/3210
f 3212/3212 3035/3035 3033/3033
f 3210/3210 3207/3207 3212/3212
f 3212/3212 3207/3207 3209/3209
f 3213/3213 3212/3212 3209/3209
f 3213/3213 3058/3058 3212/3212
f 3209/3209 3208/3208 3196/3196
f 3196/3196 3208/3208 3194/3194
f 3201/3201 3209/3209 3196/3196
f 3213/3213 3209/3209 3201/3201
f 3214/3214 3213/3213 3201/3201
f 3200/3200 3214/3214 3201/3201
f 3058/3058 3057/3057 3035/3035
f 3058/3058 3035/3035 3212/3212
f 3058/3058 3213/3213 3062/3062
f 3200/3200 3203/3203 3214/3214
f 3215/3215 3214/3214 3063/3063
f 3213/3213 3214/3214 3062/3062
f 3214/3214 3215/3215 3062/3062
f 3063/3063 3214/3214 3203/3203
f 3063/3063 3062/3062 3215/3215
f 1743/1743 3216/3216 2807/2807
f 2807/2807 3217/3217 2805/2805
f 3217/3217 2807/2807 3216/3216
f 2233/2233 3216/3216 1743/1743
f 3218/3218 3216/3216 2233/2233
f 2233/2233 3219/3219 3218/3218
f 3218/3218 3217/3217 3216/3216
f 3219/3219 2233/2233 2236/2236
f 2236/2236 2239/2239 3219/3219
f 3217/3217 2808/2808 2805/2805
f 3220/3220 3217/3217 3221/3221
f 3220/3220 2808/2808 3217/3217
f 2808/2808 3220/3220 2820/2820
f 3218/3218 3221/3221 3217/3217
f 3222/3222 3218/3218 3219/3219
f 3223/3223 3222/3222 3219/3219
f 3224/3224 2239/2239 2238/2238
f 3223/3223 3219/3219 2239/2239
f 3223/3223 2239/2239 3224/3224
f 3224/3224 2244/2244 3225/3225
f 3223/3223 3224/3224 3226/3226
f 3224/3224 3225/3225 3226/3226
f 3225/3225 3227/3227 3226/3226
f 3218/3218 3222/3222 3221/3221
f 3222/3222 3223/3223 3226/3226
f 3228/3228 3221/3221 3222/3222
f 3229/3229 3220/3220 3221/3221
f 3228/3228 3229/3229 3221/3221
f 3230/3230 3228/3228 3222/3222
f 3222/3222 3226/3226 3230/3230
f 3227/3227 3230/3230 3226/3226
f 3225/3225 3230/3230 3227/3227
f 3231/3231 3230/3230 3232/3232
f 2820/2820 2819/2819 2808/2808
f 3233/3233 2822/2822 2821/2821
f 2820/2820 3234/3234 2821/2821
f 3235/3235 3233/3233 2821/2821
f 3235/3235 2821/2821 3234/3234
f 3236/3236 2822/2822 3233/3233
f 3237/3237 3236/3236 3233/3233
f 2826/2826 2822/2822 3236/3236
f 3238/3238 2826/2826 3236/3236
f 3235/3235 3237/3237 3233/3233
f 3239/3239 3237/3237 3235/3235
f 3237/3237 3238/3238 3236/3236
f 3240/3240 3238/3238 3237/3237
f 3241/3241 3237/3237 3239/3239
f 3241/3241 3239/3239 3242/3242
f 3241/3241 3240/3240 3237/3237
f 3234/3234 2820/2820 3220/3220
f 3220/3220 3229/3229 3234/3234
f 3243/3243 3235/3235 3234/3234
f 3239/3239 3235/3235 3243/3243
f 3244/3244 3239/3239 3243/3243
f 3229/3229 3243/3243 3234/3234
f 3229/3229 3231/3231 3243/3243
f 3244/3244 3243/3243 3231/3231
f 3231/3231 3229/3229 3228/3228
f 3228/3228 3230/3230 3231/3231
f 3245/3245 3244/3244 3231/3231
f 3245/3245 3246/3246 3244/3244
f 3247/3247 3242/3242 3239/3239
f 3239/3239 3244/3244 3247/3247
f 3246/3246 3247/3247 3244/3244
f 3247/3247 3246/3246 3242/3242
f 3242/3242 3248/3248 3241/3241
f 3249/3249 3248/3248 3242/3242
f 3245/3245 3250/3250 3246/3246
f 3246/3246 3249/3249 3242/3242
f 3251/3251 3249/3249 3246/3246
f 3224/3224 2238/2238 2244/2244
f 3252/3252 3225/3225 3253/3253
f 3225/3225 2244/2244 3253/3253
f 3230/3230 3225/3225 3232/3232
f 3254/3254 3232/3232 3225/3225
f 3252/3252 3254/3254 3225/3225
f 3232/3232 3255/3255 3231/3231
f 3256/3256 3255/3255 3232/3232
f 3254/3254 3252/3252 3253/3253
f 3256/3256 3254/3254 3257/3257
f 3256/3256 3232/3232 3254/3254
f 3257/3257 3254/3254 3253/3253
f 3258/3258 3253/3253 2246/2246
f 2246/2246 3253/3253 2244/2244
f 3258/3258 2246/2246 3259/3259
f 3253/3253 3258/3258 3259/3259
f 3257/3257 3260/3260 3256/3256
f 3260/3260 3257/3257 3253/3253
f 3260/3260 3261/3261 3256/3256
f 3253/3253 3259/3259 3260/3260
f 3262/3262 3260/3260 3259/3259
f 3260/3260 3262/3262 3263/3263
f 3260/3260 3263/3263 3264/3264
f 3231/3231 3255/3255 3265/3265
f 3256/3256 3266/3266 3255/3255
f 3265/3265 3255/3255 3267/3267
f 3265/3265 3245/3245 3231/3231
f 3265/3265 3267/3267 3268/3268
f 3267/3267 3255/3255 3266/3266
f 3269/3269 3266/3266 3256/3256
f 3261/3261 3269/3269 3256/3256
f 3269/3269 3267/3267 3266/3266
f 3270/3270 3268/3268 3267/3267
f 3265/3265 3271/3271 3245/3245
f 3271/3271 3250/3250 3245/3245
f 3268/3268 3271/3271 3265/3265
f 3272/3272 3250/3250 3271/3271
f 3273/3273 3251/3251 3250/3250
f 3250/3250 3251/3251 3246/3246
f 3274/3274 3250/3250 3272/3272
f 3274/3274 3273/3273 3250/3250
f 3272/3272 3271/3271 3268/3268
f 3270/3270 3272/3272 3268/3268
f 3272/3272 3270/3270 3274/3274
f 3275/3275 3274/3274 3270/3270
f 3260/3260 3269/3269 3261/3261
f 3264/3264 3267/3267 3269/3269
f 3260/3260 3264/3264 3269/3269
f 3270/3270 3267/3267 3264/3264
f 3270/3270 3264/3264 3276/3276
f 2870/2870 2826/2826 3277/3277
f 3238/3238 3277/3277 2826/2826
f 3238/3238 3240/3240 3277/3277
f 3240/3240 2870/2870 3277/3277
f 2872/2872 2870/2870 2873/2873
f 2876/2876 2873/2873 2870/2870
f 2870/2870 3240/3240 2876/2876
f 3278/3278 3240/3240 3241/3241
f 3248/3248 3278/3278 3241/3241
f 3278/3278 2876/2876 3240/3240
f 2875/2875 2876/2876 2877/2877
f 2876/2876 3279/3279 2877/2877
f 3279/3279 3280/3280 2877/2877
f 3280/3280 2883/2883 2877/2877
f 3279/3279 2876/2876 3278/3278
f 3278/3278 3281/3281 3279/3279
f 3281/3281 3282/3282 3279/3279
f 3282/3282 3280/3280 3279/3279
f 3283/3283 3248/3248 3249/3249
f 3283/3283 3278/3278 3248/3248
f 3281/3281 3278/3278 3283/3283
f 3283/3283 3284/3284 3281/3281
f 3283/3283 3285/3285 3284/3284
f 3251/3251 3283/3283 3249/3249
f 3251/3251 3285/3285 3283/3283
f 3251/3251 3286/3286 3287/3287
f 3287/3287 3285/3285 3251/3251
f 3288/3288 3285/3285 3287/3287
f 3288/3288 3287/3287 3286/3286
f 3289/3289 3284/3284 3285/3285
f 3289/3289 3285/3285 3288/3288
f 3281/3281 3284/3284 3282/3282
f 3282/3282 3290/3290 3280/3280
f 3289/3289 3282/3282 3284/3284
f 3290/3290 3282/3282 3289/3289
f 3273/3273 3286/3286 3251/3251
f 3273/3273 3274/3274 3286/3286
f 3275/3275 3286/3286 3274/3274
f 3291/3291 3259/3259 2246/2246
f 3275/3275 3270/3270 3292/3292
f 3293/3293 3264/3264 3263/3263
f 3264/3264 3293/3293 3276/3276
f 3270/3270 3276/3276 3294/3294
f 3295/3295 3270/3270 3294/3294
f 3292/3292 3270/3270 3295/3295
f 3294/3294 3276/3276 3295/3295
f 3296/3296 3297/3297 3292/3292
f 3295/3295 3296/3296 3292/3292
f 3296/3296 3295/3295 3298/3298
f 3299/3299 3300/3300 3280/3280
f 3301/3301 3280/3280 3290/3290
f 3280/3280 3301/3301 3299/3299
f 3302/3302 3301/3301 3290/3290
f 3302/3302 3299/3299 3301/3301
f 3299/3299 3302/3302 3303/3303
f 3300/3300 2881/2881 2883/2883
f 2882/2882 2881/2881 3020/3020
f 3300/3300 2883/2883 3280/3280
f 3300/3300 3299/3299 2881/2881
f 2881/2881 3304/3304 3020/3020
f 3304/3304 3024/3024 3020/3020
f 3304/3304 2881/2881 3299/3299
f 3023/3023 3020/3020 3024/3024
f 3305/3305 3025/3025 3024/3024
f 3305/3305 3024/3024 3306/3306
f 3306/3306 3024/3024 3304/3304
f 3305/3305 3306/3306 3307/3307
f 3308/3308 3307/3307 3306/3306
f 3299/3299 3309/3309 3304/3304
f 3309/3309 3306/3306 3304/3304
f 3309/3309 3308/3308 3306/3306
f 3310/3310 3309/3309 3303/3303
f 3303/3303 3309/3309 3299/3299
f 3305/3305 3307/3307 3025/3025
f 3311/3311 3025/3025 3307/3307
f 3027/3027 3026/3026 3025/3025
f 3311/3311 3027/3027 3025/3025
f 3311/3311 3307/3307 3312/3312
f 3313/3313 3311/3311 3312/3312
f 3308/3308 3312/3312 3307/3307
f 3312/3312 3314/3314 3313/3313
f 3313/3313 3027/3027 3311/3311
f 3027/3027 3313/3313 3315/3315
f 3031/3031 3028/3028 3027/3027
f 3316/3316 3027/3027 3315/3315
f 3316/3316 3315/3315 3317/3317
f 3316/3316 3031/3031 3027/3027
f 3314/3314 3308/3308 3318/3318
f 3319/3319 3314/3314 3318/3318
f 3309/3309 3320/3320 3308/3308
f 3320/3320 3318/3318 3308/3308
f 3310/3310 3320/3320 3309/3309
f 3320/3320 3310/3310 3321/3321
f 3318/3318 3322/3322 3319/3319
f 3322/3322 3318/3318 3320/3320
f 3321/3321 3322/3322 3320/3320
f 3322/3322 3321/3321 3323/3323
f 3324/3324 3325/3325 3323/3323
f 3314/3314 3312/3312 3308/3308
f 3313/3313 3314/3314 3317/3317
f 3319/3319 3317/3317 3314/3314
f 3317/3317 3315/3315 3313/3313
f 3319/3319 3322/3322 3317/3317
f 3326/3326 3316/3316 3317/3317
f 3326/3326 3317/3317 3322/3322
f 3326/3326 3322/3322 3323/3323
f 3326/3326 3323/3323 3325/3325
f 3325/3325 3316/3316 3326/3326
f 3288/3288 3286/3286 3289/3289
f 3289/3289 3286/3286 3327/3327
f 3289/3289 3327/3327 3290/3290
f 3328/3328 3286/3286 3329/3329
f 3286/3286 3328/3328 3327/3327
f 3330/3330 3327/3327 3328/3328
f 3275/3275 3329/3329 3286/3286
f 3297/3297 3329/3329 3275/3275
f 3292/3292 3297/3297 3275/3275
f 3297/3297 3328/3328 3329/3329
f 3297/3297 3331/3331 3328/3328
f 3328/3328 3331/3331 3330/3330
f 3332/3332 3330/3330 3331/3331
f 3333/3333 3302/3302 3290/3290
f 3327/3327 3333/3333 3290/3290
f 3330/3330 3332/3332 3327/3327
f 3327/3327 3332/3332 3333/3333
f 3333/3333 3303/3303 3302/3302
f 3334/3334 3303/3303 3333/3333
f 3335/3335 3334/3334 3333/3333
f 3333/3333 3332/3332 3335/3335
f 3336/3336 3334/3334 3335/3335
f 3337/3337 3332/3332 3331/3331
f 3337/3337 3335/3335 3332/3332
f 3338/3338 3297/3297 3296/3296
f 3297/3297 3338/3338 3331/3331
f 3339/3339 3331/3331 3338/3338
f 3340/3340 3339/3339 3338/3338
f 3331/3331 3339/3339 3337/3337
f 3340/3340 3337/3337 3339/3339
f 3337/3337 3341/3341 3335/3335
f 3341/3341 3337/3337 3342/3342
f 3341/3341 3343/3343 3344/3344
f 3345/3345 3346/3346 3343/3343
f 3303/3303 3334/3334 3310/3310
f 3336/3336 3321/3321 3334/3334
f 3335/3335 3341/3341 3336/3336
f 3321/3321 3310/3310 3334/3334
f 3336/3336 3341/3341 3324/3324
f 3324/3324 3321/3321 3336/3336
f 3324/3324 3323/3323 3321/3321
f 3325/3325 3324/3324 3347/3347
f 3341/3341 3348/3348 3324/3324
f 3324/3324 3348/3348 3347/3347
f 3349/3349 3347/3347 3348/3348
f 3344/3344 3349/3349 3348/3348
f 3349/3349 3344/3344 3346/3346
f 3348/3348 3341/3341 3344/3344
f 3346/3346 3344/3344 3343/3343
f 3350/3350 3066/3066 3031/3031
f 3351/3351 3066/3066 3350/3350
f 3069/3069 3068/3068 3085/3085
f 3066/3066 3067/3067 3061/3061
f 3068/3068 3067/3067 3066/3066
f 3351/3351 3068/3068 3066/3066
f 3085/3085 3352/3352 3353/3353
f 3085/3085 3068/3068 3352/3352
f 3354/3354 3355/3355 3356/3356
f 3031/3031 3316/3316 3350/3350
f 3350/3350 3316/3316 3357/3357
f 3358/3358 3351/3351 3350/3350
f 3350/3350 3357/3357 3358/3358
f 3316/3316 3325/3325 3357/3357
f 3359/3359 3357/3357 3325/3325
f 3325/3325 3347/3347 3359/3359
f 3359/3359 3358/3358 3357/3357
f 3068/3068 3358/3358 3352/3352
f 3360/3360 3352/3352 3358/3358
f 3358/3358 3068/3068 3351/3351
f 3360/3360 3361/3361 3353/3353
f 3360/3360 3353/3353 3352/3352
f 3355/3355 3358/3358 3359/3359
f 3355/3355 3360/3360 3358/3358
f 3355/3355 3354/3354 3360/3360
f 3362/3362 3363/3363 3361/3361
f 3363/3363 3083/3083 3353/3353
f 3363/3363 3353/3353 3361/3361
f 3364/3364 3083/3083 3363/3363
f 3365/3365 3364/3364 3363/3363
f 3362/3362 3365/3365 3363/3363
f 3366/3366 3081/3081 3084/3084
f 3084/3084 3083/3083 3364/3364
f 3083/3083 3078/3078 3077/3077
f 3364/3364 3367/3367 3084/3084
f 3365/3365 3367/3367 3364/3364
f 3367/3367 3365/3365 3368/3368
f 3369/3369 3366/3366 3084/3084
f 3367/3367 3369/3369 3084/3084
f 3370/3370 3369/3369 3367/3367
f 3353/3353 3077/3077 3085/3085
f 3083/3083 3077/3077 3353/3353
f 3354/3354 3361/3361 3360/3360
f 3354/3354 3362/3362 3361/3361
f 3362/3362 3368/3368 3365/3365
f 3370/3370 3367/3367 3368/3368
f 3362/3362 3370/3370 3368/3368
f 3362/3362 3371/3371 3372/3372
f 3372/3372 3370/3370 3362/3362
f 3371/3371 3373/3373 3372/3372
f 3374/3374 3375/3375 3371/3371
f 3349/3349 3359/3359 3347/3347
f 3376/3376 3355/3355 3359/3359
f 3349/3349 3376/3376 3359/3359
f 3355/3355 3376/3376 3356/3356
f 3377/3377 3349/3349 3346/3346
f 3349/3349 3377/3377 3376/3376
f 3377/3377 3346/3346 3378/3378
f 3345/3345 3378/3378 3346/3346
f 3379/3379 3376/3376 3377/3377
f 3379/3379 3356/3356 3376/3376
f 3380/3380 3379/3379 3377/3377
f 3354/3354 3381/3381 3362/3362
f 3381/3381 3354/3354 3356/3356
f 3371/3371 3362/3362 3381/3381
f 3382/3382 3371/3371 3381/3381
f 3383/3383 3381/3381 3356/3356
f 3383/3383 3356/3356 3379/3379
f 3383/3383 3382/3382 3381/3381
f 3383/3383 3379/3379 3380/3380
f 2601/2601 3291/3291 2246/2246
f 3291/3291 3262/3262 3259/3259
f 3262/3262 3291/3291 2601/2601
f 2606/2606 3262/3262 2601/2601
f 3384/3384 3293/3293 3263/3263
f 3384/3384 3263/3263 3262/3262
f 3262/3262 3385/3385 3384/3384
f 3384/3384 3386/3386 3293/3293
f 3262/3262 2606/2606 3385/3385
f 2605/2605 2634/2634 2635/2635
f 2606/2606 2605/2605 2635/2635
f 2635/2635 3385/3385 2606/2606
f 3387/3387 3388/3388 3385/3385
f 3385/3385 2635/2635 3387/3387
f 3388/3388 3384/3384 3385/3385
f 3384/3384 3388/3388 3386/3386
f 3386/3386 3388/3388 3293/3293
f 3387/3387 3389/3389 3388/3388
f 3276/3276 3293/3293 3295/3295
f 3298/3298 3295/3295 3293/3293
f 3390/3390 3298/3298 3293/3293
f 3338/3338 3296/3296 3298/3298
f 3390/3390 3391/3391 3298/3298
f 3392/3392 3338/3338 3298/3298
f 3391/3391 3392/3392 3298/3298
f 3392/3392 3391/3391 3393/3393
f 3389/3389 3293/3293 3388/3388
f 3390/3390 3293/3293 3389/3389
f 3394/3394 3395/3395 3390/3390
f 3395/3395 3391/3391 3390/3390
f 3395/3395 3396/3396 3391/3391
f 3396/3396 3393/3393 3391/3391
f 3396/3396 3397/3397 3393/3393
f 3395/3395 3394/3394 3396/3396
f 3397/3397 3396/3396 3398/3398
f 3398/3398 3399/3399 3397/3397
f 2635/2635 2638/2638 3387/3387
f 2638/2638 3400/3400 3401/3401
f 3401/3401 3387/3387 2638/2638
f 3401/3401 3389/3389 3387/3387
f 3401/3401 3390/3390 3389/3389
f 3402/3402 3401/3401 3403/3403
f 2642/2642 2638/2638 2637/2637
f 3404/3404 2638/2638 2642/2642
f 3404/3404 3400/3400 2638/2638
f 3405/3405 3404/3404 2642/2642
f 3404/3404 3405/3405 3400/3400
f 3403/3403 3401/3401 3400/3400
f 3403/3403 3400/3400 3406/3406
f 3406/3406 3400/3400 3405/3405
f 3390/3390 3401/3401 3402/3402
f 3403/3403 3390/3390 3402/3402
f 3390/3390 3403/3403 3394/3394
f 3407/3407 3394/3394 3408/3408
f 3408/3408 3394/3394 3403/3403
f 3408/3408 3409/3409 3407/3407
f 3407/3407 3398/3398 3396/3396
f 3396/3396 3394/3394 3407/3407
f 3409/3409 3398/3398 3407/3407
f 3409/3409 3410/3410 3398/3398
f 3411/3411 3410/3410 3412/3412
f 3412/3412 3410/3410 3409/3409
f 3409/3409 3408/3408 3413/3413
f 3412/3412 3409/3409 3414/3414
f 3415/3415 3416/3416 3412/3412
f 2656/2656 3417/3417 3418/3418
f 3419/3419 3416/3416 3415/3415
f 3419/3419 3420/3420 3416/3416
f 3421/3421 3340/3340 3338/3338
f 3392/3392 3393/3393 3338/3338
f 3338/3338 3397/3397 3421/3421
f 3393/3393 3397/3397 3338/3338
f 3421/3421 3342/3342 3340/3340
f 3399/3399 3342/3342 3421/3421
f 3422/3422 3342/3342 3399/3399
f 3342/3342 3337/3337 3340/3340
f 3422/3422 3343/3343 3341/3341
f 3341/3341 3342/3342 3422/3422
f 3345/3345 3343/3343 3422/3422
f 3421/3421 3397/3397 3399/3399
f 3422/3422 3399/3399 3423/3423
f 3423/3423 3399/3399 3398/3398
f 3410/3410 3423/3423 3398/3398
f 3423/3423 3410/3410 3422/3422
f 3411/3411 3424/3424 3422/3422
f 3422/3422 3424/3424 3345/3345
f 3422/3422 3410/3410 3411/3411
f 3424/3424 3411/3411 3416/3416
f 3411/3411 3412/3412 3416/3416
f 3425/3425 3380/3380 3426/3426
f 3427/3427 3345/3345 3424/3424
f 3427/3427 3378/3378 3345/3345
f 3428/3428 3425/3425 3426/3426
f 3426/3426 3380/3380 3378/3378
f 3426/3426 3378/3378 3427/3427
f 3425/3425 3383/3383 3380/3380
f 3425/3425 3428/3428 3429/3429
f 3425/3425 3429/3429 3383/3383
f 3382/3382 3383/3383 3374/3374
f 3374/3374 3371/3371 3382/3382
f 3430/3430 3429/3429 3374/3374
f 3430/3430 3383/3383 3429/3429
f 3430/3430 3374/3374 3383/3383
f 3431/3431 3432/3432 3433/3433
f 3434/3434 3429/3429 3428/3428
f 3429/3429 3434/3434 3431/3431
f 3374/3374 3429/3429 3433/3433
f 3433/3433 3432/3432 3374/3374
f 3431/3431 3433/3433 3429/3429
f 3377/3377 3378/3378 3380/3380
f 3427/3427 3424/3424 3416/3416
f 3420/3420 3427/3427 3416/3416
f 3435/3435 3426/3426 3427/3427
f 3435/3435 3428/3428 3426/3426
f 3427/3427 3420/3420 3435/3435
f 3436/3436 3428/3428 3435/3435
f 3436/3436 3435/3435 3420/3420
f 3434/3434 3428/3428 3436/3436
f 3437/3437 3432/3432 3431/3431
f 3438/3438 3437/3437 3431/3431
f 3439/3439 3437/3437 3438/3438
f 3434/3434 3438/3438 3431/3431
f 3436/3436 3440/3440 3434/3434
f 3440/3440 3436/3436 3441/3441
f 3442/3442 3440/3440 3441/3441
f 3438/3438 3434/3434 3440/3440
f 3442/3442 3438/3438 3440/3440
f 3443/3443 3438/3438 3442/3442
f 3443/3443 3439/3439 3438/3438
f 2630/2630 2628/2628 3444/3444
f 2631/2631 3446/3446 2627/2627
f 3444/3444 2644/2644 2630/2630
f 2645/2645 2644/2644 3447/3447
f 3444/3444 3447/3447 2644/2644
f 2627/2627 3445/3445 2629/2629
f 3446/3446 3445/3445 2627/2627
f 2639/2639 2644/2644 2645/2645
f 2645/2645 3447/3447 3448/3448
f 3447/3447 3444/3444 3449/3449
f 3445/3445 3446/3446 3450/3450
f 3446/3446 2631/2631 2651/2651
f 2651/2651 3450/3450 3446/3446
f 2641/2641 2645/2645 2646/2646
f 3448/3448 2646/2646 2645/2645
f 2646/2646 3405/3405 2642/2642
f 2646/2646 3448/3448 3451/3451
f 3447/3447 3451/3451 3448/3448
f 3449/3449 3451/3451 3447/3447
f 3449/3449 3453/3453 3451/3451
f 3451/3451 3453/3453 3454/3454
f 3450/3450 2651/2651 3455/3455
f 3452/3452 3450/3450 3455/3455
f 3456/3456 2651/2651 2647/2647
f 2652/2652 3456/3456 2647/2647
f 3455/3455 2651/2651 3456/3456
f 3455/3455 3456/3456 3457/3457
f 2655/2655 3456/3456 2652/2652
f 3458/3458 3406/3406 3405/3405
f 3458/3458 3405/3405 2646/2646
f 3459/3459 3406/3406 3458/3458
f 2646/2646 3451/3451 3458/3458
f 3451/3451 3454/3454 3458/3458
f 3458/3458 3460/3460 3459/3459
f 3461/3461 3459/3459 3460/3460
f 3460/3460 3458/3458 3454/3454
f 3452/3452 3455/3455 3457/3457
f 3462/3462 3460/3460 3454/3454
f 3464/3464 3452/3452 3457/3457
f 3403/3403 3406/3406 3459/3459
f 3403/3403 3459/3459 3461/3461
f 3465/3465 3408/3408 3403/3403
f 3461/3461 3460/3460 3462/3462
f 3461/3461 3462/3462 3465/3465
f 3403/3403 3461/3461 3465/3465
f 3454/3454 3453/3453 3463/3463
f 3462/3462 3454/3454 3463/3463
f 3467/3467 3462/3462 3463/3463
f 3466/3466 3464/3464 3468/3468
f 3465/3465 3462/3462 3467/3467
f 3465/3465 3413/3413 3408/3408
f 3414/3414 3409/3409 3413/3413
f 3413/3413 3465/3465 3467/3467
f 3457/3457 3456/3456 3469/3469
f 3469/3469 3456/3456 2655/2655
f 3470/3470 3469/3469 3471/3471
f 3457/3457 3469/3469 3470/3470
f 3464/3464 3457/3457 3468/3468
f 3470/3470 3468/3468 3457/3457
f 3468/3468 3470/3470 3472/3472
f 3472/3472 3470/3470 3471/3471
f 3418/3418 2655/2655 2656/2656
f 3471/3471 3469/3469 2655/2655
f 3471/3471 2655/2655 3418/3418
f 3417/3417 3471/3471 3418/3418
f 3467/3467 3473/3473 3413/3413
f 3413/3413 3474/3474 3414/3414
f 3474/3474 3413/3413 3473/3473
f 3474/3474 3415/3415 3414/3414
f 3475/3475 3474/3474 3473/3473
f 3476/3476 3468/3468 3472/3472
f 3475/3475 3478/3478 3480/3480
f 3480/3480 3478/3478 3477/3477
f 3481/3481 3480/3480 3477/3477
f 3415/3415 3412/3412 3414/3414
f 3415/3415 3474/3474 3419/3419
f 3419/3419 3441/3441 3420/3420
f 3441/3441 3436/3436 3420/3420
f 3482/3482 3441/3441 3419/3419
f 3419/3419 3474/3474 3483/3483
f 3474/3474 3475/3475 3483/3483
f 3483/3483 3475/3475 3480/3480
f 3480/3480 3481/3481 3483/3483
f 3481/3481 3419/3419 3483/3483
f 3479/3479 3466/3466 3468/3468
f 3473/3473 3467/3467 3478/3478
f 3473/3473 3478/3478 3475/3475
f 3468/3468 3476/3476 3479/3479
f 3417/3417 3472/3472 3471/3471
f 3484/3484 3476/3476 3472/3472
f 3484/3484 3472/3472 3486/3486
f 3486/3486 3472/3472 3417/3417
f 3486/3486 3417/3417 3487/3487
f 3488/3488 3441/3441 3482/3482
f 3441/3441 3488/3488 3442/3442
f 3489/3489 3442/3442 3488/3488
f 3419/3419 3481/3481 3482/3482
f 3481/3481 3477/3477 3485/3485
f 3485/3485 3482/3482 3481/3481
f 3484/3484 3486/3486 3490/3490
f 3488/3488 3485/3485 3491/3491
f 3485/3485 3488/3488 3482/3482
f 3490/3490 3487/3487 3493/3493
f 3442/3442 3489/3489 3443/3443
f 3492/3492 3494/3494 3489/3489
f 3494/3494 3443/3443 3489/3489
f 3492/3492 3489/3489 3491/3491
f 3487/3487 3490/3490 3486/3486
f 3488/3488 3491/3491 3489/3489
f 2305/2305 2296/2296 2298/2298
f 2381/2381 3495/3495 2375/2375
f 2383/2383 2381/2381 2382/2382
f 2298/2298 2297/2297 2384/2384
f 2374/2374 2375/2375 3495/3495
f 2384/2384 3495/3495 2386/2386
f 2384/2384 2374/2374 3495/3495
f 2298/2298 2532/2532 2305/2305
f 2532/2532 2298/2298 2384/2384
f 2532/2532 2384/2384 2385/2385
f 3496/3496 3495/3495 2381/2381
f 2381/2381 2395/2395 3496/3496
f 2386/2386 3495/3495 3496/3496
f 2395/2395 2394/2394 3496/3496
f 2386/2386 3496/3496 2394/2394
f 2390/2390 2395/2395 2381/2381
f 2383/2383 2391/2391 2381/2381
f 2391/2391 2390/2390 2381/2381
f 2391/2391 2383/2383 2400/2400
f 2400/2400 2379/2379 2399/2399
f 3497/3497 2400/2400 2399/2399
f 3497/3497 2399/2399 2402/2402
f 2391/2391 2400/2400 2413/2413
f 2413/2413 2400/2400 3497/3497
f 2404/2404 2413/2413 3497/3497
f 3497/3497 2402/2402 2404/2404
f 2406/2406 2403/2403 2402/2402
f 2402/2402 2401/2401 2406/2406
f 2406/2406 2401/2401 3498/3498
f 2406/2406 3498/3498 2407/2407
f 2411/2411 3498/3498 2401/2401
f 3499/3499 3498/3498 2411/2411
f 2391/2391 2413/2413 2389/2389
f 2305/2305 2481/2481 2480/2480
f 2304/2304 2305/2305 2495/2495
f 2305/2305 2480/2480 2495/2495
f 2538/2538 2532/2532 2534/2534
f 2481/2481 2305/2305 2538/2538
f 2538/2538 2305/2305 2532/2532
f 1359/1359 1354/1354 3500/3500
f 3500/3500 1354/1354 1368/1368
f 1359/1359 1665/1665 1652/1652
f 1359/1359 3500/3500 3501/3501
f 3500/3500 1368/1368 3502/3502
f 3503/3503 3502/3502 1368/1368
f 1368/1368 1365/1365 3505/3505
f 1366/1366 1364/1364 3506/3506
f 3506/3506 1364/1364 1655/1655
f 3503/3503 1368/1368 3505/3505
f 1652/1652 1665/1665 1357/1357
f 3507/3507 1665/1665 1359/1359
f 1662/1662 1357/1357 1665/1665
f 3502/3502 3501/3501 3500/3500
f 3507/3507 1359/1359 3501/3501
f 3508/3508 3504/3504 1655/1655
f 3502/3502 3503/3503 3510/3510
f 1655/1655 1658/1658 3508/3508
f 3503/3503 3509/3509 3510/3510
f 3506/3506 1655/1655 3504/3504
f 3511/3511 1657/1657 1656/1656
f 1658/1658 1657/1657 3511/3511
f 1661/1661 3511/3511 1656/1656
f 1664/1664 1665/1665 3507/3507
f 3510/3510 3509/3509 3513/3513
f 3514/3514 3508/3508 1658/1658
f 3515/3515 1658/1658 3511/3511
f 3514/3514 1658/1658 3515/3515
f 1661/1661 1660/1660 1759/1759
f 1759/1759 3511/3511 1661/1661
f 3507/3507 1671/1671 1664/1664
f 1671/1671 3507/3507 3501/3501
f 3510/3510 3516/3516 3502/3502
f 1673/1673 1671/1671 3501/3501
f 1673/1673 3501/3501 3502/3502
f 1673/1673 3502/3502 1676/1676
f 3516/3516 1676/1676 3502/3502
f 1676/1676 3516/3516 1988/1988
f 1988/1988 3516/3516 3513/3513
f 3516/3516 3510/3510 3513/3513
f 1988/1988 3513/3513 3518/3518
f 3515/3515 3517/3517 3514/3514
f 3517/3517 3515/3515 3521/3521
f 3521/3521 3515/3515 3511/3511
f 3512/3512 2022/2022 3520/3520
f 2022/2022 3512/3512 1760/1760
f 1756/1756 1660/1660 1398/1398
f 1759/1759 1660/1660 1756/1756
f 1990/1990 3519/3519 3520/3520
f 1988/1988 3518/3518 1991/1991
f 3520/3520 2025/2025 1990/1990
f 2022/2022 2025/2025 3520/3520
f 1925/1925 1760/1760 1758/1758
f 2022/2022 1760/1760 1925/1925
f 1970/1970 1969/1969 1956/1956
f 3522/3522 1970/1970 1956/1956
f 3523/3523 1970/1970 3522/3522
f 2037/2037 2194/2194 2196/2196
f 3524/3524 2196/2196 2200/2200
f 2196/2196 1934/1934 2200/2200
f 3524/3524 2037/2037 2196/2196
f 2038/2038 2037/2037 3524/3524
f 2200/2200 2038/2038 3524/3524
f 2199/2199 2203/2203 3525/3525
f 2203/2203 2199/2199 1964/1964
f 3525/3525 2203/2203 3526/3526
f 2202/2202 2199/2199 3525/3525
f 3525/3525 3526/3526 3527/3527
f 2201/2201 2202/2202 3528/3528
f 3528/3528 2202/2202 3525/3525
f 3525/3525 3529/3529 3528/3528
f 3529/3529 3525/3525 3527/3527
f 3527/3527 3530/3530 3529/3529
f 3531/3531 3529/3529 3530/3530
f 1966/1966 2203/2203 1965/1965
f 3526/3526 2203/2203 1966/1966
f 3532/3532 1966/1966 2204/2204
f 2204/2204 3533/3533 3532/3532
f 3533/3533 2204/2204 3534/3534
f 1966/1966 3532/3532 3526/3526
f 3527/3527 3526/3526 3532/3532
f 3532/3532 3535/3535 3527/3527
f 3536/3536 3533/3533 3537/3537
f 3538/3538 3532/3532 3533/3533
f 3535/3535 3532/3532 3538/3538
f 3538/3538 3533/3533 3536/3536
f 1971/1971 1962/1962 1970/1970
f 3534/3534 2204/2204 1971/1971
f 3523/3523 3534/3534 1971/1971
f 1971/1971 1970/1970 3523/3523
f 3533/3533 3534/3534 3537/3537
f 3523/3523 3539/3539 3534/3534
f 3522/3522 3540/3540 3523/3523
f 3539/3539 3523/3523 3540/3540
f 3539/3539 3540/3540 3541/3541
f 3537/3537 3534/3534 3539/3539
f 3537/3537 3539/3539 3542/3542
f 3536/3536 3537/3537 3542/3542
f 3543/3543 3542/3542 3539/3539
f 3543/3543 3539/3539 3541/3541
f 3530/3530 3527/3527 3535/3535
f 3544/3544 3531/3531 3535/3535
f 3544/3544 3535/3535 3538/3538
f 3536/3536 3545/3545 3538/3538
f 3545/3545 3544/3544 3538/3538
f 3546/3546 3544/3544 3545/3545
f 3545/3545 3547/3547 3546/3546
f 3530/3530 3535/3535 3531/3531
f 3531/3531 3544/3544 3546/3546
f 3546/3546 3548/3548 3531/3531
f 3548/3548 3546/3546 3549/3549
f 3549/3549 3546/3546 3550/3550
f 3546/3546 3547/3547 3550/3550
f 3536/3536 3551/3551 3545/3545
f 3551/3551 3536/3536 3542/3542
f 3551/3551 3542/3542 3552/3552
f 3547/3547 3545/3545 3551/3551
f 3553/3553 3551/3551 3552/3552
f 3552/3552 3542/3542 3543/3543
f 3554/3554 3552/3552 3543/3543
f 3553/3553 3552/3552 3555/3555
f 3551/3551 3553/3553 3555/3555
f 3555/3555 3552/3552 3554/3554
f 3556/3556 3547/3547 3551/3551
f 3557/3557 3550/3550 3547/3547
f 3556/3556 3551/3551 3555/3555
f 3558/3558 3555/3555 3554/3554
f 3556/3556 3555/3555 3558/3558
f 3559/3559 3560/3560 3558/3558
f 3556/3556 3558/3558 3560/3560
f 2212/2212 2213/2213 3561/3561
f 3528/3528 2214/2214 2201/2201
f 2214/2214 3528/3528 3529/3529
f 2214/2214 3562/3562 2209/2209
f 3563/3563 3529/3529 3531/3531
f 3529/3529 3562/3562 2214/2214
f 3562/3562 3529/3529 3563/3563
f 3562/3562 3563/3563 3564/3564
f 3565/3565 3564/3564 3563/3563
f 3561/3561 2213/2213 2209/2209
f 3561/3561 2209/2209 3562/3562
f 3566/3566 3561/3561 3562/3562
f 3567/3567 3561/3561 3566/3566
f 3564/3564 3566/3566 3562/3562
f 3568/3568 3564/3564 3565/3565
f 3566/3566 3564/3564 3568/3568
f 3569/3569 2221/2221 2212/2212
f 2222/2222 2221/2221 3569/3569
f 3569/3569 2212/2212 3561/3561
f 3561/3561 3567/3567 3569/3569
f 3570/3570 2222/2222 3569/3569
f 3570/3570 3569/3569 3567/3567
f 3570/3570 3567/3567 3571/3571
f 3572/3572 3571/3571 3567/3567
f 3571/3571 3572/3572 3573/3573
f 3574/3574 3570/3570 3571/3571
f 3571/3571 3575/3575 3574/3574
f 3575/3575 3571/3571 3573/3573
f 3572/3572 3567/3567 3566/3566
f 3572/3572 3566/3566 3576/3576
f 3573/3573 3572/3572 3576/3576
f 3576/3576 3566/3566 3568/3568
f 3577/3577 3576/3576 3568/3568
f 3577/3577 3568/3568 3578/3578
f 3573/3573 3576/3576 3577/3577
f 3579/3579 3573/3573 3577/3577
f 3573/3573 3580/3580 3575/3575
f 3580/3580 3573/3573 3579/3579
f 3580/3580 3579/3579 3581/3581
f 3581/3581 3579/3579 3582/3582
f 3578/3578 3579/3579 3577/3577
f 3583/3583 3579/3579 3578/3578
f 3582/3582 3579/3579 3583/3583
f 3584/3584 3582/3582 3583/3583
f 3584/3584 3583/3583 3585/3585
f 3563/3563 3531/3531 3586/3586
f 3586/3586 3531/3531 3587/3587
f 3587/3587 3531/3531 3548/3548
f 3565/3565 3563/3563 3586/3586
f 3588/3588 3587/3587 3548/3548
f 3548/3548 3549/3549 3588/3588
f 3550/3550 3588/3588 3549/3549
f 3588/3588 3550/3550 3557/3557
f 3588/3588 3557/3557 3589/3589
f 3590/3590 3588/3588 3589/3589
f 3565/3565 3586/3586 3587/3587
f 3565/3565 3587/3587 3591/3591
f 3568/3568 3565/3565 3592/3592
f 3592/3592 3565/3565 3591/3591
f 3591/3591 3587/3587 3588/3588
f 3591/3591 3588/3588 3593/3593
f 3593/3593 3588/3588 3590/3590
f 3594/3594 3591/3591 3593/3593
f 3589/3589 3557/3557 3595/3595
f 3557/3557 3547/3547 3595/3595
f 3595/3595 3547/3547 3556/3556
f 3595/3595 3596/3596 3589/3589
f 3590/3590 3589/3589 3596/3596
f 3595/3595 3556/3556 3560/3560
f 3595/3595 3560/3560 3597/3597
f 3596/3596 3595/3595 3597/3597
f 3597/3597 3560/3560 3598/3598
f 3596/3596 3599/3599 3590/3590
f 3599/3599 3596/3596 3600/3600
f 3590/3590 3599/3599 3593/3593
f 3601/3601 3593/3593 3599/3599
f 3600/3600 3596/3596 3597/3597
f 3597/3597 3598/3598 3602/3602
f 3603/3603 3600/3600 3597/3597
f 3603/3603 3597/3597 3602/3602
f 3600/3600 3603/3603 3604/3604
f 3592/3592 3605/3605 3568/3568
f 3605/3605 3592/3592 3591/3591
f 3578/3578 3568/3568 3605/3605
f 3594/3594 3605/3605 3591/3591
f 3605/3605 3606/3606 3578/3578
f 3594/3594 3606/3606 3605/3605
f 3607/3607 3594/3594 3593/3593
f 3583/3583 3578/3578 3606/3606
f 3585/3585 3606/3606 3594/3594
f 3585/3585 3583/3583 3606/3606
f 3608/3608 3585/3585 3594/3594
f 3608/3608 3594/3594 3607/3607
f 3609/3609 3601/3601 3600/3600
f 3600/3600 3601/3601 3599/3599
f 3607/3607 3610/3610 3608/3608
f 3610/3610 3607/3607 3611/3611
f 3607/3607 3593/3593 3601/3601
f 3612/3612 3600/3600 3604/3604
f 3600/3600 3612/3612 3609/3609
f 3601/3601 3609/3609 3612/3612
f 3604/3604 3613/3613 3612/3612
f 3611/3611 3607/3607 3601/3601
f 3610/3610 3611/3611 3614/3614
f 3611/3611 3601/3601 3615/3615
f 3615/3615 3614/3614 3611/3611
f 3616/3616 3612/3612 3613/3613
f 3612/3612 3616/3616 3601/3601
f 3615/3615 3601/3601 3616/3616
f 3617/3617 3616/3616 3618/3618
f 3619/3619 2353/2353 2354/2354
f 2353/2353 3619/3619 3620/3620
f 2366/2366 2353/2353 3620/3620
f 3621/3621 3620/3620 3619/3619
f 3622/3622 2366/2366 3620/3620
f 3623/3623 3620/3620 3621/3621
f 3622/3622 3620/3620 3623/3623
f 2365/2365 2366/2366 3624/3624
f 3624/3624 2366/2366 3622/3622
f 3624/3624 3622/3622 3623/3623
f 3625/3625 3624/3624 3623/3623
f 2370/2370 2369/2369 3626/3626
f 2370/2370 3626/3626 3627/3627
f 2369/2369 2365/2365 3624/3624
f 3624/3624 3626/3626 2369/2369
f 3624/3624 3628/3628 3626/3626
f 3628/3628 3627/3627 3626/3626
f 3628/3628 3624/3624 3625/3625
f 3627/3627 3628/3628 3629/3629
f 3629/3629 3628/3628 3625/3625
f 3630/3630 3629/3629 3625/3625
f 3631/3631 3625/3625 3632/3632
f 2407/2407 3498/3498 2410/2410
f 3633/3633 2411/2411 2370/2370
f 2370/2370 3627/3627 3634/3634
f 3633/3633 2370/2370 3634/3634
f 3499/3499 3633/3633 3635/3635
f 3635/3635 3633/3633 3634/3634
f 3636/3636 3635/3635 3634/3634
f 3630/3630 3634/3634 3627/3627
f 3630/3630 3627/3627 3629/3629
f 3630/3630 3637/3637 3634/3634
f 3637/3637 3630/3630 3625/3625
f 3636/3636 3634/3634 3637/3637
f 3638/3638 3636/3636 3637/3637
f 3639/3639 3499/3499 3635/3635
f 3635/3635 3636/3636 3640/3640
f 3636/3636 3638/3638 3640/3640
f 3640/3640 3638/3638 3641/3641
f 3639/3639 3635/3635 3640/3640
f 3631/3631 3637/3637 3625/3625
f 3637/3637 3631/3631 3642/3642
f 3642/3642 3631/3631 3643/3643
f 3644/3644 3637/3637 3642/3642
f 3644/3644 3642/3642 3643/3643
f 3643/3643 3631/3631 3645/3645
f 3644/3644 3646/3646 3637/3637
f 3647/3647 3646/3646 3644/3644
f 3647/3647 3644/3644 3643/3643
f 3641/3641 3646/3646 3648/3648
f 3638/3638 3637/3637 3646/3646
f 3646/3646 3641/3641 3638/3638
f 3649/3649 3647/3647 3643/3643
f 3646/3646 3647/3647 3648/3648
f 3649/3649 3643/3643 3650/3650
f 3648/3648 3647/3647 3649/3649
f 3649/3649 3650/3650 3651/3651
f 3652/3652 3648/3648 3649/3649
f 3653/3653 2409/2409 2410/2410
f 3653/3653 2410/2410 3639/3639
f 2426/2426 2409/2409 3653/3653
f 2430/2430 2426/2426 3653/3653
f 3653/3653 3639/3639 3654/3654
f 2430/2430 3653/3653 3654/3654
f 2430/2430 3654/3654 3655/3655
f 3656/3656 3655/3655 3654/3654
f 3656/3656 3654/3654 3657/3657
f 3658/3658 2430/2430 3659/3659
f 3659/3659 2430/2430 3655/3655
f 2430/2430 3658/3658 3660/3660
f 2431/2431 2430/2430 3660/3660
f 3659/3659 3655/3655 3656/3656
f 3656/3656 3661/3661 3659/3659
f 3658/3658 3659/3659 3661/3661
f 3657/3657 3662/3662 3656/3656
f 3663/3663 3639/3639 3640/3640
f 3663/3663 3654/3654 3639/3639
f 3663/3663 3640/3640 3641/3641
f 3663/3663 3641/3641 3657/3657
f 3654/3654 3663/3663 3657/3657
f 3641/3641 3664/3664 3657/3657
f 3664/3664 3641/3641 3665/3665
f 3665/3665 3641/3641 3648/3648
f 3666/3666 3664/3664 3665/3665
f 3662/3662 3657/3657 3664/3664
f 3662/3662 3664/3664 3666/3666
f 3666/3666 3667/3667 3662/3662
f 3666/3666 3668/3668 3667/3667
f 3669/3669 3648/3648 3652/3652
f 3652/3652 3649/3649 3670/3670
f 3649/3649 3651/3651 3670/3670
f 3652/3652 3670/3670 3671/3671
f 3669/3669 3665/3665 3648/3648
f 3666/3666 3665/3665 3669/3669
f 3666/3666 3669/3669 3668/3668
f 3652/3652 3671/3671 3669/3669
f 3672/3672 3671/3671 3670/3670
f 3662/3662 3673/3673 3656/3656
f 3674/3674 3673/3673 3662/3662
f 3674/3674 3662/3662 3667/3667
f 3673/3673 3674/3674 3675/3675
f 3668/3668 3669/3669 3671/3671
f 3676/3676 3668/3668 3671/3671
f 3674/3674 3667/3667 3668/3668
f 3677/3677 3668/3668 3676/3676
f 3676/3676 3671/3671 3672/3672
f 3668/3668 3677/3677 3674/3674
f 3678/3678 3674/3674 3677/3677
f 3672/3672 3670/3670 3679/3679
f 3677/3677 3676/3676 3680/3680
f 3570/3570 2478/2478 2222/2222
f 3681/3681 2478/2478 3570/3570
f 3682/3682 3681/3681 3574/3574
f 3683/3683 3681/3681 3684/3684
f 3682/3682 3684/3684 3681/3681
f 3574/3574 3681/3681 3570/3570
f 3574/3574 3575/3575 3682/3682
f 3682/3682 3575/3575 3685/3685
f 3684/3684 3682/3682 3685/3685
f 3619/3619 2354/2354 2478/2478
f 3683/3683 2478/2478 3681/3681
f 3619/3619 2478/2478 3683/3683
f 3619/3619 3683/3683 3621/3621
f 3632/3632 3621/3621 3683/3683
f 3686/3686 3683/3683 3684/3684
f 3685/3685 3686/3686 3684/3684
f 3687/3687 3686/3686 3685/3685
f 3687/3687 3685/3685 3688/3688
f 3689/3689 3686/3686 3687/3687
f 3687/3687 3688/3688 3689/3689
f 3689/3689 3688/3688 3690/3690
f 3689/3689 3690/3690 3691/3691
f 3685/3685 3575/3575 3580/3580
f 3685/3685 3580/3580 3692/3692
f 3581/3581 3692/3692 3580/3580
f 3692/3692 3581/3581 3693/3693
f 3693/3693 3581/3581 3582/3582
f 3688/3688 3685/3685 3692/3692
f 3693/3693 3688/3688 3692/3692
f 3688/3688 3693/3693 3694/3694
f 3582/3582 3696/3696 3693/3693
f 3696/3696 3694/3694 3693/3693
f 3582/3582 3584/3584 3699/3699
f 3582/3582 3699/3699 3696/3696
f 3690/3690 3688/3688 3694/3694
f 3690/3690 3694/3694 3700/3700
f 3701/3701 3700/3700 3694/3694
f 3698/3698 3695/3695 3697/3697
f 3702/3702 3694/3694 3699/3699
f 3702/3702 3699/3699 3584/3584
f 3623/3623 3621/3621 3632/3632
f 3632/3632 3625/3625 3623/3623
f 3703/3703 3632/3632 3683/3683
f 3704/3704 3632/3632 3703/3703
f 3703/3703 3683/3683 3686/3686
f 3703/3703 3686/3686 3689/3689
f 3703/3703 3689/3689 3691/3691
f 3703/3703 3691/3691 3705/3705
f 3706/3706 3704/3704 3703/3703
f 3707/3707 3703/3703 3705/3705
f 3707/3707 3706/3706 3703/3703
f 3708/3708 3706/3706 3707/3707
f 3709/3709 3632/3632 3704/3704
f 3631/3631 3632/3632 3709/3709
f 3631/3631 3709/3709 3645/3645
f 3710/3710 3709/3709 3704/3704
f 3645/3645 3709/3709 3710/3710
f 3710/3710 3704/3704 3711/3711
f 3645/3645 3710/3710 3712/3712
f 3710/3710 3711/3711 3713/3713
f 3711/3711 3704/3704 3706/3706
f 3708/3708 3711/3711 3706/3706
f 3714/3714 3708/3708 3707/3707
f 3713/3713 3711/3711 3708/3708
f 3713/3713 3708/3708 3715/3715
f 3690/3690 3705/3705 3691/3691
f 3705/3705 3690/3690 3707/3707
f 3707/3707 3690/3690 3700/3700
f 3701/3701 3694/3694 3702/3702
f 3716/3716 3701/3701 3702/3702
f 3708/3708 3714/3714 3717/3717
f 3718/3718 3708/3708 3717/3717
f 3715/3715 3708/3708 3718/3718
f 3707/3707 3700/3700 3701/3701
f 3707/3707 3701/3701 3719/3719
f 3720/3720 3719/3719 3701/3701
f 3721/3721 3714/3714 3722/3722
f 3707/3707 3722/3722 3714/3714
f 3714/3714 3721/3721 3717/3717
f 3717/3717 3721/3721 3722/3722
f 3717/3717 3722/3722 3723/3723
f 3722/3722 3707/3707 3719/3719
f 3724/3724 3722/3722 3719/3719
f 3724/3724 3719/3719 3725/3725
f 3584/3584 3585/3585 3726/3726
f 3702/3702 3584/3584 3726/3726
f 3585/3585 3608/3608 3610/3610
f 3610/3610 3727/3727 3585/3585
f 3727/3727 3726/3726 3585/3585
f 3716/3716 3702/3702 3728/3728
f 3728/3728 3702/3702 3726/3726
f 3726/3726 3727/3727 3729/3729
f 3729/3729 3727/3727 3730/3730
f 3729/3729 3731/3731 3726/3726
f 3732/3732 3726/3726 3731/3731
f 3729/3729 3730/3730 3731/3731
f 3733/3733 3731/3731 3730/3730
f 3614/3614 3734/3734 3610/3610
f 3735/3735 3727/3727 3610/3610
f 3735/3735 3610/3610 3734/3734
f 3736/3736 3735/3735 3734/3734
f 3734/3734 3614/3614 3736/3736
f 3614/3614 3615/3615 3616/3616
f 3737/3737 3616/3616 3738/3738
f 3736/3736 3614/3614 3616/3616
f 3616/3616 3737/3737 3736/3736
f 3735/3735 3730/3730 3727/3727
f 3739/3739 3735/3735 3736/3736
f 3739/3739 3736/3736 3740/3740
f 3733/3733 3735/3735 3739/3739
f 3735/3735 3733/3733 3730/3730
f 3733/3733 3739/3739 3740/3740
f 3740/3740 3736/3736 3737/3737
f 3741/3741 3737/3737 3738/3738
f 3737/3737 3742/3742 3740/3740
f 3742/3742 3737/3737 3741/3741
f 3728/3728 3726/3726 3732/3732
f 3701/3701 3716/3716 3720/3720
f 3720/3720 3716/3716 3728/3728
f 3743/3743 3728/3728 3744/3744
f 3720/3720 3728/3728 3743/3743
f 3728/3728 3732/3732 3744/3744
f 3744/3744 3732/3732 3745/3745
f 3732/3732 3731/3731 3733/3733
f 3745/3745 3732/3732 3733/3733
f 3744/3744 3745/3745 3733/3733
f 3746/3746 3720/3720 3743/3743
f 3725/3725 3719/3719 3720/3720
f 3725/3725 3720/3720 3747/3747
f 3747/3747 3720/3720 3746/3746
f 3748/3748 3747/3747 3746/3746
f 3749/3749 3743/3743 3744/3744
f 3750/3750 3743/3743 3749/3749
f 3746/3746 3743/3743 3750/3750
f 3748/3748 3746/3746 3750/3750
f 3749/3749 3751/3751 3750/3750
f 3744/3744 3733/3733 3749/3749
f 3752/3752 3749/3749 3733/3733
f 3752/3752 3753/3753 3749/3749
f 3740/3740 3752/3752 3733/3733
f 3752/3752 3740/3740 3742/3742
f 3742/3742 3754/3754 3752/3752
f 3754/3754 3755/3755 3752/3752
f 3751/3751 3749/3749 3756/3756
f 3756/3756 3749/3749 3753/3753
f 3756/3756 3753/3753 3757/3757
f 3757/3757 3753/3753 3752/3752
f 3757/3757 3752/3752 3755/3755
f 3758/3758 3757/3757 3755/3755
f 3755/3755 3759/3759 3758/3758
f 3643/3643 3645/3645 3712/3712
f 3712/3712 3710/3710 3760/3760
f 3710/3710 3713/3713 3715/3715
f 3760/3760 3710/3710 3715/3715
f 3712/3712 3650/3650 3643/3643
f 3650/3650 3712/3712 3761/3761
f 3761/3761 3712/3712 3762/3762
f 3760/3760 3762/3762 3712/3712
f 3762/3762 3760/3760 3763/3763
f 3763/3763 3761/3761 3762/3762
f 3760/3760 3715/3715 3764/3764
f 3651/3651 3650/3650 3761/3761
f 3670/3670 3651/3651 3761/3761
f 3764/3764 3715/3715 3718/3718
f 3763/3763 3764/3764 3718/3718
f 3760/3760 3764/3764 3763/3763
f 3765/3765 3763/3763 3718/3718
f 3766/3766 3765/3765 3767/3767
f 3717/3717 3765/3765 3718/3718
f 3761/3761 3763/3763 3766/3766
f 3670/3670 3761/3761 3768/3768
f 3768/3768 3761/3761 3766/3766
f 3766/3766 3763/3763 3765/3765
f 3717/3717 3767/3767 3765/3765
f 3766/3766 3767/3767 3769/3769
f 3770/3770 3768/3768 3766/3766
f 3770/3770 3766/3766 3769/3769
f 3769/3769 3767/3767 3771/3771
f 3772/3772 3769/3769 3771/3771
f 3773/3773 3769/3769 3772/3772
f 3767/3767 3717/3717 3771/3771
f 3772/3772 3771/3771 3774/3774
f 3773/3773 3772/3772 3774/3774
f 3775/3775 3774/3774 3771/3771
f 3776/3776 3775/3775 3777/3777
f 3778/3778 3777/3777 3779/3779
f 3747/3747 3778/3778 3779/3779
f 3776/3776 3777/3777 3778/3778
f 3780/3780 3776/3776 3778/3778
f 3781/3781 3670/3670 3768/3768
f 3670/3670 3781/3781 3679/3679
f 3781/3781 3782/3782 3679/3679
f 3768/3768 3770/3770 3783/3783
f 3783/3783 3781/3781 3768/3768
f 3782/3782 3781/3781 3783/3783
f 3672/3672 3679/3679 3782/3782
f 3784/3784 3782/3782 3783/3783
f 3784/3784 3783/3783 3785/3785
f 3785/3785 3783/3783 3770/3770
f 3769/3769 3773/3773 3770/3770
f 3785/3785 3770/3770 3773/3773
f 3786/3786 3785/3785 3787/3787
f 3787/3787 3785/3785 3773/3773
f 3788/3788 3787/3787 3773/3773
f 3676/3676 3672/3672 3782/3782
f 3676/3676 3782/3782 3680/3680
f 3784/3784 3680/3680 3782/3782
f 3784/3784 3789/3789 3680/3680
f 3789/3789 3784/3784 3786/3786
f 3790/3790 3789/3789 3786/3786
f 3784/3784 3785/3785 3786/3786
f 3791/3791 3786/3786 3787/3787
f 3787/3787 3792/3792 3791/3791
f 3793/3793 3792/3792 3787/3787
f 3788/3788 3773/3773 3774/3774
f 3775/3775 3794/3794 3774/3774
f 3794/3794 3788/3788 3774/3774
f 3787/3787 3788/3788 3794/3794
f 3794/3794 3775/3775 3776/3776
f 3794/3794 3776/3776 3780/3780
f 3795/3795 3794/3794 3780/3780
f 3795/3795 3780/3780 3796/3796
f 3796/3796 3780/3780 3797/3797
f 3787/3787 3794/3794 3795/3795
f 3787/3787 3795/3795 3793/3793
f 3796/3796 3798/3798 3795/3795
f 3747/3747 3748/3748 3799/3799
f 3748/3748 3750/3750 3800/3800
f 3800/3800 3750/3750 3751/3751
f 3748/3748 3800/3800 3799/3799
f 3799/3799 3801/3801 3802/3802
f 3799/3799 3800/3800 3801/3801
f 3747/3747 3802/3802 3778/3778
f 3802/3802 3747/3747 3799/3799
f 3802/3802 3801/3801 3803/3803
f 3803/3803 3801/3801 3804/3804
f 3805/3805 3802/3802 3806/3806
f 3807/3807 3805/3805 3806/3806
f 3802/3802 3803/3803 3806/3806
f 3808/3808 3806/3806 3803/3803
f 3804/3804 3756/3756 3757/3757
f 3801/3801 3800/3800 3751/3751
f 3751/3751 3804/3804 3801/3801
f 3804/3804 3751/3751 3756/3756
f 3804/3804 3757/3757 3809/3809
f 3809/3809 3757/3757 3758/3758
f 3758/3758 3759/3759 3809/3809
f 3803/3803 3804/3804 3810/3810
f 3804/3804 3811/3811 3810/3810
f 3812/3812 3803/3803 3810/3810
f 3803/3803 3812/3812 3808/3808
f 3811/3811 3804/3804 3813/3813
f 3809/3809 3813/3813 3804/3804
f 3811/3811 3813/3813 3814/3814
f 3814/3814 3813/3813 3809/3809
f 3815/3815 3816/3816 3811/3811
f 3802/3802 3797/3797 3778/3778
f 3797/3797 3802/3802 3805/3805
f 3780/3780 3778/3778 3797/3797
f 3817/3817 3805/3805 3807/3807
f 3807/3807 3806/3806 3808/3808
f 3817/3817 3807/3807 3818/3818
f 3797/3797 3805/3805 3817/3817
f 3818/3818 3819/3819 3817/3817
f 3797/3797 3820/3820 3796/3796
f 3820/3820 3798/3798 3796/3796
f 3821/3821 3797/3797 3817/3817
f 3821/3821 3817/3817 3819/3819
f 3797/3797 3821/3821 3820/3820
f 3820/3820 3821/3821 3822/3822
f 3821/3821 3823/3823 3822/3822
f 3808/3808 3818/3818 3807/3807
f 3810/3810 3816/3816 3812/3812
f 3816/3816 3810/3810 3811/3811
f 3818/3818 3808/3808 3812/3812
f 3818/3818 3812/3812 3816/3816
f 3818/3818 3816/3816 3824/3824
f 3816/3816 3825/3825 3824/3824
f 3818/3818 3824/3824 3819/3819
f 3824/3824 3826/3826 3819/3819
f 3826/3826 3824/3824 3825/3825
f 3827/3827 3816/3816 3815/3815
f 3825/3825 3816/3816 3827/3827
f 3815/3815 3811/3811 3814/3814
f 3827/3827 3815/3815 3814/3814
f 3827/3827 3814/3814 3828/3828
f 3828/3828 3825/3825 3827/3827
f 3821/3821 3819/3819 3826/3826
f 3821/3821 3826/3826 3829/3829
f 3823/3823 3821/3821 3829/3829
f 3825/3825 3828/3828 3826/3826
f 3830/3830 3826/3826 3828/3828
f 3829/3829 3826/3826 3830/3830
f 3828/3828 3831/3831 3830/3830
f 3832/3832 3829/3829 3830/3830
f 3832/3832 3830/3830 3833/3833
f 3833/3833 3830/3830 3831/3831
f 2568/2568 2431/2431 3660/3660
f 3661/3661 3660/3660 3658/3658
f 2568/2568 3660/3660 3661/3661
f 2571/2571 2568/2568 3661/3661
f 3834/3834 3661/3661 3656/3656
f 2571/2571 3661/3661 3834/3834
f 3835/3835 2571/2571 3834/3834
f 3834/3834 3656/3656 3673/3673
f 3835/3835 3834/3834 3673/3673
f 3835/3835 3673/3673 3675/3675
f 3678/3678 3835/3835 3675/3675
f 3675/3675 3674/3674 3678/3678
f 3835/3835 3678/3678 3836/3836
f 2572/2572 2571/2571 3835/3835
f 2572/2572 3835/3835 3836/3836
f 2574/2574 2572/2572 3837/3837
f 3678/3678 3677/3677 3680/3680
f 3836/3836 3678/3678 3790/3790
f 3678/3678 3680/3680 3789/3789
f 3790/3790 3678/3678 3789/3789
f 3837/3837 2572/2572 3836/3836
f 3838/3838 3837/3837 3839/3839
f 3840/3840 3836/3836 3790/3790
f 3841/3841 3790/3790 3791/3791
f 3791/3791 3790/3790 3786/3786
f 3840/3840 3790/3790 3841/3841
f 3836/3836 3840/3840 3837/3837
f 3841/3841 3791/3791 3792/3792
f 3842/3842 3840/3840 3841/3841
f 3840/3840 3842/3842 3839/3839
f 3793/3793 3841/3841 3792/3792
f 3842/3842 3841/3841 3793/3793
f 3839/3839 3842/3842 3843/3843
f 3843/3843 3842/3842 3793/3793
f 3843/3843 3793/3793 3844/3844
f 3793/3793 3795/3795 3798/3798
f 3844/3844 3793/3793 3798/3798
f 3839/3839 3837/3837 3840/3840
f 3838/3838 3839/3839 3845/3845
f 3844/3844 3798/3798 3846/3846
f 3846/3846 3798/3798 3820/3820
f 3847/3847 3820/3820 3822/3822
f 3846/3846 3820/3820 3847/3847
f 3839/3839 3843/3843 3848/3848
f 3844/3844 3848/3848 3843/3843
f 3846/3846 3848/3848 3844/3844
f 3849/3849 3850/3850 3848/3848
f 3848/3848 3846/3846 3849/3849
f 3847/3847 3849/3849 3846/3846
f 3832/3832 3823/3823 3829/3829
f 3823/3823 3847/3847 3822/3822
f 3823/3823 3832/3832 3851/3851
f 3823/3823 3851/3851 3847/3847
f 3833/3833 3852/3852 3832/3832
f 3832/3832 3852/3852 3851/3851
f 3849/3849 3847/3847 3851/3851
f 3849/3849 3851/3851 3853/3853
f 3853/3853 3851/3851 3852/3852
f 3848/3848 3850/3850 3839/3839
f 3850/3850 3845/3845 3839/3839
f 3845/3845 3850/3850 3854/3854
f 3855/3855 3850/3850 3849/3849
f 3850/3850 3855/3855 3854/3854
f 3855/3855 3849/3849 3853/3853
f 3855/3855 3853/3853 3856/3856
f 2650/2650 2574/2574 3837/3837
f 2650/2650 3837/3837 2654/2654
f 2654/2654 3837/3837 3838/3838
f 3838/3838 3857/3857 2654/2654
f 2654/2654 2649/2649 2650/2650
f 3838/3838 3845/3845 3857/3857
f 2654/2654 3857/3857 2657/2657
f 3845/3845 3854/3854 3857/3857
f 2910/2910 2914/2914 2911/2911
f 1956/1956 2919/2919 3858/3858
f 3859/3859 2919/2919 2920/2920
f 3858/3858 2919/2919 3859/3859
f 3860/3860 3859/3859 2920/2920
f 2922/2922 2923/2923 3861/3861
f 2923/2923 2901/2901 2902/2902
f 2923/2923 2902/2902 3861/3861
f 3861/3861 2902/2902 3862/3862
f 3863/3863 2920/2920 2922/2922
f 3863/3863 2922/2922 3861/3861
f 3860/3860 2920/2920 3863/3863
f 3863/3863 3859/3859 3860/3860
f 3864/3864 3863/3863 3861/3861
f 1956/1956 3858/3858 3865/3865
f 3858/3858 3859/3859 3866/3866
f 3865/3865 3858/3858 3866/3866
f 3522/3522 1956/1956 3865/3865
f 3522/3522 3865/3865 3867/3867
f 3865/3865 3866/3866 3868/3868
f 3869/3869 3522/3522 3867/3867
f 3865/3865 3869/3869 3867/3867
f 3859/3859 3863/3863 3870/3870
f 3871/3871 3859/3859 3870/3870
f 3859/3859 3871/3871 3866/3866
f 3870/3870 3863/3863 3864/3864
f 3864/3864 3861/3861 3872/3872
f 3871/3871 3870/3870 3864/3864
f 3873/3873 3871/3871 3864/3864
f 3871/3871 3868/3868 3866/3866
f 3868/3868 3871/3871 3874/3874
f 3869/3869 3865/3865 3868/3868
f 3868/3868 3874/3874 3875/3875
f 3869/3869 3868/3868 3875/3875
f 3874/3874 3871/3871 3873/3873
f 3874/3874 3873/3873 3876/3876
f 3873/3873 3877/3877 3876/3876
f 3876/3876 3875/3875 3874/3874
f 3876/3876 3878/3878 3875/3875
f 3878/3878 3876/3876 3877/3877
f 2902/2902 2911/2911 2914/2914
f 3862/3862 2902/2902 2914/2914
f 3862/3862 2914/2914 3879/3879
f 3861/3861 3862/3862 3879/3879
f 3872/3872 3861/3861 3879/3879
f 2914/2914 3880/3880 3879/3879
f 3872/3872 3879/3879 3880/3880
f 2914/2914 2913/2913 3881/3881
f 3882/3882 2913/2913 2918/2918
f 3881/3881 2913/2913 3882/3882
f 3881/3881 3883/3883 2914/2914
f 2914/2914 3883/3883 3880/3880
f 3883/3883 3881/3881 3882/3882
f 3884/3884 3864/3864 3872/3872
f 3885/3885 3872/3872 3880/3880
f 3872/3872 3886/3886 3884/3884
f 3886/3886 3872/3872 3885/3885
f 3877/3877 3873/3873 3864/3864
f 3877/3877 3864/3864 3884/3884
f 3884/3884 3886/3886 3877/3877
f 3885/3885 3880/3880 3887/3887
f 3887/3887 3880/3880 3883/3883
f 3887/3887 3883/3883 3888/3888
f 3888/3888 3883/3883 3889/3889
f 3887/3887 3888/3888 3889/3889
f 3890/3890 3886/3886 3885/3885
f 3889/3889 3885/3885 3887/3887
f 2978/2978 3882/3882 2918/2918
f 3891/3891 3882/3882 2978/2978
f 2984/2984 3891/3891 2978/2978
f 3889/3889 3883/3883 3882/3882
f 3889/3889 3882/3882 3892/3892
f 3892/3892 3882/3882 3891/3891
f 3892/3892 3891/3891 2984/2984
f 3893/3893 3889/3889 3894/3894
f 3892/3892 3895/3895 3889/3889
f 3895/3895 3892/3892 2984/2984
f 3889/3889 3895/3895 3894/3894
f 2979/2979 2984/2984 2978/2978
f 3895/3895 2984/2984 3896/3896
f 2985/2985 3896/3896 2984/2984
f 3895/3895 3896/3896 3897/3897
f 3896/3896 2985/2985 2987/2987
f 3522/3522 3869/3869 3898/3898
f 3522/3522 3898/3898 3540/3540
f 3541/3541 3540/3540 3898/3898
f 3899/3899 3869/3869 3900/3900
f 3541/3541 3898/3898 3901/3901
f 3898/3898 3869/3869 3901/3901
f 3541/3541 3902/3902 3543/3543
f 3902/3902 3541/3541 3901/3901
f 3902/3902 3901/3901 3903/3903
f 3901/3901 3869/3869 3899/3899
f 3899/3899 3904/3904 3901/3901
f 3905/3905 3903/3903 3901/3901
f 3905/3905 3901/3901 3904/3904
f 3869/3869 3875/3875 3900/3900
f 3906/3906 3900/3900 3907/3907
f 3900/3900 3875/3875 3907/3907
f 3878/3878 3907/3907 3875/3875
f 3878/3878 3908/3908 3907/3907
f 3904/3904 3899/3899 3906/3906
f 3899/3899 3900/3900 3906/3906
f 3904/3904 3906/3906 3909/3909
f 3909/3909 3906/3906 3910/3910
f 3906/3906 3907/3907 3910/3910
f 3910/3910 3907/3907 3911/3911
f 3907/3907 3908/3908 3911/3911
f 3909/3909 3910/3910 3911/3911
f 3911/3911 3912/3912 3909/3909
f 3554/3554 3543/3543 3902/3902
f 3554/3554 3902/3902 3903/3903
f 3913/3913 3905/3905 3914/3914
f 3915/3915 3903/3903 3905/3905
f 3915/3915 3905/3905 3916/3916
f 3916/3916 3905/3905 3913/3913
f 3554/3554 3559/3559 3558/3558
f 3554/3554 3903/3903 3559/3559
f 3903/3903 3915/3915 3559/3559
f 3560/3560 3559/3559 3915/3915
f 3560/3560 3915/3915 3917/3917
f 3913/3913 3918/3918 3916/3916
f 3915/3915 3916/3916 3917/3917
f 3917/3917 3916/3916 3919/3919
f 3916/3916 3920/3920 3919/3919
f 3920/3920 3916/3916 3921/3921
f 3905/3905 3904/3904 3914/3914
f 3912/3912 3922/3922 3909/3909
f 3909/3909 3914/3914 3904/3904
f 3918/3918 3913/3913 3914/3914
f 3914/3914 3923/3923 3918/3918
f 3909/3909 3922/3922 3914/3914
f 3923/3923 3914/3914 3922/3922
f 3918/3918 3924/3924 3916/3916
f 3924/3924 3921/3921 3916/3916
f 3923/3923 3924/3924 3918/3918
f 3923/3923 3925/3925 3924/3924
f 3921/3921 3924/3924 3925/3925
f 3926/3926 3925/3925 3923/3923
f 3923/3923 3922/3922 3926/3926
f 3877/3877 3908/3908 3878/3878
f 3908/3908 3877/3877 3927/3927
f 3927/3927 3877/3877 3886/3886
f 3927/3927 3886/3886 3890/3890
f 3928/3928 3927/3927 3890/3890
f 3890/3890 3929/3929 3928/3928
f 3927/3927 3911/3911 3908/3908
f 3911/3911 3927/3927 3928/3928
f 3930/3930 3911/3911 3931/3931
f 3932/3932 3928/3928 3929/3929
f 3911/3911 3928/3928 3931/3931
f 3931/3931 3928/3928 3932/3932
f 3890/3890 3885/3885 3933/3933
f 3933/3933 3885/3885 3889/3889
f 3929/3929 3890/3890 3934/3934
f 3932/3932 3929/3929 3934/3934
f 3934/3934 3890/3890 3933/3933
f 3935/3935 3933/3933 3893/3893
f 3934/3934 3933/3933 3935/3935
f 3912/3912 3911/3911 3930/3930
f 3922/3922 3912/3912 3930/3930
f 3936/3936 3926/3926 3922/3922
f 3930/3930 3936/3936 3922/3922
f 3937/3937 3926/3926 3936/3936
f 3936/3936 3930/3930 3938/3938
f 3930/3930 3931/3931 3932/3932
f 3934/3934 3935/3935 3939/3939
f 3940/3940 3932/3932 3934/3934
f 3940/3940 3930/3930 3932/3932
f 3940/3940 3934/3934 3939/3939
f 3940/3940 3941/3941 3930/3930
f 3935/3935 3893/3893 3942/3942
f 3940/3940 3939/3939 3935/3935
f 3940/3940 3935/3935 3942/3942
f 3938/3938 3930/3930 3941/3941
f 3943/3943 3944/3944 3941/3941
f 3945/3945 3940/3940 3942/3942
f 3941/3941 3940/3940 3946/3946
f 3598/3598 3560/3560 3917/3917
f 3947/3947 3598/3598 3917/3917
f 3602/3602 3598/3598 3947/3947
f 3947/3947 3948/3948 3602/3602
f 3948/3948 3947/3947 3949/3949
f 3919/3919 3920/3920 3917/3917
f 3920/3920 3949/3949 3917/3917
f 3917/3917 3949/3949 3947/3947
f 3921/3921 3925/3925 3920/3920
f 3920/3920 3925/3925 3949/3949
f 3926/3926 3937/3937 3925/3925
f 3925/3925 3937/3937 3950/3950
f 3937/3937 3951/3951 3952/3952
f 3602/3602 3953/3953 3603/3603
f 3948/3948 3953/3953 3602/3602
f 3948/3948 3949/3949 3954/3954
f 3953/3953 3948/3948 3954/3954
f 3954/3954 3925/3925 3950/3950
f 3952/3952 3950/3950 3937/3937
f 3925/3925 3954/3954 3949/3949
f 3952/3952 3955/3955 3950/3950
f 3952/3952 3951/3951 3955/3955
f 3956/3956 3954/3954 3950/3950
f 3956/3956 3950/3950 3957/3957
f 3955/3955 3958/3958 3950/3950
f 3957/3957 3950/3950 3958/3958
f 3958/3958 3955/3955 3951/3951
f 3953/3953 3959/3959 3603/3603
f 3613/3613 3604/3604 3603/3603
f 3613/3613 3603/3603 3959/3959
f 3960/3960 3959/3959 3953/3953
f 3954/3954 3960/3960 3953/3953
f 3616/3616 3613/3613 3618/3618
f 3960/3960 3613/3613 3959/3959
f 3618/3618 3613/3613 3960/3960
f 3617/3617 3618/3618 3961/3961
f 3618/3618 3960/3960 3961/3961
f 3954/3954 3962/3962 3960/3960
f 3961/3961 3962/3962 3963/3963
f 3962/3962 3954/3954 3964/3964
f 3964/3964 3954/3954 3956/3956
f 3956/3956 3957/3957 3958/3958
f 3965/3965 3956/3956 3958/3958
f 3964/3964 3956/3956 3965/3965
f 3966/3966 3965/3965 3958/3958
f 3964/3964 3965/3965 3966/3966
f 3961/3961 3960/3960 3962/3962
f 3962/3962 3964/3964 3967/3967
f 3968/3968 3962/3962 3967/3967
f 3966/3966 3967/3967 3964/3964
f 3967/3967 3966/3966 3969/3969
f 3970/3970 3937/3937 3936/3936
f 3951/3951 3937/3937 3970/3970
f 3938/3938 3970/3970 3936/3936
f 3971/3971 3970/3970 3938/3938
f 3972/3972 3970/3970 3971/3971
f 3970/3970 3973/3973 3951/3951
f 3938/3938 3941/3941 3944/3944
f 3971/3971 3938/3938 3944/3944
f 3972/3972 3944/3944 3943/3943
f 3972/3972 3971/3971 3944/3944
f 3974/3974 3943/3943 3975/3975
f 3943/3943 3941/3941 3946/3946
f 3973/3973 3970/3970 3972/3972
f 3976/3976 3943/3943 3977/3977
f 3972/3972 3943/3943 3976/3976
f 3976/3976 3977/3977 3973/3973
f 3973/3973 3972/3972 3976/3976
f 3977/3977 3943/3943 3974/3974
f 3977/3977 3974/3974 3978/3978
f 3979/3979 3980/3980 3977/3977
f 3979/3979 3977/3977 3978/3978
f 3979/3979 3981/3981 3980/3980
f 3981/3981 3979/3979 3978/3978
f 3981/3981 3978/3978 3982/3982
f 3983/3983 3980/3980 3981/3981
f 3984/3984 3983/3983 3981/3981
f 3985/3985 3958/3958 3951/3951
f 3985/3985 3951/3951 3973/3973
f 3966/3966 3958/3958 3985/3985
f 3969/3969 3966/3966 3985/3985
f 3986/3986 3985/3985 3987/3987
f 3973/3973 3988/3988 3987/3987
f 3973/3973 3987/3987 3985/3985
f 3980/3980 3988/3988 3973/3973
f 3987/3987 3988/3988 3980/3980
f 3969/3969 3985/3985 3986/3986
f 3969/3969 3986/3986 3989/3989
f 3986/3986 3987/3987 3990/3990
f 3973/3973 3977/3977 3980/3980
f 3990/3990 3987/3987 3980/3980
f 3990/3990 3980/3980 3983/3983
f 3933/3933 3889/3889 3893/3893
f 3895/3895 3991/3991 3894/3894
f 3893/3893 3992/3992 3993/3993
f 3992/3992 3893/3893 3894/3894
f 3992/3992 3894/3894 3994/3994
f 3895/3895 3897/3897 3991/3991
f 3897/3897 3896/3896 2987/2987
f 3038/3038 3897/3897 2987/2987
f 3995/3995 3994/3994 3991/3991
f 3894/3894 3991/3991 3994/3994
f 3991/3991 3897/3897 3038/3038
f 3996/3996 3991/3991 3038/3038
f 3996/3996 3038/3038 3040/3040
f 3997/3997 3993/3993 3992/3992
f 3992/3992 3994/3994 3995/3995
f 3998/3998 3993/3993 3997/3997
f 3993/3993 3942/3942 3893/3893
f 3942/3942 3993/3993 3945/3945
f 3940/3940 3945/3945 3946/3946
f 3945/3945 3993/3993 3999/3999
f 3999/3999 3993/3993 3998/3998
f 3996/3996 3995/3995 3991/3991
f 3995/3995 3997/3997 3992/3992
f 3998/3998 3997/3997 3995/3995
f 3996/3996 3998/3998 3995/3995
f 3040/3040 3048/3048 3996/3996
f 4000/4000 3998/3998 3996/3996
f 3999/3999 3998/3998 4001/4001
f 4000/4000 4001/4001 3998/3998
f 4002/4002 4001/4001 4000/4000
f 4000/4000 3996/3996 3053/3053
f 3053/3053 3996/3996 3048/3048
f 3053/3053 3048/3048 3049/3049
f 3945/3945 4003/4003 3946/3946
f 3946/3946 4003/4003 3943/3943
f 4003/4003 3945/3945 3999/3999
f 4003/4003 3975/3975 3943/3943
f 4004/4004 3975/3975 4003/4003
f 4005/4005 4003/4003 4006/4006
f 4006/4006 4003/4003 3999/3999
f 3999/3999 4002/4002 4006/4006
f 3974/3974 3975/3975 4004/4004
f 4004/4004 4003/4003 4005/4005
f 4007/4007 4005/4005 4006/4006
f 4007/4007 3974/3974 4004/4004
f 3978/3978 3974/3974 4007/4007
f 4007/4007 4004/4004 4005/4005
f 4007/4007 4006/4006 4008/4008
f 4001/4001 4002/4002 3999/3999
f 4009/4009 4002/4002 4000/4000
f 4010/4010 4000/4000 3053/3053
f 4009/4009 4000/4000 4010/4010
f 4011/4011 4006/4006 4002/4002
f 4008/4008 4006/4006 4012/4012
f 4012/4012 4006/4006 4011/4011
f 3054/3054 4009/4009 4010/4010
f 4013/4013 4009/4009 3054/3054
f 3071/3071 4013/4013 3054/3054
f 4009/4009 4013/4013 4002/4002
f 4011/4011 4002/4002 4013/4013
f 4013/4013 3080/3080 4011/4011
f 4014/4014 3978/3978 4007/4007
f 4014/4014 4015/4015 3978/3978
f 4008/4008 4016/4016 4007/4007
f 4014/4014 4007/4007 4016/4016
f 4008/4008 4012/4012 4016/4016
f 4017/4017 4014/4014 4016/4016
f 4018/4018 4016/4016 4012/4012
f 4017/4017 4016/4016 4018/4018
f 4015/4015 3982/3982 3978/3978
f 3982/3982 4015/4015 4019/4019
f 4015/4015 4014/4014 4017/4017
f 4015/4015 4017/4017 4018/4018
f 4018/4018 4020/4020 4015/4015
f 4020/4020 4021/4021 4015/4015
f 4021/4021 4019/4019 4015/4015
f 4022/4022 4012/4012 4011/4011
f 4022/4022 4018/4018 4012/4012
f 3080/3080 4013/4013 3072/3072
f 4022/4022 4011/4011 3080/3080
f 4023/4023 4022/4022 3080/3080
f 4022/4022 4024/4024 4020/4020
f 4023/4023 3080/3080 3082/3082
f 3082/3082 4025/4025 4023/4023
f 4020/4020 4018/4018 4022/4022
f 3053/3053 3054/3054 4010/4010
f 4013/4013 3071/3071 3072/3072
f 3080/3080 3079/3079 3082/3082
f 3081/3081 4025/4025 3082/3082
f 3738/3738 3616/3616 3617/3617
f 3617/3617 4026/4026 3738/3738
f 4026/4026 4027/4027 3738/3738
f 3961/3961 3963/3963 3617/3617
f 4026/4026 3617/3617 3963/3963
f 4028/4028 3963/3963 3962/3962
f 4028/4028 4026/4026 3963/3963
f 3741/3741 3738/3738 4027/4027
f 4027/4027 3742/3742 3741/3741
f 4027/4027 4026/4026 4028/4028
f 4028/4028 4029/4029 4027/4027
f 3968/3968 4028/4028 3962/3962
f 3969/3969 3989/3989 3967/3967
f 3989/3989 3968/3968 3967/3967
f 4029/4029 4028/4028 3968/3968
f 3968/3968 4030/4030 4029/4029
f 4031/4031 3968/3968 3989/3989
f 3754/3754 3742/3742 4027/4027
f 3754/3754 4027/4027 4032/4032
f 4033/4033 3754/3754 4032/4032
f 4027/4027 4029/4029 4032/4032
f 4033/4033 4034/4034 3754/3754
f 4033/4033 4032/4032 4035/4035
f 3755/3755 3754/3754 4034/4034
f 4034/4034 4033/4033 4036/4036
f 4034/4034 4036/4036 3755/3755
f 4036/4036 4033/4033 4035/4035
f 4029/4029 4037/4037 4032/4032
f 4030/4030 3968/3968 4031/4031
f 4037/4037 4029/4029 4030/4030
f 4037/4037 4030/4030 4031/4031
f 4037/4037 4031/4031 4038/4038
f 4031/4031 3989/3989 4039/4039
f 4040/4040 4031/4031 4039/4039
f 4031/4031 4040/4040 4038/4038
f 4041/4041 4038/4038 4040/4040
f 4035/4035 4032/4032 4037/4037
f 4035/4035 4037/4037 4038/4038
f 4041/4041 4035/4035 4038/4038
f 3982/3982 3984/3984 3981/3981
f 4042/4042 3984/3984 4043/4043
f 4044/4044 4045/4045 4042/4042
f 3989/3989 3986/3986 3990/3990
f 3990/3990 4046/4046 3989/3989
f 4046/4046 3990/3990 4047/4047
f 4039/4039 3989/3989 4046/4046
f 4048/4048 4039/4039 4046/4046
f 4049/4049 4048/4048 4046/4046
f 4050/4050 4047/4047 3990/3990
f 4050/4050 3990/3990 3983/3983
f 4050/4050 4046/4046 4047/4047
f 4050/4050 3983/3983 3984/3984
f 4046/4046 4050/4050 3984/3984
f 4049/4049 4046/4046 3984/3984
f 4042/4042 4049/4049 3984/3984
f 4051/4051 4039/4039 4048/4048
f 4040/4040 4039/4039 4051/4051
f 4052/4052 4048/4048 4049/4049
f 4048/4048 4052/4052 4051/4051
f 4053/4053 4040/4040 4051/4051
f 4051/4051 4054/4054 4053/4053
f 4052/4052 4055/4055 4051/4051
f 4045/4045 4049/4049 4042/4042
f 4055/4055 4052/4052 4049/4049
f 4049/4049 4045/4045 4055/4055
f 3759/3759 3755/3755 4036/4036
f 3809/3809 3759/3759 4036/4036
f 4056/4056 4036/4036 4035/4035
f 3814/3814 3809/3809 4036/4036
f 4036/4036 4057/4057 3814/3814
f 4056/4056 4058/4058 4036/4036
f 4057/4057 4036/4036 4058/4058
f 4053/4053 4035/4035 4041/4041
f 4056/4056 4035/4035 4053/4053
f 4053/4053 4041/4041 4040/4040
f 4059/4059 4056/4056 4053/4053
f 4057/4057 3828/3828 3814/3814
f 4060/4060 3828/3828 4057/4057
f 3828/3828 4060/4060 3831/3831
f 4057/4057 4058/4058 4061/4061
f 4061/4061 4060/4060 4057/4057
f 4062/4062 4060/4060 4061/4061
f 4062/4062 3831/3831 4060/4060
f 3833/3833 3831/3831 4062/4062
f 4062/4062 4061/4061 4063/4063
f 4064/4064 4058/4058 4056/4056
f 4064/4064 4061/4061 4058/4058
f 4064/4064 4056/4056 4059/4059
f 4065/4065 4059/4059 4066/4066
f 4064/4064 4059/4059 4065/4065
f 4067/4067 4061/4061 4064/4064
f 4061/4061 4067/4067 4068/4068
f 4067/4067 4064/4064 4065/4065
f 4068/4068 4067/4067 4065/4065
f 4054/4054 4051/4051 4055/4055
f 4069/4069 4054/4054 4055/4055
f 4069/4069 4070/4070 4054/4054
f 4070/4070 4069/4069 4071/4071
f 4059/4059 4053/4053 4054/4054
f 4054/4054 4066/4066 4059/4059
f 4069/4069 4055/4055 4045/4045
f 4044/4044 4072/4072 4045/4045
f 4069/4069 4073/4073 4071/4071
f 4073/4073 4069/4069 4045/4045
f 4073/4073 4045/4045 4072/4072
f 4074/4074 4073/4073 4072/4072
f 4066/4066 4054/4054 4070/4070
f 4071/4071 4075/4075 4070/4070
f 4066/4066 4070/4070 4076/4076
f 4077/4077 4066/4066 4076/4076
f 4077/4077 4076/4076 4078/4078
f 4077/4077 4065/4065 4066/4066
f 4078/4078 4071/4071 4073/4073
f 4076/4076 4075/4075 4071/4071
f 4075/4075 4076/4076 4070/4070
f 4078/4078 4076/4076 4071/4071
f 4078/4078 4073/4073 4074/4074
f 4074/4074 4079/4079 4078/4078
f 4019/4019 4021/4021 3982/3982
f 4080/4080 3982/3982 4021/4021
f 4081/4081 4021/4021 4020/4020
f 4021/4021 4082/4082 4080/4080
f 4082/4082 4021/4021 4081/4081
f 4043/4043 3982/3982 4080/4080
f 3982/3982 4043/4043 3984/3984
f 4043/4043 4080/4080 4083/4083
f 4083/4083 4080/4080 4082/4082
f 4084/4084 4082/4082 4081/4081
f 4083/4083 4082/4082 4084/4084
f 4020/4020 4024/4024 4085/4085
f 4085/4085 4022/4022 4023/4023
f 4023/4023 4086/4086 4085/4085
f 4085/4085 4024/4024 4022/4022
f 3369/3369 4086/4086 4023/4023
f 3369/3369 4025/4025 3366/3366
f 3369/3369 4023/4023 4025/4025
f 4085/4085 4086/4086 4081/4081
f 4081/4081 4086/4086 4084/4084
f 4087/4087 4086/4086 3369/3369
f 4020/4020 4085/4085 4081/4081
f 4083/4083 4042/4042 4043/4043
f 4042/4042 4083/4083 4088/4088
f 4088/4088 4083/4083 4089/4089
f 4044/4044 4042/4042 4088/4088
f 4090/4090 4044/4044 4088/4088
f 4083/4083 4084/4084 4089/4089
f 4090/4090 4089/4089 4084/4084
f 4088/4088 4089/4089 4090/4090
f 4086/4086 4087/4087 4084/4084
f 4091/4091 4084/4084 4087/4087
f 3369/3369 3370/3370 4087/4087
f 3370/3370 4092/4092 4087/4087
f 4092/4092 4091/4091 4087/4087
f 4092/4092 3370/3370 4091/4091
f 3373/3373 4091/4091 3370/3370
f 3373/3373 3370/3370 3372/3372
f 4093/4093 4090/4090 4084/4084
f 4093/4093 4084/4084 4091/4091
f 4094/4094 4025/4025 3081/3081
f 3366/3366 4025/4025 4094/4094
f 3366/3366 4094/4094 3081/3081
f 4072/4072 4044/4044 4090/4090
f 4090/4090 4093/4093 4095/4095
f 4072/4072 4090/4090 4095/4095
f 4072/4072 4096/4096 4074/4074
f 4093/4093 4097/4097 4095/4095
f 4095/4095 4097/4097 4096/4096
f 4096/4096 4072/4072 4095/4095
f 4093/4093 4091/4091 4098/4098
f 4093/4093 4098/4098 4099/4099
f 4098/4098 4091/4091 3373/3373
f 4093/4093 4099/4099 4097/4097
f 4099/4099 4098/4098 4097/4097
f 4100/4100 3373/3373 3371/3371
f 4098/4098 3373/3373 4100/4100
f 4101/4101 4097/4097 4100/4100
f 4100/4100 4102/4102 4101/4101
f 4074/4074 4096/4096 4101/4101
f 4101/4101 4096/4096 4097/4097
f 4074/4074 4101/4101 4079/4079
f 4100/4100 3371/3371 3375/3375
f 4098/4098 4100/4100 4097/4097
f 4100/4100 3375/3375 4102/4102
f 4103/4103 3833/3833 4062/4062
f 4103/4103 4062/4062 4104/4104
f 4104/4104 4062/4062 4063/4063
f 4105/4105 4063/4063 4061/4061
f 4104/4104 4063/4063 4105/4105
f 3852/3852 3833/3833 4106/4106
f 4106/4106 3833/3833 4103/4103
f 4106/4106 4103/4103 4104/4104
f 4107/4107 3852/3852 4106/4106
f 4104/4104 4108/4108 4106/4106
f 4107/4107 4106/4106 4108/4108
f 4105/4105 4061/4061 4068/4068
f 4105/4105 4068/4068 4109/4109
f 4109/4109 4068/4068 4065/4065
f 4108/4108 4105/4105 4109/4109
f 4108/4108 4104/4104 4105/4105
f 4108/4108 4109/4109 4110/4110
f 4107/4107 3853/3853 3852/3852
f 3856/3856 3853/3853 4107/4107
f 4108/4108 4111/4111 4107/4107
f 3856/3856 4107/4107 4111/4111
f 3854/3854 3855/3855 4112/4112
f 4112/4112 3855/3855 3856/3856
f 3856/3856 4113/4113 4112/4112
f 4110/4110 4114/4114 4108/4108
f 3856/3856 4111/4111 4115/4115
f 4113/4113 3856/3856 4115/4115
f 4115/4115 4111/4111 4114/4114
f 4111/4111 4108/4108 4114/4114
f 4115/4115 4114/4114 4116/4116
f 4117/4117 4116/4116 4114/4114
f 4118/4118 4119/4119 4120/4120
f 4121/4121 4077/4077 4078/4078
f 4077/4077 4121/4121 4122/4122
f 4109/4109 4065/4065 4077/4077
f 4077/4077 4122/4122 4109/4109
f 4122/4122 4110/4110 4109/4109
f 4078/4078 4079/4079 4121/4121
f 4123/4123 4121/4121 4079/4079
f 4124/4124 4122/4122 4121/4121
f 4124/4124 4121/4121 4123/4123
f 4125/4125 4124/4124 4123/4123
f 4110/4110 4122/4122 4124/4124
f 4124/4124 4114/4114 4110/4110
f 4117/4117 4114/4114 4124/4124
f 4079/4079 4120/4120 4123/4123
f 4123/4123 4120/4120 4125/4125
f 4120/4120 4119/4119 4125/4125
f 3857/3857 3854/3854 4126/4126
f 4127/4127 4128/4128 4126/4126
f 2657/2657 4126/4126 2656/2656
f 4126/4126 2657/2657 3857/3857
f 2656/2656 4126/4126 4128/4128
f 4128/4128 3417/3417 2656/2656
f 4113/4113 3854/3854 4112/4112
f 3854/3854 4113/4113 4127/4127
f 4127/4127 4113/4113 4129/4129
f 4126/4126 3854/3854 4127/4127
f 4113/4113 4115/4115 4116/4116
f 4116/4116 4129/4129 4113/4113
f 4130/4130 4119/4119 4118/4118
f 4128/4128 3487/3487 3417/3417
f 4131/4131 3487/3487 4128/4128
f 4128/4128 4127/4127 4132/4132
f 4131/4131 4128/4128 4132/4132
f 4133/4133 4130/4130 4134/4134
f 4131/4131 3493/3493 3487/3487
f 4135/4135 3493/3493 4131/4131
f 4136/4136 4133/4133 3439/3439
f 3492/3492 4136/4136 3494/3494
f 3439/3439 3443/3443 4136/4136
f 3443/3443 3494/3494 4136/4136
f 4135/4135 4133/4133 4136/4136
f 4136/4136 3492/3492 4135/4135
f 4130/4130 4137/4137 4138/4138
f 4139/4139 4137/4137 4132/4132
f 4138/4138 4119/4119 4130/4130
f 4135/4135 4130/4130 4133/4133
f 4131/4131 4132/4132 4137/4137
f 4135/4135 4137/4137 4130/4130
f 4131/4131 4137/4137 4135/4135
f 4129/4129 4117/4117 4140/4140
f 4117/4117 4124/4124 4140/4140
f 4140/4140 4124/4124 4125/4125
f 4129/4129 4139/4139 4132/4132
f 4127/4127 4129/4129 4132/4132
f 4140/4140 4125/4125 4119/4119
f 4139/4139 4129/4129 4140/4140
f 4139/4139 4140/4140 4138/4138
f 4140/4140 4119/4119 4138/4138
f 4129/4129 4116/4116 4117/4117
f 4139/4139 4138/4138 4137/4137
f 4141/4141 4101/4101 4102/4102
f 4141/4141 4102/4102 4142/4142
f 4142/4142 4102/4102 3432/3432
f 4120/4120 4079/4079 4101/4101
f 4141/4141 4120/4120 4101/4101
f 3432/3432 3375/3375 3374/3374
f 3432/3432 4102/4102 3375/3375
f 4118/4118 4141/4141 4142/4142
f 4141/4141 4118/4118 4120/4120
f 4142/4142 3432/3432 4134/4134
f 4134/4134 3432/3432 3437/3437
f 4130/4130 4118/4118 4142/4142
f 4142/4142 4134/4134 4130/4130
f 3439/3439 4134/4134 3437/3437
f 4133/4133 4134/4134 3439/3439
f 3499/3499 2411/2411 3633/3633
f 3498/3498 3499/3499 2410/2410
f 3499/3499 3639/3639 2410/2410
f 3723/3723 3722/3722 3724/3724
f 3771/3771 3717/3717 3723/3723
f 3779/3779 3723/3723 3724/3724
f 3725/3725 3779/3779 3724/3724
f 3771/3771 3723/3723 3779/3779
f 3725/3725 3747/3747 3779/3779
f 3775/3775 3771/3771 3777/3777
f 3777/3777 3771/3771 3779/3779

